tile_name,kind,symbol_id,linkage_name,frame_count,png_width,png_height,origin_x_from_left_px,origin_y_from_top_px,candidate_unity_pivot_x,candidate_unity_pivot_y,dest_asset_path,notes
antichest,logic,,,0,0,0,0.0,0.0,0.0,0.0,,Pure logic tile in XML; used in TileSystem.getValidDropColumns to disallow chest drops.
big_shell,visual,573,big_shell,1,36,22,2.0,-10.0,0.05555555555555555,1.4545454545454546,Assets/Mutiny/Art/Tiles/Single/big_shell.png,
big_tree,visual,1489,big_tree,1,34,58,1.0,26.0,0.029411764705882353,0.5517241379310345,Assets/Mutiny/Art/Tiles/Single/big_tree.png,
blank_sand_middle_1,visual,1433,blank_sand_middle_1,1,32,32,0.0,0.0,0.0,1.0,Assets/Mutiny/Art/Tiles/Single/blank_sand_middle_1.png,
blank_sand_middle_2,visual,1430,blank_sand_middle_2,1,32,32,0.0,0.0,0.0,1.0,Assets/Mutiny/Art/Tiles/Single/blank_sand_middle_2.png,
blank_sand_top_left,visual,1436,blank_sand_top_left,1,32,32,0.0,0.0,0.0,1.0,Assets/Mutiny/Art/Tiles/Single/blank_sand_top_left.png,
blank_sand_top_right,visual,1439,blank_sand_top_right,1,32,32,0.0,0.0,0.0,1.0,Assets/Mutiny/Art/Tiles/Single/blank_sand_top_right.png,
boat_ripple_1,visual,741,boat_ripple_1,16,33,32,0.0,0.0,0.0,1.0,Assets/Mutiny/Art/Tiles/Animated/boat_ripple_1/,
boat_ripple_2,visual,707,boat_ripple_2,16,32,32,0.0,0.0,0.0,1.0,Assets/Mutiny/Art/Tiles/Animated/boat_ripple_2/,
boat_ripple_3,visual,724,boat_ripple_3,16,32,32,0.0,0.0,0.0,1.0,Assets/Mutiny/Art/Tiles/Animated/boat_ripple_3/,
boat_ripple_4,visual,1901,boat_ripple_4,16,33,32,0.0,0.0,0.0,1.0,Assets/Mutiny/Art/Tiles/Animated/boat_ripple_4/,
cannon_port_1,visual,468,cannon_port_1,1,32,32,0.0,0.0,0.0,1.0,Assets/Mutiny/Art/Tiles/Single/cannon_port_1.png,
cannon_port_2,visual,471,cannon_port_2,1,32,32,0.0,0.0,0.0,1.0,Assets/Mutiny/Art/Tiles/Single/cannon_port_2.png,
cannon_port_3,visual,474,cannon_port_3,1,32,32,0.0,0.0,0.0,1.0,Assets/Mutiny/Art/Tiles/Single/cannon_port_3.png,
cave_edge_bottom,visual,1510,cave_edge_bottom,1,32,27,0.0,0.0,0.0,1.0,Assets/Mutiny/Art/Tiles/Single/cave_edge_bottom.png,
cave_edge_left,visual,1516,cave_edge_left,1,32,32,0.0,0.0,0.0,1.0,Assets/Mutiny/Art/Tiles/Single/cave_edge_left.png,
cave_edge_right,visual,1519,cave_edge_right,1,30,32,0.0,0.0,0.0,1.0,Assets/Mutiny/Art/Tiles/Single/cave_edge_right.png,
cave_edge_top,visual,1513,cave_edge_top,1,32,26,0.0,-6.0,0.0,1.2307692307692308,Assets/Mutiny/Art/Tiles/Single/cave_edge_top.png,
cave_grass,visual,1459,cave_grass,1,32,32,0.0,0.0,0.0,1.0,Assets/Mutiny/Art/Tiles/Single/cave_grass.png,
cave_inside_corner_bottom_left,visual,1501,cave_inside_corner_bottom_left,1,32,32,0.0,0.0,0.0,1.0,Assets/Mutiny/Art/Tiles/Single/cave_inside_corner_bottom_left.png,
cave_inside_corner_bottom_right,visual,1495,cave_inside_corner_bottom_right,1,32,32,0.0,0.0,0.0,1.0,Assets/Mutiny/Art/Tiles/Single/cave_inside_corner_bottom_right.png,
cave_inside_corner_top_left,visual,1504,cave_inside_corner_top_left,1,32,32,0.0,0.0,0.0,1.0,Assets/Mutiny/Art/Tiles/Single/cave_inside_corner_top_left.png,
cave_inside_corner_top_right,visual,1507,cave_inside_corner_top_right,1,32,32,0.0,0.0,0.0,1.0,Assets/Mutiny/Art/Tiles/Single/cave_inside_corner_top_right.png,
cave_middle_1,visual,1379,cave_middle_1,1,32,32,0.0,0.0,0.0,1.0,Assets/Mutiny/Art/Tiles/Single/cave_middle_1.png,
cave_middle_2,visual,1376,cave_middle_2,1,32,32,0.0,0.0,0.0,1.0,Assets/Mutiny/Art/Tiles/Single/cave_middle_2.png,
cave_middle_3,visual,1373,cave_middle_3,1,32,32,0.0,0.0,0.0,1.0,Assets/Mutiny/Art/Tiles/Single/cave_middle_3.png,
cave_outside_corner_bottom_left,visual,1370,cave_outside_corner_bottom_left,1,27,26,-5.0,0.0,-0.18518518518518517,1.0,Assets/Mutiny/Art/Tiles/Single/cave_outside_corner_bottom_left.png,
cave_outside_corner_bottom_right,visual,1382,cave_outside_corner_bottom_right,1,28,26,0.0,0.0,0.0,1.0,Assets/Mutiny/Art/Tiles/Single/cave_outside_corner_bottom_right.png,
cave_outside_corner_top_left,visual,1498,cave_outside_corner_top_left,1,32,26,0.0,-6.0,0.0,1.2307692307692308,Assets/Mutiny/Art/Tiles/Single/cave_outside_corner_top_left.png,
cave_outside_corner_top_right,visual,1385,cave_outside_corner_top_right,1,27,26,0.0,-6.0,0.0,1.2307692307692308,Assets/Mutiny/Art/Tiles/Single/cave_outside_corner_top_right.png,
cave_rock_1,visual,1454,cave_rock_1,1,32,32,0.0,0.0,0.0,1.0,Assets/Mutiny/Art/Tiles/Single/cave_rock_1.png,
cave_rock_2,visual,1449,cave_rock_2,1,32,32,0.0,0.0,0.0,1.0,Assets/Mutiny/Art/Tiles/Single/cave_rock_2.png,
cave_rock_3,visual,1444,cave_rock_3,1,32,32,0.0,0.0,0.0,1.0,Assets/Mutiny/Art/Tiles/Single/cave_rock_3.png,
cave_torch,visual,1486,cave_torch,1,64,64,0.0,0.0,0.0,1.0,Assets/Mutiny/Art/Tiles/Single/cave_torch.png,
clam,visual,570,clam,1,32,37,0.0,5.0,0.0,0.8648648648648649,Assets/Mutiny/Art/Tiles/Single/clam.png,
crows_nest_1,visual,498,crows_nest_1,1,34,31,0.0,-1.0,0.0,1.032258064516129,Assets/Mutiny/Art/Tiles/Single/crows_nest_1.png,
crows_nest_2,visual,501,crows_nest_2,1,34,31,2.0,-1.0,0.058823529411764705,1.032258064516129,Assets/Mutiny/Art/Tiles/Single/crows_nest_2.png,
earth_bottom_left,visual,1552,earth_bottom_left,1,32,32,0.0,0.0,0.0,1.0,Assets/Mutiny/Art/Tiles/Single/earth_bottom_left.png,
earth_bottom_middle_2,visual,1364,earth_bottom_middle_2,1,32,32,0.0,0.0,0.0,1.0,Assets/Mutiny/Art/Tiles/Single/earth_bottom_middle_2.png,
earth_bottom_middle_3,visual,1361,earth_bottom_middle_3,1,32,32,0.0,0.0,0.0,1.0,Assets/Mutiny/Art/Tiles/Single/earth_bottom_middle_3.png,
earth_bottom_right,visual,1549,earth_bottom_right,1,32,32,0.0,0.0,0.0,1.0,Assets/Mutiny/Art/Tiles/Single/earth_bottom_right.png,
earth_bottom_single,visual,1367,earth_bottom_single,1,32,32,0.0,0.0,0.0,1.0,Assets/Mutiny/Art/Tiles/Single/earth_bottom_single.png,
earth_edge_left,visual,1540,earth_edge_left,1,32,32,0.0,0.0,0.0,1.0,Assets/Mutiny/Art/Tiles/Single/earth_edge_left.png,
earth_edge_middle_1,visual,1537,earth_edge_middle_1,1,32,32,0.0,0.0,0.0,1.0,Assets/Mutiny/Art/Tiles/Single/earth_edge_middle_1.png,
earth_edge_middle_2,visual,1534,earth_edge_middle_2,1,32,32,0.0,0.0,0.0,1.0,Assets/Mutiny/Art/Tiles/Single/earth_edge_middle_2.png,
earth_edge_right,visual,1543,earth_edge_right,1,32,32,0.0,0.0,0.0,1.0,Assets/Mutiny/Art/Tiles/Single/earth_edge_right.png,
earth_single_collum,visual,1415,earth_single_collum,1,32,32,0.0,0.0,0.0,1.0,Assets/Mutiny/Art/Tiles/Single/earth_single_collum.png,
eartyh_bottom_middle,visual,1546,eartyh_bottom_middle,1,32,32,0.0,0.0,0.0,1.0,Assets/Mutiny/Art/Tiles/Single/eartyh_bottom_middle.png,
grass,visual,1457,grass,1,18,14,-7.0,-18.0,-0.3888888888888889,2.2857142857142856,Assets/Mutiny/Art/Tiles/Single/grass.png,
grass_overlap_both,visual,1400,grass_overlap_both,1,32,32,0.0,0.0,0.0,1.0,Assets/Mutiny/Art/Tiles/Single/grass_overlap_both.png,
grass_overlap_left,visual,1403,grass_overlap_left,1,32,32,0.0,0.0,0.0,1.0,Assets/Mutiny/Art/Tiles/Single/grass_overlap_left.png,
grass_overlap_left_edge,visual,461,grass_overlap_left_edge,1,32,32,0.0,0.0,0.0,1.0,Assets/Mutiny/Art/Tiles/Single/grass_overlap_left_edge.png,
grass_overlap_right,visual,1406,grass_overlap_right,1,32,32,0.0,0.0,0.0,1.0,Assets/Mutiny/Art/Tiles/Single/grass_overlap_right.png,
grass_overlap_right_edge,visual,458,grass_overlap_right_edge,1,32,32,0.0,0.0,0.0,1.0,Assets/Mutiny/Art/Tiles/Single/grass_overlap_right_edge.png,
grass_row_left,visual,443,grass_row_left,1,34,32,0.0,0.0,0.0,1.0,Assets/Mutiny/Art/Tiles/Single/grass_row_left.png,
grass_row_middle,visual,446,grass_row_middle,1,32,32,0.0,0.0,0.0,1.0,Assets/Mutiny/Art/Tiles/Single/grass_row_middle.png,
grass_row_right,visual,449,grass_row_right,1,34,32,0.0,0.0,0.0,1.0,Assets/Mutiny/Art/Tiles/Single/grass_row_right.png,
grass_top_left,visual,1528,grass_top_left,1,34,32,2.0,0.0,0.058823529411764705,1.0,Assets/Mutiny/Art/Tiles/Single/grass_top_left.png,
grass_top_middle_1,visual,1525,grass_top_middle_1,1,32,32,0.0,0.0,0.0,1.0,Assets/Mutiny/Art/Tiles/Single/grass_top_middle_1.png,
grass_top_middle_2,visual,1522,grass_top_middle_2,1,32,32,0.0,0.0,0.0,1.0,Assets/Mutiny/Art/Tiles/Single/grass_top_middle_2.png,
grass_top_right,visual,1531,grass_top_right,1,34,32,0.0,0.0,0.0,1.0,Assets/Mutiny/Art/Tiles/Single/grass_top_right.png,
grass_top_single,visual,1394,grass_top_single,1,36,32,2.0,0.0,0.05555555555555555,1.0,Assets/Mutiny/Art/Tiles/Single/grass_top_single.png,
mast_bottom,visual,510,mast_bottom,1,16,32,-24.0,0.0,-1.5,1.0,Assets/Mutiny/Art/Tiles/Single/mast_bottom.png,
mast_end_left,visual,486,mast_end_left,1,32,33,0.0,1.0,0.0,0.9696969696969697,Assets/Mutiny/Art/Tiles/Single/mast_end_left.png,
mast_end_right,visual,483,mast_end_right,1,32,33,0.0,1.0,0.0,0.9696969696969697,Assets/Mutiny/Art/Tiles/Single/mast_end_right.png,
mast_middle,visual,507,mast_middle,1,16,32,-24.0,0.0,-1.5,1.0,Assets/Mutiny/Art/Tiles/Single/mast_middle.png,
mast_middle_1,visual,492,mast_middle_1,1,32,33,0.0,1.0,0.0,0.9696969696969697,Assets/Mutiny/Art/Tiles/Single/mast_middle_1.png,
mast_middle_2,visual,495,mast_middle_2,1,32,33,0.0,1.0,0.0,0.9696969696969697,Assets/Mutiny/Art/Tiles/Single/mast_middle_2.png,
mast_tile,visual,489,mast_tile,1,32,33,0.0,1.0,0.0,0.9696969696969697,Assets/Mutiny/Art/Tiles/Single/mast_tile.png,
mast_top,visual,504,mast_top,1,16,32,-24.0,0.0,-1.5,1.0,Assets/Mutiny/Art/Tiles/Single/mast_top.png,
rock_1,visual,1452,rock_1,1,25,20,-3.0,-12.0,-0.12,1.6,Assets/Mutiny/Art/Tiles/Single/rock_1.png,
rock_2,visual,1447,rock_2,1,28,13,-2.0,-19.0,-0.07142857142857142,2.4615384615384617,Assets/Mutiny/Art/Tiles/Single/rock_2.png,
rock_3,visual,1442,rock_3,1,29,16,-1.0,-16.0,-0.034482758620689655,2.0,Assets/Mutiny/Art/Tiles/Single/rock_3.png,
sand_overlap_left,visual,1409,sand_overlap_left,1,32,32,0.0,0.0,0.0,1.0,Assets/Mutiny/Art/Tiles/Single/sand_overlap_left.png,
sand_overlap_right,visual,1412,sand_overlap_right,1,32,32,0.0,0.0,0.0,1.0,Assets/Mutiny/Art/Tiles/Single/sand_overlap_right.png,
shell_sand_middle_1,visual,1424,shell_sand_middle_1,1,32,32,0.0,0.0,0.0,1.0,Assets/Mutiny/Art/Tiles/Single/shell_sand_middle_1.png,
shell_sand_middle_2,visual,1421,shell_sand_middle_2,1,32,32,0.0,0.0,0.0,1.0,Assets/Mutiny/Art/Tiles/Single/shell_sand_middle_2.png,
shell_sand_top_left,visual,1418,shell_sand_top_left,1,32,32,0.0,0.0,0.0,1.0,Assets/Mutiny/Art/Tiles/Single/shell_sand_top_left.png,
shell_sand_top_right,visual,1427,shell_sand_top_right,1,32,32,0.0,0.0,0.0,1.0,Assets/Mutiny/Art/Tiles/Single/shell_sand_top_right.png,
ship_anchor_1,visual,522,ship_anchor_1,1,43,32,11.0,0.0,0.2558139534883721,1.0,Assets/Mutiny/Art/Tiles/Single/ship_anchor_1.png,
ship_anchor_2,visual,525,ship_anchor_2,1,32,32,0.0,0.0,0.0,1.0,Assets/Mutiny/Art/Tiles/Single/ship_anchor_2.png,
ship_anchor_3,visual,528,ship_anchor_3,1,43,32,0.0,0.0,0.0,1.0,Assets/Mutiny/Art/Tiles/Single/ship_anchor_3.png,
ship_anchor_4,visual,531,Ship_anchor_4,1,32,32,0.0,0.0,0.0,1.0,Assets/Mutiny/Art/Tiles/Single/ship_anchor_4.png,Case difference between XML (ship_anchor_4) and SWF linkage (Ship_anchor_4).
ship_end_1,visual,513,ship_end_1,1,32,32,0.0,0.0,0.0,1.0,Assets/Mutiny/Art/Tiles/Single/ship_end_1.png,
ship_end_2,visual,516,ship_end_2,1,32,32,0.0,0.0,0.0,1.0,Assets/Mutiny/Art/Tiles/Single/ship_end_2.png,
ship_end_3,visual,519,ship_end_3,1,32,32,0.0,0.0,0.0,1.0,Assets/Mutiny/Art/Tiles/Single/ship_end_3.png,
ship_left_facing_1,visual,558,ship_left_facing_1,1,32,32,0.0,0.0,0.0,1.0,Assets/Mutiny/Art/Tiles/Single/ship_left_facing_1.png,
ship_left_facing_2,visual,561,ship_left_facing_2,1,32,32,0.0,0.0,0.0,1.0,Assets/Mutiny/Art/Tiles/Single/ship_left_facing_2.png,
ship_left_facing_3,visual,564,ship_left_facing_3,1,32,32,0.0,0.0,0.0,1.0,Assets/Mutiny/Art/Tiles/Single/ship_left_facing_3.png,
ship_left_facing_5,visual,576,ship_left_facing_5,1,36,32,0.0,0.0,0.0,1.0,Assets/Mutiny/Art/Tiles/Single/ship_left_facing_5.png,
ship_left_side_shaded_4,visual,567,ship_left_side_shaded_4,1,32,32,0.0,0.0,0.0,1.0,Assets/Mutiny/Art/Tiles/Single/ship_left_side_shaded_4.png,
ship_right_facing_1,visual,534,ship_right_facing_1,1,36,32,4.0,0.0,0.1111111111111111,1.0,Assets/Mutiny/Art/Tiles/Single/ship_right_facing_1.png,
ship_right_facing_2,visual,537,ship_right_facing_2,1,32,32,0.0,0.0,0.0,1.0,Assets/Mutiny/Art/Tiles/Single/ship_right_facing_2.png,
ship_right_facing_3,visual,540,ship_right_facing_3,1,32,32,0.0,0.0,0.0,1.0,Assets/Mutiny/Art/Tiles/Single/ship_right_facing_3.png,
ship_right_facing_3_1,visual,543,ship_right_facing_3_1,1,32,32,0.0,0.0,0.0,1.0,Assets/Mutiny/Art/Tiles/Single/ship_right_facing_3_1.png,
ship_right_facing_4,visual,546,ship_right_facing_4,1,32,32,0.0,0.0,0.0,1.0,Assets/Mutiny/Art/Tiles/Single/ship_right_facing_4.png,
ship_right_facing_4_1,visual,549,ship_right_facing_4_1,1,32,32,0.0,0.0,0.0,1.0,Assets/Mutiny/Art/Tiles/Single/ship_right_facing_4_1.png,
ship_right_side_shaded_2,visual,480,ship_right_side_shaded_2,1,32,32,0.0,0.0,0.0,1.0,Assets/Mutiny/Art/Tiles/Single/ship_right_side_shaded_2.png,
ship_tile_1,visual,552,ship_tile_1,1,32,32,0.0,0.0,0.0,1.0,Assets/Mutiny/Art/Tiles/Single/ship_tile_1.png,
ship_tile_2,visual,555,ship_tile_2,1,32,32,0.0,0.0,0.0,1.0,Assets/Mutiny/Art/Tiles/Single/ship_tile_2.png,
ship_top_middle,visual,477,ship_top_middle,1,32,32,0.0,0.0,0.0,1.0,Assets/Mutiny/Art/Tiles/Single/ship_top_middle.png,
single_grass_1,visual,1558,single_grass_1,1,36,32,0.0,0.0,0.0,1.0,Assets/Mutiny/Art/Tiles/Single/single_grass_1.png,
single_grass_2,visual,1555,single_grass_2,1,36,32,0.0,0.0,0.0,1.0,Assets/Mutiny/Art/Tiles/Single/single_grass_2.png,
small_tree,visual,1492,small_tree,1,31,40,0.0,8.0,0.0,0.8,Assets/Mutiny/Art/Tiles/Single/small_tree.png,
tile_ripple_left,visual,1592,tile_ripple_left,16,34,32,0.0,0.0,0.0,1.0,Assets/Mutiny/Art/Tiles/Animated/tile_ripple_left/,
tile_ripple_middle,visual,1609,tile_ripple_middle,16,32,32,0.0,0.0,0.0,1.0,Assets/Mutiny/Art/Tiles/Animated/tile_ripple_middle/,
tile_ripple_right,visual,1575,tile_ripple_right,16,34,32,0.0,0.0,0.0,1.0,Assets/Mutiny/Art/Tiles/Animated/tile_ripple_right/,
