"type","frame","width","height","opaque_pixels","colors","gold_pixels","silver_pixels","head_dark_fraction","bounds","sha256"
"RobotCaptain","1","32","36","473","14","123","42","0.5329512893982808","4,6,27,31","1faccd6588db2c5902da7513a45280f5f37dee7d7ce39a19f805299d5d1e030f"
"RobotCaptain","2","32","36","473","14","123","42","0.5329512893982808","4,6,27,31","1faccd6588db2c5902da7513a45280f5f37dee7d7ce39a19f805299d5d1e030f"
"RobotCaptain","3","32","36","473","14","123","42","0.5329512893982808","4,6,27,31","1faccd6588db2c5902da7513a45280f5f37dee7d7ce39a19f805299d5d1e030f"
"RobotCaptain","4","32","36","435","16","120","36","0.5128205128205128","4,8,27,31","d4e00a81a95bf66742d816a4fd58427589ea3dc1cbd013b262479120cc76416a"
"RobotCaptain","5","32","36","435","16","120","36","0.5128205128205128","4,8,27,31","d4e00a81a95bf66742d816a4fd58427589ea3dc1cbd013b262479120cc76416a"
"RobotCaptain","6","32","36","435","16","120","36","0.5128205128205128","4,8,27,31","d4e00a81a95bf66742d816a4fd58427589ea3dc1cbd013b262479120cc76416a"
"RobotCaptain","7","32","36","473","14","123","42","0.5329512893982808","4,6,27,31","1faccd6588db2c5902da7513a45280f5f37dee7d7ce39a19f805299d5d1e030f"
"RobotCaptain","8","32","36","473","14","123","42","0.5329512893982808","4,6,27,31","1faccd6588db2c5902da7513a45280f5f37dee7d7ce39a19f805299d5d1e030f"
"RobotCaptain","9","32","36","473","14","123","42","0.5329512893982808","4,6,27,31","1faccd6588db2c5902da7513a45280f5f37dee7d7ce39a19f805299d5d1e030f"
"RobotCaptain","10","32","36","493","14","128","30","0.4985835694050991","4,5,28,31","ce051eb7b4360c425e2fd532c0f92d3c36ea6f15d7ecc72acfd5fb275f8d5e33"
"RobotCaptain","11","32","36","493","14","128","30","0.4985835694050991","4,5,28,31","ce051eb7b4360c425e2fd532c0f92d3c36ea6f15d7ecc72acfd5fb275f8d5e33"
"RobotCaptain","12","32","36","493","14","128","30","0.4985835694050991","4,5,28,31","ce051eb7b4360c425e2fd532c0f92d3c36ea6f15d7ecc72acfd5fb275f8d5e33"
"RobotCaptain","13","32","36","0","0","0","0","0","empty separator","e0dec503d78552b15cb73941ed2169564b56f81d01b234c5bf035b44e785473e"
"RobotCaptain","14","32","36","0","0","0","0","0","empty separator","e0dec503d78552b15cb73941ed2169564b56f81d01b234c5bf035b44e785473e"
"RobotCaptain","15","32","36","487","16","113","47","0.5439560439560439","3,6,28,31","e7af8cbedc448f54d39e612b3a0f3910a5aa40aa9c95747c605709f10b5c4a4f"
"RobotCaptain","16","32","36","487","16","113","47","0.5439560439560439","3,6,28,31","e7af8cbedc448f54d39e612b3a0f3910a5aa40aa9c95747c605709f10b5c4a4f"
"RobotCaptain","17","32","36","487","16","113","47","0.5439560439560439","3,6,28,31","e7af8cbedc448f54d39e612b3a0f3910a5aa40aa9c95747c605709f10b5c4a4f"
"RobotCaptain","18","32","36","487","16","113","47","0.5439560439560439","3,6,28,31","e7af8cbedc448f54d39e612b3a0f3910a5aa40aa9c95747c605709f10b5c4a4f"
"RobotCaptain","19","32","36","487","16","113","47","0.5439560439560439","3,6,28,31","e7af8cbedc448f54d39e612b3a0f3910a5aa40aa9c95747c605709f10b5c4a4f"
"RobotCaptain","20","32","36","487","16","113","47","0.5439560439560439","3,6,28,31","e7af8cbedc448f54d39e612b3a0f3910a5aa40aa9c95747c605709f10b5c4a4f"
"RobotCaptain","21","32","36","469","16","115","42","0.5106382978723404","4,7,28,31","a995398ffa1f361bddd220e36a9506f9827dcc2fb2ea87f7b8bf8a8541283dbe"
"RobotCaptain","22","32","36","469","16","115","42","0.5106382978723404","4,7,28,31","a995398ffa1f361bddd220e36a9506f9827dcc2fb2ea87f7b8bf8a8541283dbe"
"RobotCaptain","23","32","36","469","16","115","42","0.5106382978723404","4,7,28,31","a995398ffa1f361bddd220e36a9506f9827dcc2fb2ea87f7b8bf8a8541283dbe"
"RobotCaptain","24","32","36","469","16","115","42","0.5106382978723404","4,7,28,31","a995398ffa1f361bddd220e36a9506f9827dcc2fb2ea87f7b8bf8a8541283dbe"
"RobotCaptain","25","32","36","469","16","115","42","0.5106382978723404","4,7,28,31","a995398ffa1f361bddd220e36a9506f9827dcc2fb2ea87f7b8bf8a8541283dbe"
"RobotCaptain","26","32","36","452","15","110","34","0.513677811550152","4,7,27,31","797ad734627a0044214d1e3cd21af50c6ccf3bb72f6aa6b8ecf05d3a18521dbb"
"RobotCaptain","27","32","36","452","15","110","34","0.513677811550152","4,7,27,31","797ad734627a0044214d1e3cd21af50c6ccf3bb72f6aa6b8ecf05d3a18521dbb"
"RobotCaptain","28","32","36","452","15","110","34","0.513677811550152","4,7,27,31","797ad734627a0044214d1e3cd21af50c6ccf3bb72f6aa6b8ecf05d3a18521dbb"
"RobotCaptain","29","32","36","452","15","110","34","0.513677811550152","4,7,27,31","797ad734627a0044214d1e3cd21af50c6ccf3bb72f6aa6b8ecf05d3a18521dbb"
"RobotCaptain","30","32","36","452","15","110","34","0.513677811550152","4,7,27,31","797ad734627a0044214d1e3cd21af50c6ccf3bb72f6aa6b8ecf05d3a18521dbb"
"RobotCaptain","31","32","36","473","14","123","42","0.5329512893982808","4,6,27,31","1faccd6588db2c5902da7513a45280f5f37dee7d7ce39a19f805299d5d1e030f"
"RobotCaptain","32","32","36","473","14","123","42","0.5329512893982808","4,6,27,31","1faccd6588db2c5902da7513a45280f5f37dee7d7ce39a19f805299d5d1e030f"
"RobotCaptain","33","32","36","473","14","123","42","0.5329512893982808","4,6,27,31","1faccd6588db2c5902da7513a45280f5f37dee7d7ce39a19f805299d5d1e030f"
"RobotCaptain","34","32","36","473","14","123","42","0.5329512893982808","4,6,27,31","1faccd6588db2c5902da7513a45280f5f37dee7d7ce39a19f805299d5d1e030f"
"RobotCaptain","35","32","36","473","14","123","42","0.5329512893982808","4,6,27,31","1faccd6588db2c5902da7513a45280f5f37dee7d7ce39a19f805299d5d1e030f"
"Robot","1","32","36","385","9","0","141","0.42700729927007297","6,8,26,31","68bfe011cbe83c8f3683a912687a90aa880d07081c5eda171e0f1397c01c441d"
"Robot","2","32","36","385","9","0","141","0.42700729927007297","6,8,26,31","68bfe011cbe83c8f3683a912687a90aa880d07081c5eda171e0f1397c01c441d"
"Robot","3","32","36","385","9","0","141","0.42700729927007297","6,8,26,31","68bfe011cbe83c8f3683a912687a90aa880d07081c5eda171e0f1397c01c441d"
"Robot","4","32","36","374","9","0","148","0.4014336917562724","5,9,26,31","a43523ae722d24c1eed8705ed3261b0f867f04df95e4bfe7aeb9c5d2cbfce6dc"
"Robot","5","32","36","374","9","0","148","0.4014336917562724","5,9,26,31","a43523ae722d24c1eed8705ed3261b0f867f04df95e4bfe7aeb9c5d2cbfce6dc"
"Robot","6","32","36","374","9","0","148","0.4014336917562724","5,9,26,31","a43523ae722d24c1eed8705ed3261b0f867f04df95e4bfe7aeb9c5d2cbfce6dc"
"Robot","7","32","36","385","9","0","141","0.42700729927007297","6,8,26,31","68bfe011cbe83c8f3683a912687a90aa880d07081c5eda171e0f1397c01c441d"
"Robot","8","32","36","385","9","0","141","0.42700729927007297","6,8,26,31","68bfe011cbe83c8f3683a912687a90aa880d07081c5eda171e0f1397c01c441d"
"Robot","9","32","36","385","9","0","141","0.42700729927007297","6,8,26,31","68bfe011cbe83c8f3683a912687a90aa880d07081c5eda171e0f1397c01c441d"
"Robot","10","32","36","396","9","0","164","0.39792387543252594","5,6,26,31","679fb22c60eeeed564ccee80698d73c2dfa3aabcaba619e5247b35729d62b7c1"
"Robot","11","32","36","396","9","0","164","0.39792387543252594","5,6,26,31","679fb22c60eeeed564ccee80698d73c2dfa3aabcaba619e5247b35729d62b7c1"
"Robot","12","32","36","396","9","0","164","0.39792387543252594","5,6,26,31","679fb22c60eeeed564ccee80698d73c2dfa3aabcaba619e5247b35729d62b7c1"
"Robot","13","32","36","0","0","0","0","0","empty separator","e0dec503d78552b15cb73941ed2169564b56f81d01b234c5bf035b44e785473e"
"Robot","14","32","36","0","0","0","0","0","empty separator","e0dec503d78552b15cb73941ed2169564b56f81d01b234c5bf035b44e785473e"
"Robot","15","32","36","387","9","0","127","0.43911439114391143","4,8,25,31","a3a7cb43540214912e7a8a7fee8fe21f7032c8f64c218e75bfab424ead2fcc8b"
"Robot","16","32","36","387","9","0","127","0.43911439114391143","4,8,25,31","a3a7cb43540214912e7a8a7fee8fe21f7032c8f64c218e75bfab424ead2fcc8b"
"Robot","17","32","36","387","9","0","127","0.43911439114391143","4,8,25,31","a3a7cb43540214912e7a8a7fee8fe21f7032c8f64c218e75bfab424ead2fcc8b"
"Robot","18","32","36","387","9","0","127","0.43911439114391143","4,8,25,31","a3a7cb43540214912e7a8a7fee8fe21f7032c8f64c218e75bfab424ead2fcc8b"
"Robot","19","32","36","387","9","0","127","0.43911439114391143","4,8,25,31","a3a7cb43540214912e7a8a7fee8fe21f7032c8f64c218e75bfab424ead2fcc8b"
"Robot","20","32","36","387","9","0","127","0.43911439114391143","4,8,25,31","a3a7cb43540214912e7a8a7fee8fe21f7032c8f64c218e75bfab424ead2fcc8b"
"Robot","21","32","36","378","9","0","136","0.43795620437956206","5,9,26,31","6ce8dd0614f74dc89081b1120fa74be469a2b9e6ad7aedb681e0702978265c00"
"Robot","22","32","36","378","9","0","136","0.43795620437956206","5,9,26,31","6ce8dd0614f74dc89081b1120fa74be469a2b9e6ad7aedb681e0702978265c00"
"Robot","23","32","36","378","9","0","136","0.43795620437956206","5,9,26,31","6ce8dd0614f74dc89081b1120fa74be469a2b9e6ad7aedb681e0702978265c00"
"Robot","24","32","36","378","9","0","136","0.43795620437956206","5,9,26,31","6ce8dd0614f74dc89081b1120fa74be469a2b9e6ad7aedb681e0702978265c00"
"Robot","25","32","36","378","9","0","136","0.43795620437956206","5,9,26,31","6ce8dd0614f74dc89081b1120fa74be469a2b9e6ad7aedb681e0702978265c00"
"Robot","26","32","36","385","9","0","148","0.41454545454545455","5,8,26,31","8c8caff0c2b7377013ae5f60fa30c4bdc53e1474deb6a38ea158ceb1f10c474a"
"Robot","27","32","36","385","9","0","148","0.41454545454545455","5,8,26,31","8c8caff0c2b7377013ae5f60fa30c4bdc53e1474deb6a38ea158ceb1f10c474a"
"Robot","28","32","36","385","9","0","148","0.41454545454545455","5,8,26,31","8c8caff0c2b7377013ae5f60fa30c4bdc53e1474deb6a38ea158ceb1f10c474a"
"Robot","29","32","36","385","9","0","148","0.41454545454545455","5,8,26,31","8c8caff0c2b7377013ae5f60fa30c4bdc53e1474deb6a38ea158ceb1f10c474a"
"Robot","30","32","36","385","9","0","148","0.41454545454545455","5,8,26,31","8c8caff0c2b7377013ae5f60fa30c4bdc53e1474deb6a38ea158ceb1f10c474a"
"Robot","31","32","36","385","9","0","141","0.42700729927007297","6,8,26,31","68bfe011cbe83c8f3683a912687a90aa880d07081c5eda171e0f1397c01c441d"
"Robot","32","32","36","385","9","0","141","0.42700729927007297","6,8,26,31","68bfe011cbe83c8f3683a912687a90aa880d07081c5eda171e0f1397c01c441d"
"Robot","33","32","36","385","9","0","141","0.42700729927007297","6,8,26,31","68bfe011cbe83c8f3683a912687a90aa880d07081c5eda171e0f1397c01c441d"
"Robot","34","32","36","385","9","0","141","0.42700729927007297","6,8,26,31","68bfe011cbe83c8f3683a912687a90aa880d07081c5eda171e0f1397c01c441d"
"Robot","35","32","36","385","9","0","141","0.42700729927007297","6,8,26,31","68bfe011cbe83c8f3683a912687a90aa880d07081c5eda171e0f1397c01c441d"
