class,package,extends,source,line
DangleFont,,mx.core.UIComponent,__Packages/DangleFont.as,3
NitromeGame,,,__Packages/NitromeGame.as,3
PirateFont,,mx.core.UIComponent,__Packages/PirateFont.as,3
com.nitrome.buttons.BackButton,com.nitrome.buttons,com.nitrome.buttons.SimpleButton,__Packages/com/nitrome/buttons/BackButton.as,3
com.nitrome.buttons.CongratulationsButton,com.nitrome.buttons,com.nitrome.buttons.SimpleButton,__Packages/com/nitrome/buttons/CongratulationsButton.as,3
com.nitrome.buttons.ContinueGameButton,com.nitrome.buttons,com.nitrome.buttons.SimpleButton,__Packages/com/nitrome/buttons/ContinueGameButton.as,3
com.nitrome.buttons.CreditsButton,com.nitrome.buttons,com.nitrome.buttons.SimpleButton,__Packages/com/nitrome/buttons/CreditsButton.as,3
com.nitrome.buttons.HelpButton,com.nitrome.buttons,com.nitrome.buttons.SimpleButton,__Packages/com/nitrome/buttons/HelpButton.as,3
com.nitrome.buttons.LevelSelect2p,com.nitrome.buttons,MovieClip,__Packages/com/nitrome/buttons/LevelSelect2p.as,3
com.nitrome.buttons.LevelSelectButton,com.nitrome.buttons,MovieClip,__Packages/com/nitrome/buttons/LevelSelectButton.as,3
com.nitrome.buttons.NextLevelButton,com.nitrome.buttons,com.nitrome.buttons.SimpleButton,__Packages/com/nitrome/buttons/NextLevelButton.as,3
com.nitrome.buttons.OnePlayerButton,com.nitrome.buttons,com.nitrome.buttons.SimpleButton,__Packages/com/nitrome/buttons/OnePlayerButton.as,3
com.nitrome.buttons.PlayButton,com.nitrome.buttons,com.nitrome.buttons.SimpleButton,__Packages/com/nitrome/buttons/PlayButton.as,3
com.nitrome.buttons.QuitGameButton,com.nitrome.buttons,com.nitrome.buttons.SimpleButton,__Packages/com/nitrome/buttons/QuitGameButton.as,3
com.nitrome.buttons.RestartLevelButton,com.nitrome.buttons,com.nitrome.buttons.SimpleButton,__Packages/com/nitrome/buttons/RestartLevelButton.as,3
com.nitrome.buttons.ScoresButton,com.nitrome.buttons,com.nitrome.buttons.SimpleButton,__Packages/com/nitrome/buttons/ScoresButton.as,3
com.nitrome.buttons.SimpleButton,com.nitrome.buttons,MovieClip,__Packages/com/nitrome/buttons/SimpleButton.as,3
com.nitrome.buttons.SubmitScoreButton,com.nitrome.buttons,com.nitrome.buttons.SimpleButton,__Packages/com/nitrome/buttons/SubmitScoreButton.as,3
com.nitrome.buttons.TwoPlayerButton,com.nitrome.buttons,com.nitrome.buttons.SimpleButton,__Packages/com/nitrome/buttons/TwoPlayerButton.as,3
com.nitrome.game.CancelPlayerButton,com.nitrome.game,com.nitrome.game.SimpleButton,__Packages/com/nitrome/game/CancelPlayerButton.as,3
com.nitrome.game.CancelWeaponButton,com.nitrome.game,com.nitrome.game.SimpleButton,__Packages/com/nitrome/game/CancelWeaponButton.as,3
com.nitrome.game.CornerQuitButton,com.nitrome.game,com.nitrome.buttons.SimpleButton,__Packages/com/nitrome/game/CornerQuitButton.as,3
com.nitrome.game.FxToggle,com.nitrome.game,MovieClip,__Packages/com/nitrome/game/FxToggle.as,3
com.nitrome.game.IngamePopup,com.nitrome.game,MovieClip,__Packages/com/nitrome/game/IngamePopup.as,3
com.nitrome.game.IngameTextArea,com.nitrome.game,MovieClip,__Packages/com/nitrome/game/IngameTextArea.as,3
com.nitrome.game.MusicController,com.nitrome.game,MovieClip,__Packages/com/nitrome/game/MusicController.as,3
com.nitrome.game.MusicToggle,com.nitrome.game,MovieClip,__Packages/com/nitrome/game/MusicToggle.as,3
com.nitrome.game.Preloader,com.nitrome.game,MovieClip,__Packages/com/nitrome/game/Preloader.as,3
com.nitrome.game.SfxManager,com.nitrome.game,MovieClip,__Packages/com/nitrome/game/SfxManager.as,3
com.nitrome.game.SimpleButton,com.nitrome.game,MovieClip,__Packages/com/nitrome/game/SimpleButton.as,3
com.nitrome.game.TransitionTween,com.nitrome.game,MovieClip,__Packages/com/nitrome/game/TransitionTween.as,3
com.nitrome.game.WeaponSelectButton,com.nitrome.game,com.nitrome.game.SimpleButton,__Packages/com/nitrome/game/WeaponSelectButton.as,3
com.nitrome.game.WeaponSelectPanel,com.nitrome.game,MovieClip,__Packages/com/nitrome/game/WeaponSelectPanel.as,3
com.nitrome.highscore.ArrowButton,com.nitrome.highscore,MovieClip,__Packages/com/nitrome/highscore/ArrowButton.as,3
com.nitrome.highscore.ClearButton,com.nitrome.highscore,com.nitrome.buttons.SimpleButton,__Packages/com/nitrome/highscore/ClearButton.as,3
com.nitrome.highscore.HiscoreBoard,com.nitrome.highscore,MovieClip,__Packages/com/nitrome/highscore/HiscoreBoard.as,3
com.nitrome.highscore.HiscoreLine,com.nitrome.highscore,MovieClip,__Packages/com/nitrome/highscore/HiscoreLine.as,3
com.nitrome.highscore.LetterButton,com.nitrome.highscore,MovieClip,__Packages/com/nitrome/highscore/LetterButton.as,3
com.nitrome.highscore.ScoreSubmitPanel,com.nitrome.highscore,MovieClip,__Packages/com/nitrome/highscore/ScoreSubmitPanel.as,3
com.nitrome.highscore.SubmitButton,com.nitrome.highscore,MovieClip,__Packages/com/nitrome/highscore/SubmitButton.as,3
com.nitrome.pirate.MenuBackgroundAnim,com.nitrome.pirate,MovieClip,__Packages/com/nitrome/pirate/MenuBackgroundAnim.as,3
com.nitrome.throwgame.Anchor,com.nitrome.throwgame,com.nitrome.throwgame.Weapon,__Packages/com/nitrome/throwgame/Anchor.as,3
com.nitrome.throwgame.Banana,com.nitrome.throwgame,com.nitrome.throwgame.Weapon,__Packages/com/nitrome/throwgame/Banana.as,3
com.nitrome.throwgame.Boulder,com.nitrome.throwgame,com.nitrome.throwgame.Weapon,__Packages/com/nitrome/throwgame/Boulder.as,3
com.nitrome.throwgame.BoxWeapon,com.nitrome.throwgame,com.nitrome.throwgame.Weapon,__Packages/com/nitrome/throwgame/BoxWeapon.as,3
com.nitrome.throwgame.Cannon,com.nitrome.throwgame,com.nitrome.throwgame.Weapon,__Packages/com/nitrome/throwgame/Cannon.as,3
com.nitrome.throwgame.Cannonball,com.nitrome.throwgame,com.nitrome.throwgame.Weapon,__Packages/com/nitrome/throwgame/Cannonball.as,3
com.nitrome.throwgame.Character,com.nitrome.throwgame,com.nitrome.throwgame.Solid,__Packages/com/nitrome/throwgame/Character.as,3
com.nitrome.throwgame.CherryBomb,com.nitrome.throwgame,com.nitrome.throwgame.Weapon,__Packages/com/nitrome/throwgame/CherryBomb.as,3
com.nitrome.throwgame.Controller,com.nitrome.throwgame,,__Packages/com/nitrome/throwgame/Controller.as,3
com.nitrome.throwgame.Debris,com.nitrome.throwgame,com.nitrome.util.Clip,__Packages/com/nitrome/throwgame/Debris.as,3
com.nitrome.throwgame.Dynamite,com.nitrome.throwgame,com.nitrome.throwgame.Weapon,__Packages/com/nitrome/throwgame/Dynamite.as,3
com.nitrome.throwgame.Explosion,com.nitrome.throwgame,com.nitrome.util.Clip,__Packages/com/nitrome/throwgame/Explosion.as,3
com.nitrome.throwgame.GunpowderBarrel,com.nitrome.throwgame,com.nitrome.throwgame.BoxWeapon,__Packages/com/nitrome/throwgame/GunpowderBarrel.as,3
com.nitrome.throwgame.Map,com.nitrome.throwgame,com.nitrome.util.Clip,__Packages/com/nitrome/throwgame/Map.as,3
com.nitrome.throwgame.Mine,com.nitrome.throwgame,com.nitrome.throwgame.Weapon,__Packages/com/nitrome/throwgame/Mine.as,3
com.nitrome.throwgame.ParachuteBomb,com.nitrome.throwgame,com.nitrome.throwgame.Weapon,__Packages/com/nitrome/throwgame/ParachuteBomb.as,3
com.nitrome.throwgame.PiecesOfEight,com.nitrome.throwgame,com.nitrome.throwgame.Weapon,__Packages/com/nitrome/throwgame/PiecesOfEight.as,3
com.nitrome.throwgame.RumBottle,com.nitrome.throwgame,com.nitrome.throwgame.Weapon,__Packages/com/nitrome/throwgame/RumBottle.as,3
com.nitrome.throwgame.Seagull,com.nitrome.throwgame,com.nitrome.throwgame.Weapon,__Packages/com/nitrome/throwgame/Seagull.as,3
com.nitrome.throwgame.Solid,com.nitrome.throwgame,com.nitrome.util.Clip,__Packages/com/nitrome/throwgame/Solid.as,3
com.nitrome.throwgame.SpeechBubble,com.nitrome.throwgame,com.nitrome.util.Clip,__Packages/com/nitrome/throwgame/SpeechBubble.as,3
com.nitrome.throwgame.SweepingFlame,com.nitrome.throwgame,com.nitrome.util.Clip,__Packages/com/nitrome/throwgame/SweepingFlame.as,3
com.nitrome.throwgame.Team,com.nitrome.throwgame,,__Packages/com/nitrome/throwgame/Team.as,3
com.nitrome.throwgame.TidalWave,com.nitrome.throwgame,com.nitrome.throwgame.Weapon,__Packages/com/nitrome/throwgame/TidalWave.as,3
com.nitrome.throwgame.Tile,com.nitrome.throwgame,com.nitrome.util.Clip,__Packages/com/nitrome/throwgame/Tile.as,3
com.nitrome.throwgame.TileSystem,com.nitrome.throwgame,,__Packages/com/nitrome/throwgame/TileSystem.as,3
com.nitrome.throwgame.TreasureChest,com.nitrome.throwgame,com.nitrome.util.Clip,__Packages/com/nitrome/throwgame/TreasureChest.as,3
com.nitrome.throwgame.VoodooDoll,com.nitrome.throwgame,com.nitrome.throwgame.Weapon,__Packages/com/nitrome/throwgame/VoodooDoll.as,3
com.nitrome.throwgame.Water,com.nitrome.throwgame,com.nitrome.util.Clip,__Packages/com/nitrome/throwgame/Water.as,3
com.nitrome.throwgame.Weapon,com.nitrome.throwgame,com.nitrome.throwgame.Solid,__Packages/com/nitrome/throwgame/Weapon.as,3
com.nitrome.throwgame.WoodenCrate,com.nitrome.throwgame,com.nitrome.throwgame.BoxWeapon,__Packages/com/nitrome/throwgame/WoodenCrate.as,3
com.nitrome.util.Clip,com.nitrome.util,,__Packages/com/nitrome/util/Clip.as,3
com.nitrome.util.CustomCursor,com.nitrome.util,MovieClip,__Packages/com/nitrome/util/CustomCursor.as,3
com.nitrome.util.Global,com.nitrome.util,,__Packages/com/nitrome/util/Global.as,3
com.nitrome.util.Lock,com.nitrome.util,MovieClip,__Packages/com/nitrome/util/Lock.as,3
com.nitrome.util.MD5,com.nitrome.util,,__Packages/com/nitrome/util/MD5.as,3
com.nitrome.util.Trig,com.nitrome.util,,__Packages/com/nitrome/util/Trig.as,3
com.senocular.drawing.DashedLine,com.senocular.drawing,,__Packages/com/senocular/drawing/DashedLine.as,3
mx.controls.SimpleButton,mx.controls,mx.core.UIComponent,__Packages/mx/controls/SimpleButton.as,3
mx.core.UIComponent,mx.core,mx.core.UIObject,__Packages/mx/core/UIComponent.as,3
mx.core.UIObject,mx.core,MovieClip,__Packages/mx/core/UIObject.as,3
mx.core.ext.UIComponentExtensions,mx.core.ext,,__Packages/mx/core/ext/UIComponentExtensions.as,3
mx.core.ext.UIObjectExtensions,mx.core.ext,,__Packages/mx/core/ext/UIObjectExtensions.as,3
mx.events.EventDispatcher,mx.events,,__Packages/mx/events/EventDispatcher.as,3
mx.events.UIEventDispatcher,mx.events,mx.events.EventDispatcher,__Packages/mx/events/UIEventDispatcher.as,3
mx.managers.DepthManager,mx.managers,,__Packages/mx/managers/DepthManager.as,3
mx.managers.FocusManager,mx.managers,mx.core.UIComponent,__Packages/mx/managers/FocusManager.as,3
mx.managers.OverlappedWindows,mx.managers,,__Packages/mx/managers/OverlappedWindows.as,3
mx.managers.SystemManager,mx.managers,,__Packages/mx/managers/SystemManager.as,3
mx.skins.ColoredSkinElement,mx.skins,,__Packages/mx/skins/ColoredSkinElement.as,3
mx.skins.SkinElement,mx.skins,MovieClip,__Packages/mx/skins/SkinElement.as,3
mx.skins.halo.Defaults,mx.skins.halo,,__Packages/mx/skins/halo/Defaults.as,3
mx.skins.halo.FocusRect,mx.skins.halo,mx.skins.SkinElement,__Packages/mx/skins/halo/FocusRect.as,3
mx.styles.CSSSetStyle,mx.styles,,__Packages/mx/styles/CSSSetStyle.as,3
mx.styles.CSSStyleDeclaration,mx.styles,,__Packages/mx/styles/CSSStyleDeclaration.as,3
mx.styles.CSSTextStyles,mx.styles,,__Packages/mx/styles/CSSTextStyles.as,3
mx.styles.StyleManager,mx.styles,,__Packages/mx/styles/StyleManager.as,3
mx.utils.Delegate,mx.utils,Object,__Packages/mx/utils/Delegate.as,3
