class,method,static,constructor,parameters,source,line,accessor
com.nitrome.buttons.BackButton,BackButton,False,True,,__Packages/com/nitrome/buttons/BackButton.as,6,
com.nitrome.buttons.BackButton,onRelease,False,False,,__Packages/com/nitrome/buttons/BackButton.as,10,
com.nitrome.buttons.CongratulationsButton,CongratulationsButton,False,True,,__Packages/com/nitrome/buttons/CongratulationsButton.as,5,
com.nitrome.buttons.CongratulationsButton,onRelease,False,False,,__Packages/com/nitrome/buttons/CongratulationsButton.as,9,
com.nitrome.buttons.ContinueGameButton,ContinueGameButton,False,True,,__Packages/com/nitrome/buttons/ContinueGameButton.as,5,
com.nitrome.buttons.ContinueGameButton,onRelease,False,False,,__Packages/com/nitrome/buttons/ContinueGameButton.as,9,
com.nitrome.buttons.CreditsButton,CreditsButton,False,True,,__Packages/com/nitrome/buttons/CreditsButton.as,5,
com.nitrome.buttons.CreditsButton,onRelease,False,False,,__Packages/com/nitrome/buttons/CreditsButton.as,9,
com.nitrome.buttons.HelpButton,HelpButton,False,True,,__Packages/com/nitrome/buttons/HelpButton.as,5,
com.nitrome.buttons.HelpButton,onRelease,False,False,,__Packages/com/nitrome/buttons/HelpButton.as,9,
com.nitrome.buttons.LevelSelect2p,LevelSelect2p,False,True,,__Packages/com/nitrome/buttons/LevelSelect2p.as,12,
com.nitrome.buttons.LevelSelect2p,onLoad,False,False,,__Packages/com/nitrome/buttons/LevelSelect2p.as,16,
com.nitrome.buttons.LevelSelect2p,init,False,False,,__Packages/com/nitrome/buttons/LevelSelect2p.as,20,
com.nitrome.buttons.LevelSelect2p,doDisplay,False,False,,__Packages/com/nitrome/buttons/LevelSelect2p.as,64,
com.nitrome.buttons.LevelSelect2p,pressNext,False,False,,__Packages/com/nitrome/buttons/LevelSelect2p.as,86,
com.nitrome.buttons.LevelSelect2p,pressPrev,False,False,,__Packages/com/nitrome/buttons/LevelSelect2p.as,91,
com.nitrome.buttons.LevelSelect2p,pressPlay,False,False,,__Packages/com/nitrome/buttons/LevelSelect2p.as,96,
com.nitrome.buttons.LevelSelectButton,LevelSelectButton,False,True,,__Packages/com/nitrome/buttons/LevelSelectButton.as,12,
com.nitrome.buttons.LevelSelectButton,onLoad,False,False,,__Packages/com/nitrome/buttons/LevelSelectButton.as,16,
com.nitrome.buttons.LevelSelectButton,init,False,False,,__Packages/com/nitrome/buttons/LevelSelectButton.as,20,
com.nitrome.buttons.LevelSelectButton,doRollOver,False,False,,__Packages/com/nitrome/buttons/LevelSelectButton.as,50,
com.nitrome.buttons.LevelSelectButton,doRollOut,False,False,,__Packages/com/nitrome/buttons/LevelSelectButton.as,54,
com.nitrome.buttons.LevelSelectButton,doPress,False,False,,__Packages/com/nitrome/buttons/LevelSelectButton.as,58,
com.nitrome.buttons.NextLevelButton,NextLevelButton,False,True,,__Packages/com/nitrome/buttons/NextLevelButton.as,5,
com.nitrome.buttons.NextLevelButton,onRelease,False,False,,__Packages/com/nitrome/buttons/NextLevelButton.as,9,
com.nitrome.buttons.OnePlayerButton,OnePlayerButton,False,True,,__Packages/com/nitrome/buttons/OnePlayerButton.as,5,
com.nitrome.buttons.OnePlayerButton,onPress,False,False,,__Packages/com/nitrome/buttons/OnePlayerButton.as,9,
com.nitrome.buttons.PlayButton,PlayButton,False,True,,__Packages/com/nitrome/buttons/PlayButton.as,5,
com.nitrome.buttons.PlayButton,onRelease,False,False,,__Packages/com/nitrome/buttons/PlayButton.as,9,
com.nitrome.buttons.QuitGameButton,QuitGameButton,False,True,,__Packages/com/nitrome/buttons/QuitGameButton.as,5,
com.nitrome.buttons.QuitGameButton,onRelease,False,False,,__Packages/com/nitrome/buttons/QuitGameButton.as,9,
com.nitrome.buttons.RestartLevelButton,RestartLevelButton,False,True,,__Packages/com/nitrome/buttons/RestartLevelButton.as,5,
com.nitrome.buttons.RestartLevelButton,onRelease,False,False,,__Packages/com/nitrome/buttons/RestartLevelButton.as,9,
com.nitrome.buttons.ScoresButton,ScoresButton,False,True,,__Packages/com/nitrome/buttons/ScoresButton.as,5,
com.nitrome.buttons.ScoresButton,onRelease,False,False,,__Packages/com/nitrome/buttons/ScoresButton.as,9,
com.nitrome.buttons.SimpleButton,SimpleButton,False,True,,__Packages/com/nitrome/buttons/SimpleButton.as,5,
com.nitrome.buttons.SimpleButton,onLoad,False,False,,__Packages/com/nitrome/buttons/SimpleButton.as,9,
com.nitrome.buttons.SimpleButton,onRollOver,False,False,,__Packages/com/nitrome/buttons/SimpleButton.as,13,
com.nitrome.buttons.SimpleButton,onRollOut,False,False,,__Packages/com/nitrome/buttons/SimpleButton.as,17,
com.nitrome.buttons.SimpleButton,onReleaseOutside,False,False,,__Packages/com/nitrome/buttons/SimpleButton.as,21,
com.nitrome.buttons.SubmitScoreButton,SubmitScoreButton,False,True,,__Packages/com/nitrome/buttons/SubmitScoreButton.as,6,
com.nitrome.buttons.SubmitScoreButton,onLoad,False,False,,__Packages/com/nitrome/buttons/SubmitScoreButton.as,10,
com.nitrome.buttons.SubmitScoreButton,onRelease,False,False,,__Packages/com/nitrome/buttons/SubmitScoreButton.as,14,
com.nitrome.buttons.TwoPlayerButton,TwoPlayerButton,False,True,,__Packages/com/nitrome/buttons/TwoPlayerButton.as,5,
com.nitrome.buttons.TwoPlayerButton,onPress,False,False,,__Packages/com/nitrome/buttons/TwoPlayerButton.as,9,
com.nitrome.game.CancelPlayerButton,CancelPlayerButton,False,True,,__Packages/com/nitrome/game/CancelPlayerButton.as,7,
com.nitrome.game.CancelPlayerButton,onPress,False,False,,__Packages/com/nitrome/game/CancelPlayerButton.as,11,
com.nitrome.game.CancelPlayerButton,onEnterFrame,False,False,,__Packages/com/nitrome/game/CancelPlayerButton.as,22,
com.nitrome.game.CancelPlayerButton,onRollOver,False,False,,__Packages/com/nitrome/game/CancelPlayerButton.as,26,
com.nitrome.game.CancelPlayerButton,onRollOut,False,False,,__Packages/com/nitrome/game/CancelPlayerButton.as,31,
com.nitrome.game.CancelWeaponButton,CancelWeaponButton,False,True,,__Packages/com/nitrome/game/CancelWeaponButton.as,5,
com.nitrome.game.CancelWeaponButton,onPress,False,False,,__Packages/com/nitrome/game/CancelWeaponButton.as,9,
com.nitrome.game.CornerQuitButton,CornerQuitButton,False,True,,__Packages/com/nitrome/game/CornerQuitButton.as,5,
com.nitrome.game.CornerQuitButton,onRelease,False,False,,__Packages/com/nitrome/game/CornerQuitButton.as,9,
com.nitrome.game.FxToggle,FxToggle,False,True,,__Packages/com/nitrome/game/FxToggle.as,5,
com.nitrome.game.FxToggle,onRollOver,False,False,,__Packages/com/nitrome/game/FxToggle.as,17,
com.nitrome.game.FxToggle,onRollOut,False,False,,__Packages/com/nitrome/game/FxToggle.as,22,
com.nitrome.game.FxToggle,onPress,False,False,,__Packages/com/nitrome/game/FxToggle.as,26,
com.nitrome.game.FxToggle,updateGraphic,False,False,mouse_is_over,__Packages/com/nitrome/game/FxToggle.as,31,
com.nitrome.game.IngamePopup,IngamePopup,False,True,,__Packages/com/nitrome/game/IngamePopup.as,9,
com.nitrome.game.IngamePopup,onEnterFrame,False,False,,__Packages/com/nitrome/game/IngamePopup.as,16,
com.nitrome.game.IngamePopup,reset,False,False,,__Packages/com/nitrome/game/IngamePopup.as,78,
com.nitrome.game.IngameTextArea,IngameTextArea,False,True,,__Packages/com/nitrome/game/IngameTextArea.as,8,
com.nitrome.game.IngameTextArea,say,False,False,str,__Packages/com/nitrome/game/IngameTextArea.as,13,
com.nitrome.game.IngameTextArea,onEnterFrame,False,False,,__Packages/com/nitrome/game/IngameTextArea.as,21,
com.nitrome.game.MusicController,MusicController,False,True,,__Packages/com/nitrome/game/MusicController.as,11,
com.nitrome.game.MusicController,startMenuMusic,False,False,from_toggle,__Packages/com/nitrome/game/MusicController.as,21,
com.nitrome.game.MusicController,startGameMusic,False,False,from_toggle,__Packages/com/nitrome/game/MusicController.as,40,
com.nitrome.game.MusicController,getMusicOn,False,False,,__Packages/com/nitrome/game/MusicController.as,59,
com.nitrome.game.MusicController,toggleMusic,False,False,,__Packages/com/nitrome/game/MusicController.as,63,
com.nitrome.game.MusicController,turnOnMusic,False,False,,__Packages/com/nitrome/game/MusicController.as,74,
com.nitrome.game.MusicController,turnOffMusic,False,False,,__Packages/com/nitrome/game/MusicController.as,87,
com.nitrome.game.MusicController,getSfxOn,False,False,,__Packages/com/nitrome/game/MusicController.as,94,
com.nitrome.game.MusicController,toggleSfx,False,False,,__Packages/com/nitrome/game/MusicController.as,98,
com.nitrome.game.MusicController,turnOnSfx,False,False,,__Packages/com/nitrome/game/MusicController.as,109,
com.nitrome.game.MusicController,turnOffSfx,False,False,,__Packages/com/nitrome/game/MusicController.as,114,
com.nitrome.game.MusicToggle,MusicToggle,False,True,,__Packages/com/nitrome/game/MusicToggle.as,5,
com.nitrome.game.MusicToggle,onRollOver,False,False,,__Packages/com/nitrome/game/MusicToggle.as,17,
com.nitrome.game.MusicToggle,onRollOut,False,False,,__Packages/com/nitrome/game/MusicToggle.as,22,
com.nitrome.game.MusicToggle,onPress,False,False,,__Packages/com/nitrome/game/MusicToggle.as,26,
com.nitrome.game.MusicToggle,updateGraphic,False,False,mouse_is_over,__Packages/com/nitrome/game/MusicToggle.as,31,
com.nitrome.game.Preloader,Preloader,False,True,,__Packages/com/nitrome/game/Preloader.as,9,
com.nitrome.game.SfxManager,SfxManager,False,True,,__Packages/com/nitrome/game/SfxManager.as,5,
com.nitrome.game.SfxManager,playSound,False,False,id,__Packages/com/nitrome/game/SfxManager.as,9,
com.nitrome.game.SimpleButton,SimpleButton,False,True,,__Packages/com/nitrome/game/SimpleButton.as,5,
com.nitrome.game.SimpleButton,onLoad,False,False,,__Packages/com/nitrome/game/SimpleButton.as,9,
com.nitrome.game.SimpleButton,onRollOver,False,False,,__Packages/com/nitrome/game/SimpleButton.as,13,
com.nitrome.game.SimpleButton,onRollOut,False,False,,__Packages/com/nitrome/game/SimpleButton.as,17,
com.nitrome.game.TransitionTween,TransitionTween,False,True,,__Packages/com/nitrome/game/TransitionTween.as,7,
com.nitrome.game.TransitionTween,doTween,False,False,next_frame,__Packages/com/nitrome/game/TransitionTween.as,11,
com.nitrome.game.TransitionTween,doTweenWithFunction,False,False,next,__Packages/com/nitrome/game/TransitionTween.as,17,
com.nitrome.game.TransitionTween,performTask,False,False,,__Packages/com/nitrome/game/TransitionTween.as,23,
com.nitrome.game.WeaponSelectButton,WeaponSelectButton,False,True,,__Packages/com/nitrome/game/WeaponSelectButton.as,17,
com.nitrome.game.WeaponSelectButton,onLoad,False,False,,__Packages/com/nitrome/game/WeaponSelectButton.as,22,
com.nitrome.game.WeaponSelectButton,onRollOver,False,False,,__Packages/com/nitrome/game/WeaponSelectButton.as,26,
com.nitrome.game.WeaponSelectButton,onRollOut,False,False,,__Packages/com/nitrome/game/WeaponSelectButton.as,40,
com.nitrome.game.WeaponSelectButton,updateGraphic,False,False,,__Packages/com/nitrome/game/WeaponSelectButton.as,47,
com.nitrome.game.WeaponSelectButton,onEnterFrame,False,False,,__Packages/com/nitrome/game/WeaponSelectButton.as,64,
com.nitrome.game.WeaponSelectButton,onPress,False,False,,__Packages/com/nitrome/game/WeaponSelectButton.as,106,
com.nitrome.game.WeaponSelectPanel,WeaponSelectPanel,False,True,,__Packages/com/nitrome/game/WeaponSelectPanel.as,6,
com.nitrome.game.WeaponSelectPanel,onEnterFrame,False,False,,__Packages/com/nitrome/game/WeaponSelectPanel.as,12,
com.nitrome.highscore.ArrowButton,ArrowButton,False,True,,__Packages/com/nitrome/highscore/ArrowButton.as,5,
com.nitrome.highscore.ArrowButton,hideAway,False,False,,__Packages/com/nitrome/highscore/ArrowButton.as,9,
com.nitrome.highscore.ArrowButton,display,False,False,,__Packages/com/nitrome/highscore/ArrowButton.as,14,
com.nitrome.highscore.ArrowButton,onRollOver,False,False,,__Packages/com/nitrome/highscore/ArrowButton.as,19,
com.nitrome.highscore.ArrowButton,onRollOut,False,False,,__Packages/com/nitrome/highscore/ArrowButton.as,23,
com.nitrome.highscore.ArrowButton,onPress,False,False,,__Packages/com/nitrome/highscore/ArrowButton.as,27,
com.nitrome.highscore.ClearButton,ClearButton,False,True,,__Packages/com/nitrome/highscore/ClearButton.as,6,
com.nitrome.highscore.ClearButton,onPress,False,False,,__Packages/com/nitrome/highscore/ClearButton.as,10,
com.nitrome.highscore.HiscoreBoard,HiscoreBoard,False,True,,__Packages/com/nitrome/highscore/HiscoreBoard.as,12,
com.nitrome.highscore.HiscoreBoard,loadHiscores,False,False,min_rank,__Packages/com/nitrome/highscore/HiscoreBoard.as,17,
com.nitrome.highscore.HiscoreBoard,displayHiscores,False,False,data_string,__Packages/com/nitrome/highscore/HiscoreBoard.as,38,
com.nitrome.highscore.HiscoreBoard,getZeroFill,False,False,,__Packages/com/nitrome/highscore/HiscoreBoard.as,84,
com.nitrome.highscore.HiscoreBoard,getMaxDigits,False,False,,__Packages/com/nitrome/highscore/HiscoreBoard.as,88,
com.nitrome.highscore.HiscoreBoard,shiftScoresPrev,False,False,,__Packages/com/nitrome/highscore/HiscoreBoard.as,92,
com.nitrome.highscore.HiscoreBoard,shiftScoresNext,False,False,,__Packages/com/nitrome/highscore/HiscoreBoard.as,102,
com.nitrome.highscore.HiscoreBoard,displayHiscoresMTV,False,False,leaderboard,__Packages/com/nitrome/highscore/HiscoreBoard.as,108,
com.nitrome.highscore.HiscoreLine,HiscoreLine,False,True,,__Packages/com/nitrome/highscore/HiscoreLine.as,8,
com.nitrome.highscore.HiscoreLine,displayData,False,False,"rank, nametext, scoretext",__Packages/com/nitrome/highscore/HiscoreLine.as,13,
com.nitrome.highscore.HiscoreLine,hideAway,False,False,,__Packages/com/nitrome/highscore/HiscoreLine.as,46,
com.nitrome.highscore.LetterButton,LetterButton,False,True,,__Packages/com/nitrome/highscore/LetterButton.as,7,
com.nitrome.highscore.LetterButton,onLoad,False,False,,__Packages/com/nitrome/highscore/LetterButton.as,12,
com.nitrome.highscore.LetterButton,onRollOver,False,False,,__Packages/com/nitrome/highscore/LetterButton.as,16,
com.nitrome.highscore.LetterButton,onRollOut,False,False,,__Packages/com/nitrome/highscore/LetterButton.as,21,
com.nitrome.highscore.LetterButton,onPress,False,False,,__Packages/com/nitrome/highscore/LetterButton.as,26,
com.nitrome.highscore.ScoreSubmitPanel,ScoreSubmitPanel,False,True,,__Packages/com/nitrome/highscore/ScoreSubmitPanel.as,9,
com.nitrome.highscore.ScoreSubmitPanel,onLoad,False,False,,__Packages/com/nitrome/highscore/ScoreSubmitPanel.as,13,
com.nitrome.highscore.ScoreSubmitPanel,addLetter,False,False,l,__Packages/com/nitrome/highscore/ScoreSubmitPanel.as,18,
com.nitrome.highscore.ScoreSubmitPanel,getNameText,False,False,,__Packages/com/nitrome/highscore/ScoreSubmitPanel.as,30,
com.nitrome.highscore.ScoreSubmitPanel,clearName,False,False,,__Packages/com/nitrome/highscore/ScoreSubmitPanel.as,34,
com.nitrome.highscore.SubmitButton,SubmitButton,False,True,,__Packages/com/nitrome/highscore/SubmitButton.as,7,
com.nitrome.highscore.SubmitButton,onRelease,False,False,,__Packages/com/nitrome/highscore/SubmitButton.as,13,
com.nitrome.highscore.SubmitButton,submitScore,False,False,,__Packages/com/nitrome/highscore/SubmitButton.as,25,
com.nitrome.highscore.SubmitButton,enable,False,False,,__Packages/com/nitrome/highscore/SubmitButton.as,38,
com.nitrome.highscore.SubmitButton,disable,False,False,,__Packages/com/nitrome/highscore/SubmitButton.as,43,
com.nitrome.highscore.SubmitButton,onRollOver,False,False,,__Packages/com/nitrome/highscore/SubmitButton.as,48,
com.nitrome.highscore.SubmitButton,onRollOut,False,False,,__Packages/com/nitrome/highscore/SubmitButton.as,61,
com.nitrome.pirate.MenuBackgroundAnim,MenuBackgroundAnim,False,True,,__Packages/com/nitrome/pirate/MenuBackgroundAnim.as,7,
com.nitrome.pirate.MenuBackgroundAnim,onEnterFrame,False,False,,__Packages/com/nitrome/pirate/MenuBackgroundAnim.as,11,
com.nitrome.throwgame.Anchor,Anchor,False,True,,__Packages/com/nitrome/throwgame/Anchor.as,31,
com.nitrome.throwgame.Anchor,advance,False,False,,__Packages/com/nitrome/throwgame/Anchor.as,43,
com.nitrome.throwgame.Anchor,contact,False,False,side,__Packages/com/nitrome/throwgame/Anchor.as,81,
com.nitrome.throwgame.Anchor,place,False,False,"x, y",__Packages/com/nitrome/throwgame/Anchor.as,120,
com.nitrome.throwgame.Anchor,randomThrows,False,False,count,__Packages/com/nitrome/throwgame/Anchor.as,125,
com.nitrome.throwgame.Anchor,aiPerform,False,False,details,__Packages/com/nitrome/throwgame/Anchor.as,150,
com.nitrome.throwgame.Banana,Banana,False,True,,__Packages/com/nitrome/throwgame/Banana.as,23,
com.nitrome.throwgame.Banana,contact,False,False,side,__Packages/com/nitrome/throwgame/Banana.as,35,
com.nitrome.throwgame.Banana,advanceMotion,False,False,,__Packages/com/nitrome/throwgame/Banana.as,43,
com.nitrome.throwgame.Banana,fire,False,False,"vx, vy",__Packages/com/nitrome/throwgame/Banana.as,116,
com.nitrome.throwgame.Boulder,Boulder,False,True,,__Packages/com/nitrome/throwgame/Boulder.as,21,
com.nitrome.throwgame.Boulder,release,False,False,,__Packages/com/nitrome/throwgame/Boulder.as,33,
com.nitrome.throwgame.Boulder,advanceMotion,False,False,,__Packages/com/nitrome/throwgame/Boulder.as,39,
com.nitrome.throwgame.BoxWeapon,BoxWeapon,False,True,linkageName,__Packages/com/nitrome/throwgame/BoxWeapon.as,22,
com.nitrome.throwgame.BoxWeapon,advance,False,False,,__Packages/com/nitrome/throwgame/BoxWeapon.as,33,
com.nitrome.throwgame.BoxWeapon,advanceMotion,False,False,,__Packages/com/nitrome/throwgame/BoxWeapon.as,85,
com.nitrome.throwgame.BoxWeapon,place,False,False,"x, y",__Packages/com/nitrome/throwgame/BoxWeapon.as,93,
com.nitrome.throwgame.BoxWeapon,canPlace,False,False,"px, py",__Packages/com/nitrome/throwgame/BoxWeapon.as,119,
com.nitrome.throwgame.BoxWeapon,explode,False,False,,__Packages/com/nitrome/throwgame/BoxWeapon.as,251,
com.nitrome.throwgame.BoxWeapon,aiSimulation,False,False,,__Packages/com/nitrome/throwgame/BoxWeapon.as,264,
com.nitrome.throwgame.BoxWeapon,aiPerform,False,False,details,__Packages/com/nitrome/throwgame/BoxWeapon.as,316,
com.nitrome.throwgame.BoxWeapon,aiContinue,False,False,,__Packages/com/nitrome/throwgame/BoxWeapon.as,321,
com.nitrome.throwgame.Cannon,Cannon,False,True,,__Packages/com/nitrome/throwgame/Cannon.as,31,
com.nitrome.throwgame.Cannon,release,False,False,,__Packages/com/nitrome/throwgame/Cannon.as,40,
com.nitrome.throwgame.Cannon,update,False,False,,__Packages/com/nitrome/throwgame/Cannon.as,45,
com.nitrome.throwgame.Cannon,advance,False,False,,__Packages/com/nitrome/throwgame/Cannon.as,55,
com.nitrome.throwgame.Cannon,fire,False,False,"vx, vy",__Packages/com/nitrome/throwgame/Cannon.as,167,
com.nitrome.throwgame.Cannon,randomThrows,False,False,count,__Packages/com/nitrome/throwgame/Cannon.as,179,
com.nitrome.throwgame.Cannon,aiPerform,False,False,details,__Packages/com/nitrome/throwgame/Cannon.as,215,
com.nitrome.throwgame.Cannonball,Cannonball,False,True,,__Packages/com/nitrome/throwgame/Cannonball.as,23,
com.nitrome.throwgame.Cannonball,setSimulation,False,False,,__Packages/com/nitrome/throwgame/Cannonball.as,30,
com.nitrome.throwgame.Cannonball,isSimulationFinished,False,False,,__Packages/com/nitrome/throwgame/Cannonball.as,34,
com.nitrome.throwgame.Cannonball,contact,False,False,side,__Packages/com/nitrome/throwgame/Cannonball.as,38,
com.nitrome.throwgame.Cannonball,advanceMotion,False,False,,__Packages/com/nitrome/throwgame/Cannonball.as,56,
com.nitrome.throwgame.Cannonball,advance,False,False,,__Packages/com/nitrome/throwgame/Cannonball.as,73,
com.nitrome.throwgame.Character,Character,False,True,linkageName,__Packages/com/nitrome/throwgame/Character.as,56,
com.nitrome.throwgame.Character,setWeapons,False,False,weaponsAttributes,__Packages/com/nitrome/throwgame/Character.as,71,
com.nitrome.throwgame.Character,show,False,False,,__Packages/com/nitrome/throwgame/Character.as,100,
com.nitrome.throwgame.Character,hide,False,False,,__Packages/com/nitrome/throwgame/Character.as,105,
com.nitrome.throwgame.Character,updateOverlay,False,False,,__Packages/com/nitrome/throwgame/Character.as,110,
com.nitrome.throwgame.Character,advance,False,False,,__Packages/com/nitrome/throwgame/Character.as,146,
com.nitrome.throwgame.Character,randomThrows,False,False,count,__Packages/com/nitrome/throwgame/Character.as,254,
com.nitrome.throwgame.Character,targetingVoodoo,False,False,,__Packages/com/nitrome/throwgame/Character.as,287,
com.nitrome.throwgame.Character,aiStart,False,False,,__Packages/com/nitrome/throwgame/Character.as,291,
com.nitrome.throwgame.Character,aiThink,False,False,,__Packages/com/nitrome/throwgame/Character.as,299,
com.nitrome.throwgame.Character,contact,False,False,side,__Packages/com/nitrome/throwgame/Character.as,697,
com.nitrome.throwgame.Character,release,False,False,,__Packages/com/nitrome/throwgame/Character.as,721,
com.nitrome.throwgame.Character,twang,False,False,,__Packages/com/nitrome/throwgame/Character.as,742,
com.nitrome.throwgame.Character,weaponOrPlayer,False,False,,__Packages/com/nitrome/throwgame/Character.as,748,
com.nitrome.throwgame.Character,equip,False,False,index,__Packages/com/nitrome/throwgame/Character.as,756,
com.nitrome.throwgame.Character,unequip,False,False,,__Packages/com/nitrome/throwgame/Character.as,837,
com.nitrome.throwgame.Character,weaponExpired,False,False,,__Packages/com/nitrome/throwgame/Character.as,847,
com.nitrome.throwgame.Character,subtractHealth,False,False,amount,__Packages/com/nitrome/throwgame/Character.as,863,
com.nitrome.throwgame.Character,numberOfWeapon,False,False,weapon,__Packages/com/nitrome/throwgame/Character.as,872,
com.nitrome.throwgame.Character,firstIndexOfWeapon,False,False,weapon,__Packages/com/nitrome/throwgame/Character.as,886,
com.nitrome.throwgame.Character,weaponIsInfinite,False,False,weapon,__Packages/com/nitrome/throwgame/Character.as,899,
com.nitrome.throwgame.CherryBomb,CherryBomb,False,True,,__Packages/com/nitrome/throwgame/CherryBomb.as,16,
com.nitrome.throwgame.CherryBomb,contact,False,False,side,__Packages/com/nitrome/throwgame/CherryBomb.as,25,
com.nitrome.throwgame.CherryBomb,advance,False,False,,__Packages/com/nitrome/throwgame/CherryBomb.as,41,
com.nitrome.throwgame.Controller,Controller,False,True,,__Packages/com/nitrome/throwgame/Controller.as,33,
com.nitrome.throwgame.Controller,startGame,True,False,"rootClip, raw",__Packages/com/nitrome/throwgame/Controller.as,36,
com.nitrome.throwgame.Controller,changeLevel,True,False,levelNumber,__Packages/com/nitrome/throwgame/Controller.as,75,
com.nitrome.throwgame.Controller,unloadLevel,True,False,,__Packages/com/nitrome/throwgame/Controller.as,88,
com.nitrome.throwgame.Controller,endGame,True,False,,__Packages/com/nitrome/throwgame/Controller.as,118,
com.nitrome.throwgame.Controller,get1PLevelScore,True,False,,__Packages/com/nitrome/throwgame/Controller.as,125,
com.nitrome.throwgame.Controller,nextTurn,True,False,,__Packages/com/nitrome/throwgame/Controller.as,136,
com.nitrome.throwgame.Controller,getLine,True,False,line,__Packages/com/nitrome/throwgame/Controller.as,196,
com.nitrome.throwgame.Controller,enterFrame,True,False,,__Packages/com/nitrome/throwgame/Controller.as,200,
com.nitrome.throwgame.Controller,setSkyColour,True,False,colour,__Packages/com/nitrome/throwgame/Controller.as,287,
com.nitrome.throwgame.Debris,Debris,False,True,"parent, linkageName",__Packages/com/nitrome/throwgame/Debris.as,5,
com.nitrome.throwgame.Dynamite,Dynamite,False,True,,__Packages/com/nitrome/throwgame/Dynamite.as,21,
com.nitrome.throwgame.Dynamite,advanceMotion,False,False,,__Packages/com/nitrome/throwgame/Dynamite.as,32,
com.nitrome.throwgame.Dynamite,advance,False,False,,__Packages/com/nitrome/throwgame/Dynamite.as,58,
com.nitrome.throwgame.Explosion,Explosion,False,True,"x, y, size, maxDamage, caster",__Packages/com/nitrome/throwgame/Explosion.as,8,
com.nitrome.throwgame.Explosion,hit,False,False,,__Packages/com/nitrome/throwgame/Explosion.as,20,
com.nitrome.throwgame.GunpowderBarrel,GunpowderBarrel,False,True,,__Packages/com/nitrome/throwgame/GunpowderBarrel.as,8,
com.nitrome.throwgame.GunpowderBarrel,explode,False,False,,__Packages/com/nitrome/throwgame/GunpowderBarrel.as,13,
com.nitrome.throwgame.Map,Map,False,True,,__Packages/com/nitrome/throwgame/Map.as,8,
com.nitrome.throwgame.Map,show,False,False,,__Packages/com/nitrome/throwgame/Map.as,14,
com.nitrome.throwgame.Map,reset,False,False,,__Packages/com/nitrome/throwgame/Map.as,20,
com.nitrome.throwgame.Map,drawTiles,False,False,,__Packages/com/nitrome/throwgame/Map.as,25,
com.nitrome.throwgame.Map,drawActive,False,False,,__Packages/com/nitrome/throwgame/Map.as,54,
com.nitrome.throwgame.Map,dot,False,False,"target, x, y, offset, color, alpha",__Packages/com/nitrome/throwgame/Map.as,106,
com.nitrome.throwgame.Mine,Mine,False,True,,__Packages/com/nitrome/throwgame/Mine.as,32,
com.nitrome.throwgame.Mine,advance,False,False,,__Packages/com/nitrome/throwgame/Mine.as,46,
com.nitrome.throwgame.Mine,advanceMotion,False,False,,__Packages/com/nitrome/throwgame/Mine.as,55,
com.nitrome.throwgame.Mine,checkForProximity,False,False,,__Packages/com/nitrome/throwgame/Mine.as,88,
com.nitrome.throwgame.Mine,explode,False,False,,__Packages/com/nitrome/throwgame/Mine.as,143,
com.nitrome.throwgame.ParachuteBomb,ParachuteBomb,False,True,,__Packages/com/nitrome/throwgame/ParachuteBomb.as,23,
com.nitrome.throwgame.ParachuteBomb,contact,False,False,side,__Packages/com/nitrome/throwgame/ParachuteBomb.as,33,
com.nitrome.throwgame.ParachuteBomb,twangPrediction,False,False,obj,__Packages/com/nitrome/throwgame/ParachuteBomb.as,49,
com.nitrome.throwgame.ParachuteBomb,advanceMotion,False,False,,__Packages/com/nitrome/throwgame/ParachuteBomb.as,62,
com.nitrome.throwgame.ParachuteBomb,advance,False,False,,__Packages/com/nitrome/throwgame/ParachuteBomb.as,124,
com.nitrome.throwgame.PiecesOfEight,PiecesOfEight,False,True,,__Packages/com/nitrome/throwgame/PiecesOfEight.as,28,
com.nitrome.throwgame.PiecesOfEight,contact,False,False,side,__Packages/com/nitrome/throwgame/PiecesOfEight.as,37,
com.nitrome.throwgame.PiecesOfEight,advance,False,False,,__Packages/com/nitrome/throwgame/PiecesOfEight.as,50,
com.nitrome.throwgame.PiecesOfEight,next,False,False,explode,__Packages/com/nitrome/throwgame/PiecesOfEight.as,73,
com.nitrome.throwgame.PiecesOfEight,aiContinue,False,False,,__Packages/com/nitrome/throwgame/PiecesOfEight.as,99,
com.nitrome.throwgame.RumBottle,RumBottle,False,True,,__Packages/com/nitrome/throwgame/RumBottle.as,25,
com.nitrome.throwgame.RumBottle,contact,False,False,side,__Packages/com/nitrome/throwgame/RumBottle.as,35,
com.nitrome.throwgame.RumBottle,advance,False,False,,__Packages/com/nitrome/throwgame/RumBottle.as,67,
com.nitrome.throwgame.Seagull,Seagull,False,True,,__Packages/com/nitrome/throwgame/Seagull.as,17,
com.nitrome.throwgame.Seagull,place,False,False,"x, y",__Packages/com/nitrome/throwgame/Seagull.as,31,
com.nitrome.throwgame.Seagull,advance,False,False,,__Packages/com/nitrome/throwgame/Seagull.as,47,
com.nitrome.throwgame.Seagull,endShot,False,False,shot,__Packages/com/nitrome/throwgame/Seagull.as,120,
com.nitrome.throwgame.Seagull,destroy,False,False,,__Packages/com/nitrome/throwgame/Seagull.as,132,
com.nitrome.throwgame.Seagull,aiSimulation,False,False,,__Packages/com/nitrome/throwgame/Seagull.as,137,
com.nitrome.throwgame.Seagull,aiPerform,False,False,details,__Packages/com/nitrome/throwgame/Seagull.as,241,
com.nitrome.throwgame.Solid,Solid,False,True,"parent, linkageName",__Packages/com/nitrome/throwgame/Solid.as,29,
com.nitrome.throwgame.Solid,advance,False,False,,__Packages/com/nitrome/throwgame/Solid.as,34,
com.nitrome.throwgame.Solid,splashCheck,False,False,,__Packages/com/nitrome/throwgame/Solid.as,39,
com.nitrome.throwgame.Solid,release,False,False,,__Packages/com/nitrome/throwgame/Solid.as,57,
com.nitrome.throwgame.Solid,twang,False,False,,__Packages/com/nitrome/throwgame/Solid.as,60,
com.nitrome.throwgame.Solid,drawTwangLine,False,False,,__Packages/com/nitrome/throwgame/Solid.as,76,
com.nitrome.throwgame.Solid,twangPrediction,False,False,obj,__Packages/com/nitrome/throwgame/Solid.as,126,
com.nitrome.throwgame.Solid,advanceMotion,False,False,,__Packages/com/nitrome/throwgame/Solid.as,130,
com.nitrome.throwgame.Solid,contact,False,False,side,__Packages/com/nitrome/throwgame/Solid.as,380,
com.nitrome.throwgame.SpeechBubble,SpeechBubble,False,True,,__Packages/com/nitrome/throwgame/SpeechBubble.as,14,
com.nitrome.throwgame.SpeechBubble,advance,False,False,,__Packages/com/nitrome/throwgame/SpeechBubble.as,19,
com.nitrome.throwgame.SpeechBubble,setTarget,False,False,newTarget,__Packages/com/nitrome/throwgame/SpeechBubble.as,40,
com.nitrome.throwgame.SweepingFlame,SweepingFlame,False,True,"x, y, toRight",__Packages/com/nitrome/throwgame/SweepingFlame.as,6,
com.nitrome.throwgame.SweepingFlame,createNext,False,False,,__Packages/com/nitrome/throwgame/SweepingFlame.as,44,
com.nitrome.throwgame.Team,Team,False,True,teamNumber,__Packages/com/nitrome/throwgame/Team.as,14,
com.nitrome.throwgame.Team,advance,False,False,,__Packages/com/nitrome/throwgame/Team.as,27,
com.nitrome.throwgame.Team,anyAlive,False,False,,__Packages/com/nitrome/throwgame/Team.as,132,
com.nitrome.throwgame.Team,countAlive,False,False,,__Packages/com/nitrome/throwgame/Team.as,145,
com.nitrome.throwgame.Team,speaker,False,False,,__Packages/com/nitrome/throwgame/Team.as,159,
com.nitrome.throwgame.Team,getCaptain,False,False,,__Packages/com/nitrome/throwgame/Team.as,184,
com.nitrome.throwgame.Team,select,False,False,"character, again",__Packages/com/nitrome/throwgame/Team.as,201,
com.nitrome.throwgame.Team,unselect,False,False,,__Packages/com/nitrome/throwgame/Team.as,216,
com.nitrome.throwgame.Team,startTurn,False,False,,__Packages/com/nitrome/throwgame/Team.as,220,
com.nitrome.throwgame.Team,finishTurn,False,False,,__Packages/com/nitrome/throwgame/Team.as,292,
com.nitrome.throwgame.Team,isTurnComplete,False,False,,__Packages/com/nitrome/throwgame/Team.as,299,
com.nitrome.throwgame.Team,continueTurn,False,False,,__Packages/com/nitrome/throwgame/Team.as,307,
com.nitrome.throwgame.Team,getTeamType,False,False,,__Packages/com/nitrome/throwgame/Team.as,325,
com.nitrome.throwgame.Team,getTotalHealth,False,False,,__Packages/com/nitrome/throwgame/Team.as,332,
com.nitrome.throwgame.Team,getAverageHealth,False,False,,__Packages/com/nitrome/throwgame/Team.as,346,
com.nitrome.throwgame.Team,destroy,False,False,,__Packages/com/nitrome/throwgame/Team.as,350,
com.nitrome.throwgame.TidalWave,TidalWave,False,True,,__Packages/com/nitrome/throwgame/TidalWave.as,15,
com.nitrome.throwgame.TidalWave,advance,False,False,,__Packages/com/nitrome/throwgame/TidalWave.as,25,
com.nitrome.throwgame.TidalWave,aiPerform,False,False,details,__Packages/com/nitrome/throwgame/TidalWave.as,70,
com.nitrome.throwgame.TidalWave,startWave,False,False,,__Packages/com/nitrome/throwgame/TidalWave.as,74,
com.nitrome.throwgame.Tile,Tile,False,True,"type, gridX, gridY",__Packages/com/nitrome/throwgame/Tile.as,12,
com.nitrome.throwgame.Tile,show,False,False,,__Packages/com/nitrome/throwgame/Tile.as,22,
com.nitrome.throwgame.TileSystem,TileSystem,False,True,,__Packages/com/nitrome/throwgame/TileSystem.as,25,
com.nitrome.throwgame.TileSystem,loadLevel,False,False,number,__Packages/com/nitrome/throwgame/TileSystem.as,30,
com.nitrome.throwgame.TileSystem,readXML,False,False,xml,__Packages/com/nitrome/throwgame/TileSystem.as,49,
com.nitrome.throwgame.TileSystem,unserialize,False,False,s,__Packages/com/nitrome/throwgame/TileSystem.as,204,
com.nitrome.throwgame.TileSystem,getPotentialWeaponList,False,False,attributes,__Packages/com/nitrome/throwgame/TileSystem.as,237,
com.nitrome.throwgame.TileSystem,getValidDropColumns,False,False,,__Packages/com/nitrome/throwgame/TileSystem.as,257,
com.nitrome.throwgame.TileSystem,advance,False,False,,__Packages/com/nitrome/throwgame/TileSystem.as,291,
com.nitrome.throwgame.TileSystem,advanceScrolling,False,False,,__Packages/com/nitrome/throwgame/TileSystem.as,420,
com.nitrome.throwgame.TileSystem,panCamera,False,False,"newX, newY, forceVisibility",__Packages/com/nitrome/throwgame/TileSystem.as,497,
com.nitrome.throwgame.TileSystem,panTowards,False,False,"tx, ty, step",__Packages/com/nitrome/throwgame/TileSystem.as,600,
com.nitrome.throwgame.TileSystem,mouseDown,False,False,,__Packages/com/nitrome/throwgame/TileSystem.as,613,
com.nitrome.throwgame.TileSystem,mouseUp,False,False,,__Packages/com/nitrome/throwgame/TileSystem.as,752,
com.nitrome.throwgame.TileSystem,destroy,False,False,,__Packages/com/nitrome/throwgame/TileSystem.as,766,
com.nitrome.throwgame.TreasureChest,TreasureChest,False,True,"x, floorY",__Packages/com/nitrome/throwgame/TreasureChest.as,16,
com.nitrome.throwgame.TreasureChest,dropNew,True,False,,__Packages/com/nitrome/throwgame/TreasureChest.as,37,
com.nitrome.throwgame.TreasureChest,fallingChest,True,False,,__Packages/com/nitrome/throwgame/TreasureChest.as,117,
com.nitrome.throwgame.TreasureChest,advance,False,False,,__Packages/com/nitrome/throwgame/TreasureChest.as,130,
com.nitrome.throwgame.TreasureChest,destroy,False,False,,__Packages/com/nitrome/throwgame/TreasureChest.as,228,
com.nitrome.throwgame.VoodooDoll,VoodooDoll,False,True,,__Packages/com/nitrome/throwgame/VoodooDoll.as,21,
com.nitrome.throwgame.VoodooDoll,setTargetCharacter,False,False,character,__Packages/com/nitrome/throwgame/VoodooDoll.as,28,
com.nitrome.throwgame.VoodooDoll,twang,False,False,,__Packages/com/nitrome/throwgame/VoodooDoll.as,39,
com.nitrome.throwgame.VoodooDoll,advance,False,False,,__Packages/com/nitrome/throwgame/VoodooDoll.as,45,
com.nitrome.throwgame.VoodooDoll,aiPerform,False,False,details,__Packages/com/nitrome/throwgame/VoodooDoll.as,91,
com.nitrome.throwgame.Water,Water,False,True,,__Packages/com/nitrome/throwgame/Water.as,10,
com.nitrome.throwgame.Water,advance,False,False,,__Packages/com/nitrome/throwgame/Water.as,16,
com.nitrome.throwgame.Weapon,Weapon,False,True,linkageName,__Packages/com/nitrome/throwgame/Weapon.as,27,
com.nitrome.throwgame.Weapon,update,False,False,,__Packages/com/nitrome/throwgame/Weapon.as,32,
com.nitrome.throwgame.Weapon,release,False,False,,__Packages/com/nitrome/throwgame/Weapon.as,38,
com.nitrome.throwgame.Weapon,twang,False,False,,__Packages/com/nitrome/throwgame/Weapon.as,52,
com.nitrome.throwgame.Weapon,advance,False,False,,__Packages/com/nitrome/throwgame/Weapon.as,60,
com.nitrome.throwgame.Weapon,randomThrows,False,False,count,__Packages/com/nitrome/throwgame/Weapon.as,84,
com.nitrome.throwgame.Weapon,aiPerform,False,False,details,__Packages/com/nitrome/throwgame/Weapon.as,126,
com.nitrome.throwgame.Weapon,fire,False,False,"vx, vy",__Packages/com/nitrome/throwgame/Weapon.as,130,
com.nitrome.throwgame.Weapon,place,False,False,"x, y",__Packages/com/nitrome/throwgame/Weapon.as,140,
com.nitrome.throwgame.WoodenCrate,WoodenCrate,False,True,,__Packages/com/nitrome/throwgame/WoodenCrate.as,5,
com.nitrome.util.Clip,Clip,False,True,"parent, linkageName",__Packages/com/nitrome/util/Clip.as,13,
com.nitrome.util.Clip,link,False,False,newLinkage,__Packages/com/nitrome/util/Clip.as,21,
com.nitrome.util.Clip,toString,False,False,,__Packages/com/nitrome/util/Clip.as,33,
com.nitrome.util.Clip,show,False,False,,__Packages/com/nitrome/util/Clip.as,37,
com.nitrome.util.Clip,hide,False,False,,__Packages/com/nitrome/util/Clip.as,57,
com.nitrome.util.Clip,update,False,False,,__Packages/com/nitrome/util/Clip.as,70,
com.nitrome.util.Clip,destroy,False,False,,__Packages/com/nitrome/util/Clip.as,85,
com.nitrome.util.Clip,createEmpty,True,False,"parent, id",__Packages/com/nitrome/util/Clip.as,91,
com.nitrome.util.CustomCursor,CustomCursor,False,True,,__Packages/com/nitrome/util/CustomCursor.as,6,
com.nitrome.util.CustomCursor,setCursor,True,False,"cursorType, force",__Packages/com/nitrome/util/CustomCursor.as,10,
com.nitrome.util.CustomCursor,restoreCursor,True,False,force,__Packages/com/nitrome/util/CustomCursor.as,29,
com.nitrome.util.CustomCursor,onLoad,False,False,,__Packages/com/nitrome/util/CustomCursor.as,39,
com.nitrome.util.CustomCursor,onEnterFrame,False,False,,__Packages/com/nitrome/util/CustomCursor.as,43,
com.nitrome.util.Global,Global,False,True,,__Packages/com/nitrome/util/Global.as,5,
com.nitrome.util.Global,slide,True,False,"from, to, by",__Packages/com/nitrome/util/Global.as,8,
com.nitrome.util.Global,deceleratingSweep,True,False,"current, target, speed, acceleration, deceleration",__Packages/com/nitrome/util/Global.as,26,
com.nitrome.util.Global,localToLocal,True,False,"pt, fromContext, toContext",__Packages/com/nitrome/util/Global.as,43,
com.nitrome.util.Global,negativeModulo,True,False,"a, b",__Packages/com/nitrome/util/Global.as,50,
com.nitrome.util.Global,sign,True,False,n,__Packages/com/nitrome/util/Global.as,58,
com.nitrome.util.Global,whiteOut,True,False,visibility,__Packages/com/nitrome/util/Global.as,70,
com.nitrome.util.Lock,Lock,False,True,,__Packages/com/nitrome/util/Lock.as,5,
com.nitrome.util.MD5,MD5,False,True,"b64pad, chrsz",__Packages/com/nitrome/util/MD5.as,7,
com.nitrome.util.MD5,hash,False,False,s,__Packages/com/nitrome/util/MD5.as,18,
com.nitrome.util.MD5,hex_md5,False,False,s,__Packages/com/nitrome/util/MD5.as,22,
com.nitrome.util.MD5,b64_md5,False,False,s,__Packages/com/nitrome/util/MD5.as,26,
com.nitrome.util.MD5,str_md5,False,False,s,__Packages/com/nitrome/util/MD5.as,30,
com.nitrome.util.MD5,hex_hmac_md5,False,False,"key, data",__Packages/com/nitrome/util/MD5.as,34,
com.nitrome.util.MD5,b64_hmac_md5,False,False,"key, data",__Packages/com/nitrome/util/MD5.as,38,
com.nitrome.util.MD5,str_hmac_md5,False,False,"key, data",__Packages/com/nitrome/util/MD5.as,42,
com.nitrome.util.MD5,md5_cmn,False,False,"q, a, b, x, s, t",__Packages/com/nitrome/util/MD5.as,46,
com.nitrome.util.MD5,md5_ff,False,False,"a, b, c, d, x, s, t",__Packages/com/nitrome/util/MD5.as,50,
com.nitrome.util.MD5,md5_gg,False,False,"a, b, c, d, x, s, t",__Packages/com/nitrome/util/MD5.as,54,
com.nitrome.util.MD5,md5_hh,False,False,"a, b, c, d, x, s, t",__Packages/com/nitrome/util/MD5.as,58,
com.nitrome.util.MD5,md5_ii,False,False,"a, b, c, d, x, s, t",__Packages/com/nitrome/util/MD5.as,62,
com.nitrome.util.MD5,core_md5,False,False,"x, len",__Packages/com/nitrome/util/MD5.as,66,
com.nitrome.util.MD5,core_hmac_md5,False,False,"key, data",__Packages/com/nitrome/util/MD5.as,157,
com.nitrome.util.MD5,safe_add,False,False,"x, y",__Packages/com/nitrome/util/MD5.as,176,
com.nitrome.util.MD5,bit_rol,False,False,"num, cnt",__Packages/com/nitrome/util/MD5.as,182,
com.nitrome.util.MD5,str2binl,False,False,str,__Packages/com/nitrome/util/MD5.as,186,
com.nitrome.util.MD5,binl2str,False,False,bin,__Packages/com/nitrome/util/MD5.as,198,
com.nitrome.util.MD5,binl2hex,False,False,binarray,__Packages/com/nitrome/util/MD5.as,210,
com.nitrome.util.MD5,binl2b64,False,False,binarray,__Packages/com/nitrome/util/MD5.as,222,
com.nitrome.util.Trig,Trig,False,True,,__Packages/com/nitrome/util/Trig.as,7,
com.nitrome.util.Trig,setup,True,False,,__Packages/com/nitrome/util/Trig.as,10,
com.senocular.drawing.DashedLine,DashedLine,False,True,"target, onLength, offLength",__Packages/com/senocular/drawing/DashedLine.as,13,
com.senocular.drawing.DashedLine,setDash,False,False,"onLength, offLength",__Packages/com/senocular/drawing/DashedLine.as,21,
com.senocular.drawing.DashedLine,getDash,False,False,Void,__Packages/com/senocular/drawing/DashedLine.as,27,
com.senocular.drawing.DashedLine,moveTo,False,False,"x, y",__Packages/com/senocular/drawing/DashedLine.as,31,
com.senocular.drawing.DashedLine,lineTo,False,False,"x, y",__Packages/com/senocular/drawing/DashedLine.as,35,
com.senocular.drawing.DashedLine,curveTo,False,False,"cx, cy, x, y",__Packages/com/senocular/drawing/DashedLine.as,148,
com.senocular.drawing.DashedLine,clear,False,False,Void,__Packages/com/senocular/drawing/DashedLine.as,274,
com.senocular.drawing.DashedLine,lineStyle,False,False,"thickness, rgb, alpha",__Packages/com/senocular/drawing/DashedLine.as,278,
com.senocular.drawing.DashedLine,beginFill,False,False,"rgb, alpha",__Packages/com/senocular/drawing/DashedLine.as,282,
com.senocular.drawing.DashedLine,beginGradientFill,False,False,"fillType, colors, alphas, ratios, matrix",__Packages/com/senocular/drawing/DashedLine.as,286,
com.senocular.drawing.DashedLine,endFill,False,False,Void,__Packages/com/senocular/drawing/DashedLine.as,290,
com.senocular.drawing.DashedLine,lineLength,False,False,"sx, sy, ex, ey",__Packages/com/senocular/drawing/DashedLine.as,294,
com.senocular.drawing.DashedLine,curveLength,False,False,"sx, sy, cx, cy, ex, ey, accuracy",__Packages/com/senocular/drawing/DashedLine.as,304,
com.senocular.drawing.DashedLine,curveSlice,False,False,"sx, sy, cx, cy, ex, ey, t1, t2",__Packages/com/senocular/drawing/DashedLine.as,334,
com.senocular.drawing.DashedLine,curveSliceUpTo,False,False,"sx, sy, cx, cy, ex, ey, t",__Packages/com/senocular/drawing/DashedLine.as,348,
com.senocular.drawing.DashedLine,curveSliceFrom,False,False,"sx, sy, cx, cy, ex, ey, t",__Packages/com/senocular/drawing/DashedLine.as,367,
com.senocular.drawing.DashedLine,targetMoveTo,False,False,"x, y",__Packages/com/senocular/drawing/DashedLine.as,386,
com.senocular.drawing.DashedLine,targetLineTo,False,False,"x, y",__Packages/com/senocular/drawing/DashedLine.as,391,
com.senocular.drawing.DashedLine,targetCurveTo,False,False,"cx, cy, x, y",__Packages/com/senocular/drawing/DashedLine.as,400,
DangleFont,DangleFont,False,True,,__Packages/DangleFont.as,19,
DangleFont,init,False,False,,__Packages/DangleFont.as,23,
DangleFont,text,False,False,,__Packages/DangleFont.as,33,get
DangleFont,text,False,False,newText,__Packages/DangleFont.as,37,set
DangleFont,tracking,False,False,,__Packages/DangleFont.as,42,get
DangleFont,tracking,False,False,newTracking,__Packages/DangleFont.as,46,set
DangleFont,line_spacing,False,False,,__Packages/DangleFont.as,51,get
DangleFont,line_spacing,False,False,newLine_spacing,__Packages/DangleFont.as,55,set
DangleFont,align,False,False,,__Packages/DangleFont.as,60,get
DangleFont,align,False,False,newAlign,__Packages/DangleFont.as,64,set
DangleFont,draw,False,False,,__Packages/DangleFont.as,69,
mx.controls.SimpleButton,SimpleButton,False,True,,__Packages/mx/controls/SimpleButton.as,91,
mx.controls.SimpleButton,init,False,False,Void,__Packages/mx/controls/SimpleButton.as,95,
mx.controls.SimpleButton,createChildren,False,False,Void,__Packages/mx/controls/SimpleButton.as,105,
mx.controls.SimpleButton,setIcon,False,False,"tag, linkageName",__Packages/mx/controls/SimpleButton.as,139,
mx.controls.SimpleButton,changeIcon,False,False,"tag, linkageName",__Packages/mx/controls/SimpleButton.as,143,
mx.controls.SimpleButton,changeSkin,False,False,"tag, linkageName",__Packages/mx/controls/SimpleButton.as,151,
mx.controls.SimpleButton,viewIcon,False,False,varName,__Packages/mx/controls/SimpleButton.as,158,
mx.controls.SimpleButton,removeIcons,False,False,,__Packages/mx/controls/SimpleButton.as,188,
mx.controls.SimpleButton,setSkin,False,False,"tag, linkageName, initobj",__Packages/mx/controls/SimpleButton.as,205,
mx.controls.SimpleButton,calcSize,False,False,Void,__Packages/mx/controls/SimpleButton.as,211,
mx.controls.SimpleButton,viewSkin,False,False,"varName, initObj",__Packages/mx/controls/SimpleButton.as,216,
mx.controls.SimpleButton,showEmphasized,False,False,e,__Packages/mx/controls/SimpleButton.as,242,
mx.controls.SimpleButton,refresh,False,False,Void,__Packages/mx/controls/SimpleButton.as,262,
mx.controls.SimpleButton,setView,False,False,offset,__Packages/mx/controls/SimpleButton.as,278,
mx.controls.SimpleButton,setStateVar,False,False,state,__Packages/mx/controls/SimpleButton.as,288,
mx.controls.SimpleButton,setState,False,False,state,__Packages/mx/controls/SimpleButton.as,342,
mx.controls.SimpleButton,size,False,False,Void,__Packages/mx/controls/SimpleButton.as,350,
mx.controls.SimpleButton,draw,False,False,Void,__Packages/mx/controls/SimpleButton.as,354,
mx.controls.SimpleButton,getState,False,False,Void,__Packages/mx/controls/SimpleButton.as,364,
mx.controls.SimpleButton,setToggle,False,False,val,__Packages/mx/controls/SimpleButton.as,368,
mx.controls.SimpleButton,getToggle,False,False,Void,__Packages/mx/controls/SimpleButton.as,376,
mx.controls.SimpleButton,toggle,False,False,val,__Packages/mx/controls/SimpleButton.as,380,set
mx.controls.SimpleButton,toggle,False,False,,__Packages/mx/controls/SimpleButton.as,384,get
mx.controls.SimpleButton,value,False,False,val,__Packages/mx/controls/SimpleButton.as,388,set
mx.controls.SimpleButton,value,False,False,,__Packages/mx/controls/SimpleButton.as,392,get
mx.controls.SimpleButton,selected,False,False,val,__Packages/mx/controls/SimpleButton.as,396,set
mx.controls.SimpleButton,selected,False,False,,__Packages/mx/controls/SimpleButton.as,400,get
mx.controls.SimpleButton,setSelected,False,False,val,__Packages/mx/controls/SimpleButton.as,404,
mx.controls.SimpleButton,getSelected,False,False,,__Packages/mx/controls/SimpleButton.as,415,
mx.controls.SimpleButton,setEnabled,False,False,val,__Packages/mx/controls/SimpleButton.as,419,
mx.controls.SimpleButton,onPress,False,False,Void,__Packages/mx/controls/SimpleButton.as,427,
mx.controls.SimpleButton,onPressDelay,False,False,Void,__Packages/mx/controls/SimpleButton.as,438,
mx.controls.SimpleButton,onPressRepeat,False,False,Void,__Packages/mx/controls/SimpleButton.as,447,
mx.controls.SimpleButton,onRelease,False,False,Void,__Packages/mx/controls/SimpleButton.as,452,
mx.controls.SimpleButton,onDragOut,False,False,Void,__Packages/mx/controls/SimpleButton.as,471,
mx.controls.SimpleButton,onDragOver,False,False,Void,__Packages/mx/controls/SimpleButton.as,477,
mx.controls.SimpleButton,onReleaseOutside,False,False,Void,__Packages/mx/controls/SimpleButton.as,487,
mx.controls.SimpleButton,onRollOver,False,False,Void,__Packages/mx/controls/SimpleButton.as,497,
mx.controls.SimpleButton,onRollOut,False,False,Void,__Packages/mx/controls/SimpleButton.as,502,
mx.controls.SimpleButton,getLabel,False,False,Void,__Packages/mx/controls/SimpleButton.as,507,
mx.controls.SimpleButton,setLabel,False,False,val,__Packages/mx/controls/SimpleButton.as,511,
mx.controls.SimpleButton,emphasized,False,False,,__Packages/mx/controls/SimpleButton.as,529,get
mx.controls.SimpleButton,emphasized,False,False,val,__Packages/mx/controls/SimpleButton.as,533,set
mx.controls.SimpleButton,keyDown,False,False,e,__Packages/mx/controls/SimpleButton.as,550,
mx.controls.SimpleButton,keyUp,False,False,e,__Packages/mx/controls/SimpleButton.as,557,
mx.controls.SimpleButton,onKillFocus,False,False,newFocus,__Packages/mx/controls/SimpleButton.as,564,
mx.core.ext.UIComponentExtensions,UIComponentExtensions,False,True,,__Packages/mx/core/ext/UIComponentExtensions.as,13,
mx.core.ext.UIComponentExtensions,Extensions,True,False,,__Packages/mx/core/ext/UIComponentExtensions.as,16,
mx.core.ext.UIObjectExtensions,UIObjectExtensions,False,True,,__Packages/mx/core/ext/UIObjectExtensions.as,33,
mx.core.ext.UIObjectExtensions,addGeometry,True,False,"tf, ui",__Packages/mx/core/ext/UIObjectExtensions.as,36,
mx.core.ext.UIObjectExtensions,Extensions,True,False,,__Packages/mx/core/ext/UIObjectExtensions.as,48,
mx.core.UIComponent,UIComponent,False,True,,__Packages/mx/core/UIComponent.as,27,
mx.core.UIComponent,width,False,False,,__Packages/mx/core/UIComponent.as,31,get
mx.core.UIComponent,height,False,False,,__Packages/mx/core/UIComponent.as,35,get
mx.core.UIComponent,setVisible,False,False,"x, noEvent",__Packages/mx/core/UIComponent.as,39,
mx.core.UIComponent,enabledChanged,False,False,"id, oldValue, newValue",__Packages/mx/core/UIComponent.as,43,
mx.core.UIComponent,setEnabled,False,False,enabled,__Packages/mx/core/UIComponent.as,50,
mx.core.UIComponent,getFocus,False,False,,__Packages/mx/core/UIComponent.as,54,
mx.core.UIComponent,setFocus,False,False,,__Packages/mx/core/UIComponent.as,59,
mx.core.UIComponent,getFocusManager,False,False,,__Packages/mx/core/UIComponent.as,63,
mx.core.UIComponent,onKillFocus,False,False,newFocus,__Packages/mx/core/UIComponent.as,76,
mx.core.UIComponent,onSetFocus,False,False,oldFocus,__Packages/mx/core/UIComponent.as,83,
mx.core.UIComponent,findFocusInChildren,False,False,o,__Packages/mx/core/UIComponent.as,93,
mx.core.UIComponent,findFocusFromObject,False,False,o,__Packages/mx/core/UIComponent.as,105,
mx.core.UIComponent,pressFocus,False,False,,__Packages/mx/core/UIComponent.as,128,
mx.core.UIComponent,releaseFocus,False,False,,__Packages/mx/core/UIComponent.as,141,
mx.core.UIComponent,isParent,False,False,o,__Packages/mx/core/UIComponent.as,149,
mx.core.UIComponent,size,False,False,,__Packages/mx/core/UIComponent.as,161,
mx.core.UIComponent,init,False,False,,__Packages/mx/core/UIComponent.as,164,
mx.core.UIComponent,dispatchValueChangedEvent,False,False,value,__Packages/mx/core/UIComponent.as,176,
mx.core.UIObject,UIObject,False,True,,__Packages/mx/core/UIObject.as,47,
mx.core.UIObject,width,False,False,,__Packages/mx/core/UIObject.as,52,get
mx.core.UIObject,height,False,False,,__Packages/mx/core/UIObject.as,56,get
mx.core.UIObject,left,False,False,,__Packages/mx/core/UIObject.as,60,get
mx.core.UIObject,x,False,False,,__Packages/mx/core/UIObject.as,64,get
mx.core.UIObject,top,False,False,,__Packages/mx/core/UIObject.as,68,get
mx.core.UIObject,y,False,False,,__Packages/mx/core/UIObject.as,72,get
mx.core.UIObject,right,False,False,,__Packages/mx/core/UIObject.as,76,get
mx.core.UIObject,bottom,False,False,,__Packages/mx/core/UIObject.as,80,get
mx.core.UIObject,getMinHeight,False,False,Void,__Packages/mx/core/UIObject.as,84,
mx.core.UIObject,setMinHeight,False,False,h,__Packages/mx/core/UIObject.as,88,
mx.core.UIObject,minHeight,False,False,,__Packages/mx/core/UIObject.as,92,get
mx.core.UIObject,minHeight,False,False,h,__Packages/mx/core/UIObject.as,96,set
mx.core.UIObject,getMinWidth,False,False,Void,__Packages/mx/core/UIObject.as,100,
mx.core.UIObject,setMinWidth,False,False,w,__Packages/mx/core/UIObject.as,104,
mx.core.UIObject,minWidth,False,False,,__Packages/mx/core/UIObject.as,108,get
mx.core.UIObject,minWidth,False,False,w,__Packages/mx/core/UIObject.as,112,set
mx.core.UIObject,setVisible,False,False,"x, noEvent",__Packages/mx/core/UIObject.as,116,
mx.core.UIObject,visible,False,False,,__Packages/mx/core/UIObject.as,127,get
mx.core.UIObject,visible,False,False,x,__Packages/mx/core/UIObject.as,131,set
mx.core.UIObject,scaleX,False,False,,__Packages/mx/core/UIObject.as,135,get
mx.core.UIObject,scaleX,False,False,x,__Packages/mx/core/UIObject.as,139,set
mx.core.UIObject,scaleY,False,False,,__Packages/mx/core/UIObject.as,143,get
mx.core.UIObject,scaleY,False,False,y,__Packages/mx/core/UIObject.as,147,set
mx.core.UIObject,doLater,False,False,"obj, fn",__Packages/mx/core/UIObject.as,151,
mx.core.UIObject,doLaterDispatcher,False,False,Void,__Packages/mx/core/UIObject.as,160,
mx.core.UIObject,cancelAllDoLaters,False,False,Void,__Packages/mx/core/UIObject.as,178,
mx.core.UIObject,invalidate,False,False,Void,__Packages/mx/core/UIObject.as,183,
mx.core.UIObject,invalidateStyle,False,False,Void,__Packages/mx/core/UIObject.as,188,
mx.core.UIObject,redraw,False,False,bAlways,__Packages/mx/core/UIObject.as,192,
mx.core.UIObject,draw,False,False,Void,__Packages/mx/core/UIObject.as,206,
mx.core.UIObject,move,False,False,"x, y, noEvent",__Packages/mx/core/UIObject.as,209,
mx.core.UIObject,setSize,False,False,"w, h, noEvent",__Packages/mx/core/UIObject.as,220,
mx.core.UIObject,size,False,False,Void,__Packages/mx/core/UIObject.as,232,
mx.core.UIObject,drawRect,False,False,"x1, y1, x2, y2",__Packages/mx/core/UIObject.as,237,
mx.core.UIObject,createLabel,False,False,"name, depth, text",__Packages/mx/core/UIObject.as,245,
mx.core.UIObject,createObject,False,False,"linkageName, id, depth, initobj",__Packages/mx/core/UIObject.as,262,
mx.core.UIObject,createClassObject,False,False,"className, id, depth, initobj",__Packages/mx/core/UIObject.as,266,
mx.core.UIObject,createEmptyObject,False,False,"id, depth",__Packages/mx/core/UIObject.as,280,
mx.core.UIObject,destroyObject,False,False,id,__Packages/mx/core/UIObject.as,284,
mx.core.UIObject,getSkinIDName,False,False,tag,__Packages/mx/core/UIObject.as,300,
mx.core.UIObject,setSkin,False,False,"tag, linkageName, initObj",__Packages/mx/core/UIObject.as,304,
mx.core.UIObject,createSkin,False,False,tag,__Packages/mx/core/UIObject.as,312,
mx.core.UIObject,createChildren,False,False,Void,__Packages/mx/core/UIObject.as,318,
mx.core.UIObject,_createChildren,False,False,Void,__Packages/mx/core/UIObject.as,321,
mx.core.UIObject,constructObject,False,False,Void,__Packages/mx/core/UIObject.as,326,
mx.core.UIObject,initFromClipParameters,False,False,Void,__Packages/mx/core/UIObject.as,345,
mx.core.UIObject,init,False,False,Void,__Packages/mx/core/UIObject.as,371,
mx.core.UIObject,getClassStyleDeclaration,False,False,Void,__Packages/mx/core/UIObject.as,388,
mx.core.UIObject,setColor,False,False,color,__Packages/mx/core/UIObject.as,405,
mx.core.UIObject,__getTextFormat,False,False,"tf, bAll",__Packages/mx/core/UIObject.as,408,
mx.core.UIObject,_getTextFormat,False,False,Void,__Packages/mx/core/UIObject.as,531,
mx.core.UIObject,getStyleName,False,False,Void,__Packages/mx/core/UIObject.as,549,
mx.core.UIObject,getStyle,False,False,styleProp,__Packages/mx/core/UIObject.as,566,
mx.core.UIObject,mergeClipParameters,True,False,"o, p",__Packages/mx/core/UIObject.as,635,
mx.events.EventDispatcher,EventDispatcher,False,True,,__Packages/mx/events/EventDispatcher.as,7,
mx.events.EventDispatcher,_removeEventListener,True,False,"queue, event, handler",__Packages/mx/events/EventDispatcher.as,10,
mx.events.EventDispatcher,initialize,True,False,object,__Packages/mx/events/EventDispatcher.as,31,
mx.events.EventDispatcher,dispatchQueue,False,False,"queueObj, eventObj",__Packages/mx/events/EventDispatcher.as,42,
mx.events.EventDispatcher,dispatchEvent,False,False,eventObj,__Packages/mx/events/EventDispatcher.as,76,
mx.events.EventDispatcher,addEventListener,False,False,"event, handler",__Packages/mx/events/EventDispatcher.as,85,
mx.events.EventDispatcher,removeEventListener,False,False,"event, handler",__Packages/mx/events/EventDispatcher.as,96,
mx.events.UIEventDispatcher,UIEventDispatcher,False,True,,__Packages/mx/events/UIEventDispatcher.as,12,
mx.events.UIEventDispatcher,addKeyEvents,True,False,obj,__Packages/mx/events/UIEventDispatcher.as,16,
mx.events.UIEventDispatcher,removeKeyEvents,True,False,obj,__Packages/mx/events/UIEventDispatcher.as,29,
mx.events.UIEventDispatcher,addLoadEvents,True,False,obj,__Packages/mx/events/UIEventDispatcher.as,33,
mx.events.UIEventDispatcher,removeLoadEvents,True,False,obj,__Packages/mx/events/UIEventDispatcher.as,45,
mx.events.UIEventDispatcher,initialize,True,False,obj,__Packages/mx/events/UIEventDispatcher.as,50,
mx.events.UIEventDispatcher,dispatchEvent,False,False,eventObj,__Packages/mx/events/UIEventDispatcher.as,62,
mx.events.UIEventDispatcher,onKeyDown,False,False,Void,__Packages/mx/events/UIEventDispatcher.as,72,
mx.events.UIEventDispatcher,onKeyUp,False,False,Void,__Packages/mx/events/UIEventDispatcher.as,76,
mx.events.UIEventDispatcher,onLoad,False,False,Void,__Packages/mx/events/UIEventDispatcher.as,80,
mx.events.UIEventDispatcher,onUnload,False,False,Void,__Packages/mx/events/UIEventDispatcher.as,88,
mx.events.UIEventDispatcher,__addEventListener,False,False,"event, handler",__Packages/mx/events/UIEventDispatcher.as,92,
mx.events.UIEventDispatcher,removeEventListener,False,False,"event, handler",__Packages/mx/events/UIEventDispatcher.as,106,
mx.managers.DepthManager,DepthManager,False,True,,__Packages/mx/managers/DepthManager.as,24,
mx.managers.DepthManager,sortFunction,True,False,"a, b",__Packages/mx/managers/DepthManager.as,45,
mx.managers.DepthManager,test,True,False,depth,__Packages/mx/managers/DepthManager.as,53,
mx.managers.DepthManager,createClassObjectAtDepth,True,False,"className, depthSpace, initObj",__Packages/mx/managers/DepthManager.as,61,
mx.managers.DepthManager,createObjectAtDepth,True,False,"linkageName, depthSpace, initObj",__Packages/mx/managers/DepthManager.as,74,
mx.managers.DepthManager,createClassChildAtDepth,False,False,"className, depthFlag, initObj",__Packages/mx/managers/DepthManager.as,87,
mx.managers.DepthManager,createChildAtDepth,False,False,"linkageName, depthFlag, initObj",__Packages/mx/managers/DepthManager.as,118,
mx.managers.DepthManager,setDepthTo,False,False,depthFlag,__Packages/mx/managers/DepthManager.as,149,
mx.managers.DepthManager,setDepthAbove,False,False,targetInstance,__Packages/mx/managers/DepthManager.as,170,
mx.managers.DepthManager,setDepthBelow,False,False,targetInstance,__Packages/mx/managers/DepthManager.as,199,
mx.managers.DepthManager,findNextAvailableDepth,False,False,"targetDepth, depthTable, direction",__Packages/mx/managers/DepthManager.as,239,
mx.managers.DepthManager,shuffleDepths,False,False,"subject, targetDepth, depthTable, direction",__Packages/mx/managers/DepthManager.as,266,
mx.managers.DepthManager,getDepthByFlag,False,False,"depthFlag, depthTable",__Packages/mx/managers/DepthManager.as,365,
mx.managers.DepthManager,buildDepthTable,False,False,Void,__Packages/mx/managers/DepthManager.as,462,
mx.managers.FocusManager,FocusManager,False,True,,__Packages/mx/managers/FocusManager.as,48,
mx.managers.FocusManager,defaultPushButton,False,False,,__Packages/mx/managers/FocusManager.as,52,get
mx.managers.FocusManager,defaultPushButton,False,False,x,__Packages/mx/managers/FocusManager.as,56,set
mx.managers.FocusManager,getMaxTabIndex,False,False,o,__Packages/mx/managers/FocusManager.as,66,
mx.managers.FocusManager,getNextTabIndex,False,False,Void,__Packages/mx/managers/FocusManager.as,96,
mx.managers.FocusManager,nextTabIndex,False,False,,__Packages/mx/managers/FocusManager.as,100,get
mx.managers.FocusManager,relocate,False,False,Void,__Packages/mx/managers/FocusManager.as,104,
mx.managers.FocusManager,init,False,False,Void,__Packages/mx/managers/FocusManager.as,109,
mx.managers.FocusManager,enabledChanged,False,False,"id, oldValue, newValue",__Packages/mx/managers/FocusManager.as,132,
mx.managers.FocusManager,activate,False,False,Void,__Packages/mx/managers/FocusManager.as,137,
mx.managers.FocusManager,deactivate,False,False,Void,__Packages/mx/managers/FocusManager.as,150,
mx.managers.FocusManager,isOurFocus,False,False,o,__Packages/mx/managers/FocusManager.as,163,
mx.managers.FocusManager,onSetFocus,False,False,"o, n",__Packages/mx/managers/FocusManager.as,183,
mx.managers.FocusManager,restoreFocus,False,False,Void,__Packages/mx/managers/FocusManager.as,204,
mx.managers.FocusManager,onUnload,False,False,Void,__Packages/mx/managers/FocusManager.as,224,
mx.managers.FocusManager,setFocus,False,False,o,__Packages/mx/managers/FocusManager.as,228,
mx.managers.FocusManager,getActualFocus,False,False,o,__Packages/mx/managers/FocusManager.as,243,
mx.managers.FocusManager,getSelectionFocus,False,False,,__Packages/mx/managers/FocusManager.as,273,
mx.managers.FocusManager,getFocus,False,False,Void,__Packages/mx/managers/FocusManager.as,279,
mx.managers.FocusManager,walkTree,False,False,"p, index, groupName, dir, lookup, firstChild",__Packages/mx/managers/FocusManager.as,284,
mx.managers.FocusManager,getTabCandidate,False,False,"o, index, groupName, dir, firstChild",__Packages/mx/managers/FocusManager.as,448,
mx.managers.FocusManager,getTabCandidateFromChildren,False,False,"o, index, groupName, dir, firstChild",__Packages/mx/managers/FocusManager.as,468,
mx.managers.FocusManager,getFocusManagerFromObject,False,False,o,__Packages/mx/managers/FocusManager.as,472,
mx.managers.FocusManager,tabHandler,False,False,Void,__Packages/mx/managers/FocusManager.as,484,
mx.managers.FocusManager,onKeyDown,False,False,Void,__Packages/mx/managers/FocusManager.as,607,
mx.managers.FocusManager,sendDefaultPushButtonEvent,False,False,Void,__Packages/mx/managers/FocusManager.as,621,
mx.managers.FocusManager,getMousedComponentFromChildren,False,False,"x, y, o",__Packages/mx/managers/FocusManager.as,625,
mx.managers.FocusManager,mouseActivate,False,False,Void,__Packages/mx/managers/FocusManager.as,652,
mx.managers.FocusManager,_onMouseDown,False,False,Void,__Packages/mx/managers/FocusManager.as,692,
mx.managers.FocusManager,onMouseUp,False,False,Void,__Packages/mx/managers/FocusManager.as,707,
mx.managers.FocusManager,handleEvent,False,False,e,__Packages/mx/managers/FocusManager.as,714,
mx.managers.FocusManager,enableFocusManagement,True,False,,__Packages/mx/managers/FocusManager.as,725,
mx.managers.OverlappedWindows,OverlappedWindows,False,True,,__Packages/mx/managers/OverlappedWindows.as,7,
mx.managers.OverlappedWindows,checkIdle,True,False,Void,__Packages/mx/managers/OverlappedWindows.as,10,
mx.managers.OverlappedWindows,__addEventListener,True,False,"e, o, l",__Packages/mx/managers/OverlappedWindows.as,21,
mx.managers.OverlappedWindows,__removeEventListener,True,False,"e, o, l",__Packages/mx/managers/OverlappedWindows.as,32,
mx.managers.OverlappedWindows,onMouseDown,True,False,Void,__Packages/mx/managers/OverlappedWindows.as,46,
mx.managers.OverlappedWindows,onMouseMove,True,False,Void,__Packages/mx/managers/OverlappedWindows.as,93,
mx.managers.OverlappedWindows,onMouseUp,True,False,Void,__Packages/mx/managers/OverlappedWindows.as,97,
mx.managers.OverlappedWindows,activate,True,False,f,__Packages/mx/managers/OverlappedWindows.as,102,
mx.managers.OverlappedWindows,deactivate,True,False,f,__Packages/mx/managers/OverlappedWindows.as,116,
mx.managers.OverlappedWindows,addFocusManager,True,False,f,__Packages/mx/managers/OverlappedWindows.as,157,
mx.managers.OverlappedWindows,removeFocusManager,True,False,f,__Packages/mx/managers/OverlappedWindows.as,162,
mx.managers.OverlappedWindows,enableOverlappedWindows,True,False,,__Packages/mx/managers/OverlappedWindows.as,181,
mx.managers.SystemManager,SystemManager,False,True,,__Packages/mx/managers/SystemManager.as,24,
mx.managers.SystemManager,init,True,False,Void,__Packages/mx/managers/SystemManager.as,27,
mx.managers.SystemManager,addFocusManager,True,False,f,__Packages/mx/managers/SystemManager.as,41,
mx.managers.SystemManager,removeFocusManager,True,False,f,__Packages/mx/managers/SystemManager.as,46,
mx.managers.SystemManager,onMouseDown,True,False,Void,__Packages/mx/managers/SystemManager.as,49,
mx.managers.SystemManager,onResize,True,False,Void,__Packages/mx/managers/SystemManager.as,54,
mx.managers.SystemManager,screen,True,False,,__Packages/mx/managers/SystemManager.as,110,get
mx.skins.ColoredSkinElement,ColoredSkinElement,False,True,,__Packages/mx/skins/ColoredSkinElement.as,9,
mx.skins.ColoredSkinElement,setColor,False,False,c,__Packages/mx/skins/ColoredSkinElement.as,12,
mx.skins.ColoredSkinElement,draw,False,False,Void,__Packages/mx/skins/ColoredSkinElement.as,21,
mx.skins.ColoredSkinElement,invalidateStyle,False,False,Void,__Packages/mx/skins/ColoredSkinElement.as,26,
mx.skins.ColoredSkinElement,setColorStyle,True,False,"p, colorStyle",__Packages/mx/skins/ColoredSkinElement.as,30,
mx.skins.halo.Defaults,Defaults,False,True,,__Packages/mx/skins/halo/Defaults.as,15,
mx.skins.halo.Defaults,setThemeDefaults,True,False,,__Packages/mx/skins/halo/Defaults.as,18,
mx.skins.halo.Defaults,drawRoundRect,False,False,"x, y, w, h, r, c, alpha, rot, gradient, ratios",__Packages/mx/skins/halo/Defaults.as,131,
mx.skins.halo.Defaults,classConstruct,True,False,,__Packages/mx/skins/halo/Defaults.as,218,
mx.skins.halo.FocusRect,FocusRect,False,True,,__Packages/mx/skins/halo/FocusRect.as,25,
mx.skins.halo.FocusRect,draw,False,False,o,__Packages/mx/skins/halo/FocusRect.as,31,
mx.skins.halo.FocusRect,setSize,False,False,"w, h, r, a, rectCol",__Packages/mx/skins/halo/FocusRect.as,35,
mx.skins.halo.FocusRect,handleEvent,False,False,e,__Packages/mx/skins/halo/FocusRect.as,93,
mx.skins.halo.FocusRect,classConstruct,True,False,,__Packages/mx/skins/halo/FocusRect.as,108,
mx.skins.SkinElement,SkinElement,False,True,,__Packages/mx/skins/SkinElement.as,5,
mx.skins.SkinElement,registerElement,True,False,"name, className",__Packages/mx/skins/SkinElement.as,9,
mx.skins.SkinElement,__set__visible,False,False,visible,__Packages/mx/skins/SkinElement.as,14,
mx.skins.SkinElement,move,False,False,"x, y",__Packages/mx/skins/SkinElement.as,18,
mx.skins.SkinElement,setSize,False,False,"w, h",__Packages/mx/skins/SkinElement.as,23,
mx.styles.CSSSetStyle,CSSSetStyle,False,True,,__Packages/mx/styles/CSSSetStyle.as,12,
mx.styles.CSSSetStyle,_setStyle,False,False,"styleProp, newValue",__Packages/mx/styles/CSSSetStyle.as,15,
mx.styles.CSSSetStyle,changeTextStyleInChildren,False,False,styleProp,__Packages/mx/styles/CSSSetStyle.as,95,
mx.styles.CSSSetStyle,changeColorStyleInChildren,False,False,"sheetName, colorStyle, newValue",__Packages/mx/styles/CSSSetStyle.as,119,
mx.styles.CSSSetStyle,notifyStyleChangeInChildren,False,False,"sheetName, styleProp, newValue",__Packages/mx/styles/CSSSetStyle.as,171,
mx.styles.CSSSetStyle,setStyle,False,False,"styleProp, newValue",__Packages/mx/styles/CSSSetStyle.as,199,
mx.styles.CSSSetStyle,enableRunTimeCSS,True,False,,__Packages/mx/styles/CSSSetStyle.as,301,
mx.styles.CSSSetStyle,classConstruct,True,False,,__Packages/mx/styles/CSSSetStyle.as,304,
mx.styles.CSSStyleDeclaration,CSSStyleDeclaration,False,True,,__Packages/mx/styles/CSSStyleDeclaration.as,8,
mx.styles.CSSStyleDeclaration,__getTextFormat,False,False,"tf, bAll",__Packages/mx/styles/CSSStyleDeclaration.as,11,
mx.styles.CSSStyleDeclaration,getStyle,False,False,styleProp,__Packages/mx/styles/CSSStyleDeclaration.as,43,
mx.styles.CSSStyleDeclaration,classConstruct,True,False,,__Packages/mx/styles/CSSStyleDeclaration.as,49,
mx.styles.CSSTextStyles,CSSTextStyles,False,True,,__Packages/mx/styles/CSSTextStyles.as,6,
mx.styles.CSSTextStyles,addTextStyles,True,False,"o, bColor",__Packages/mx/styles/CSSTextStyles.as,9,
mx.styles.StyleManager,StyleManager,False,True,,__Packages/mx/styles/StyleManager.as,10,
mx.styles.StyleManager,registerInheritingStyle,True,False,styleName,__Packages/mx/styles/StyleManager.as,13,
mx.styles.StyleManager,isInheritingStyle,True,False,styleName,__Packages/mx/styles/StyleManager.as,17,
mx.styles.StyleManager,registerColorStyle,True,False,styleName,__Packages/mx/styles/StyleManager.as,21,
mx.styles.StyleManager,isColorStyle,True,False,styleName,__Packages/mx/styles/StyleManager.as,25,
mx.styles.StyleManager,registerColorName,True,False,"colorName, colorValue",__Packages/mx/styles/StyleManager.as,29,
mx.styles.StyleManager,isColorName,True,False,colorName,__Packages/mx/styles/StyleManager.as,33,
mx.styles.StyleManager,getColorName,True,False,colorName,__Packages/mx/styles/StyleManager.as,37,
mx.utils.Delegate,Delegate,False,True,f,__Packages/mx/utils/Delegate.as,6,
mx.utils.Delegate,create,True,False,"obj, func",__Packages/mx/utils/Delegate.as,11,
mx.utils.Delegate,createDelegate,False,False,obj,__Packages/mx/utils/Delegate.as,23,
NitromeGame,NitromeGame,False,True,,__Packages/NitromeGame.as,18,
NitromeGame,init,False,False,"game_id, level_id, total_levels",__Packages/NitromeGame.as,21,
NitromeGame,getGameId,False,False,,__Packages/NitromeGame.as,27,
NitromeGame,getTotalLevels,False,False,,__Packages/NitromeGame.as,31,
NitromeGame,getNitrome,False,False,,__Packages/NitromeGame.as,35,
NitromeGame,getSwfPath,False,False,,__Packages/NitromeGame.as,63,
NitromeGame,getLevelName,False,False,"level_number, file_ext",__Packages/NitromeGame.as,78,
NitromeGame,setLevelUnlocked,False,False,"level_number, save_id",__Packages/NitromeGame.as,84,
NitromeGame,getLevelUnlocked,False,False,"level_number, save_id",__Packages/NitromeGame.as,129,
NitromeGame,setLevelScore,False,False,"score, level_number, save_id",__Packages/NitromeGame.as,177,
NitromeGame,getLevelScore,False,False,"level_number, save_id",__Packages/NitromeGame.as,206,
NitromeGame,getTotalScore,False,False,save_id,__Packages/NitromeGame.as,229,
NitromeGame,getLastSavedScore,False,False,save_id,__Packages/NitromeGame.as,262,
NitromeGame,setLastSavedScore,False,False,"score, save_id",__Packages/NitromeGame.as,285,
NitromeGame,getSubmitScoreUrl,False,False,,__Packages/NitromeGame.as,296,
NitromeGame,getRetrieveScoreUrl,False,False,,__Packages/NitromeGame.as,300,
NitromeGame,getHighscoreLine,False,False,"data_string, pos",__Packages/NitromeGame.as,304,
NitromeGame,displayNextButton,False,False,data_string,__Packages/NitromeGame.as,323,
NitromeGame,displayPreviousButton,False,False,data_string,__Packages/NitromeGame.as,336,
NitromeGame,getScoreData,False,False,"score, username",__Packages/NitromeGame.as,349,
NitromeGame,encryptString,False,False,"key, s",__Packages/NitromeGame.as,358,
NitromeGame,convertKey,False,False,key,__Packages/NitromeGame.as,395,
NitromeGame,applyFudgeFactor,False,False,,__Packages/NitromeGame.as,424,
NitromeGame,checkRange,False,False,num,__Packages/NitromeGame.as,431,
NitromeGame,decryptString,False,False,"key, s",__Packages/NitromeGame.as,445,
NitromeGame,setMusicOn,False,False,b,__Packages/NitromeGame.as,482,
NitromeGame,getMusicOn,False,False,,__Packages/NitromeGame.as,489,
NitromeGame,setSfxOn,False,False,b,__Packages/NitromeGame.as,508,
NitromeGame,getSfxOn,False,False,,__Packages/NitromeGame.as,515,
NitromeGame,getCandystand,False,False,,__Packages/NitromeGame.as,534,
NitromeGame,getMiniclip,False,False,,__Packages/NitromeGame.as,562,
PirateFont,PirateFont,False,True,,__Packages/PirateFont.as,19,
PirateFont,init,False,False,,__Packages/PirateFont.as,24,
PirateFont,text,False,False,,__Packages/PirateFont.as,32,get
PirateFont,text,False,False,newText,__Packages/PirateFont.as,36,set
PirateFont,tracking,False,False,,__Packages/PirateFont.as,41,get
PirateFont,tracking,False,False,newTracking,__Packages/PirateFont.as,45,set
PirateFont,line_spacing,False,False,,__Packages/PirateFont.as,50,get
PirateFont,line_spacing,False,False,newLine_spacing,__Packages/PirateFont.as,54,set
PirateFont,centered,False,False,,__Packages/PirateFont.as,59,get
PirateFont,centered,False,False,newCentered,__Packages/PirateFont.as,63,set
PirateFont,draw,False,False,,__Packages/PirateFont.as,68,
