symbol,class,source,line,evidence
1p_button,eval,1p_button.as,1,"Object.registerClass(""1p_button"",eval(""com.nitrome.buttons.OnePlayerButton""));"
2p_button,eval,2p_button.as,1,"Object.registerClass(""2p_button"",eval(""com.nitrome.buttons.TwoPlayerButton""));"
,,__Packages/mx/core/UIObject.as,271,"Object.registerClass(className.symbolOwner.symbolName,className);"
,,__Packages/mx/core/UIObject.as,276,"Object.registerClass(className.symbolOwner.symbolName,className.symbolOwner);"
FocusManager,mx.managers.FocusManager,__Packages/mx/managers/FocusManager.as,730,"Object.registerClass(""FocusManager"",mx.managers.FocusManager);"
,,__Packages/mx/skins/SkinElement.as,11,"Object.registerClass(name,className != undefined ? className : mx.skins.SkinElement);"
arrow_button,eval,arrow_button.as,1,"Object.registerClass(""arrow_button"",eval(""com.nitrome.highscore.ArrowButton""));"
back to title (congrats),eval,back to title (congrats).as,1,"Object.registerClass(""back to title (congrats)"",eval(""com.nitrome.buttons.BackButton""));"
back to title,eval,back to title.as,1,"Object.registerClass(""back to title"",eval(""com.nitrome.buttons.QuitGameButton""));"
back_button,eval,back_button.as,1,"Object.registerClass(""back_button"",eval(""com.nitrome.buttons.BackButton""));"
cancel player button blue,eval,cancel player button blue.as,1,"Object.registerClass(""cancel player button blue"",eval(""com.nitrome.game.CancelPlayerButton""));"
cancel player button red,eval,cancel player button red.as,1,"Object.registerClass(""cancel player button red"",eval(""com.nitrome.game.CancelPlayerButton""));"
cancel weapon button blue,eval,cancel weapon button blue.as,1,"Object.registerClass(""cancel weapon button blue"",eval(""com.nitrome.game.CancelWeaponButton""));"
cancel weapon button red,eval,cancel weapon button red.as,1,"Object.registerClass(""cancel weapon button red"",eval(""com.nitrome.game.CancelWeaponButton""));"
clear_button,eval,clear_button.as,1,"Object.registerClass(""clear_button"",eval(""com.nitrome.highscore.ClearButton""));"
congrats_background_anim,eval,congrats_background_anim.as,1,"Object.registerClass(""congrats_background_anim"",eval(""com.nitrome.pirate.MenuBackgroundAnim""));"
congrats_button,eval,congrats_button.as,1,"Object.registerClass(""congrats_button"",eval(""com.nitrome.buttons.CongratulationsButton""));"
continue_game,eval,continue_game.as,1,"Object.registerClass(""continue_game"",eval(""com.nitrome.buttons.ContinueGameButton""));"
credits_button,eval,credits_button.as,1,"Object.registerClass(""credits_button"",eval(""com.nitrome.buttons.CreditsButton""));"
cursor,eval,cursor.as,1,"Object.registerClass(""cursor"",eval(""com.nitrome.util.CustomCursor""));"
DangleFont,DangleFont,DangleFont.as,3,"Object.registerClass(""DangleFont"",DangleFont);"
Defaults,eval,Defaults.as,1,"Object.registerClass(""Defaults"",eval(""mx.skins.halo.Defaults""));"
FocusManager,mx.managers.FocusManager,DoInitAction.as,3,"Object.registerClass(""FocusManager"",mx.managers.FocusManager);"
finish turn button,eval,finish turn button.as,1,"Object.registerClass(""finish turn button"",eval(""com.nitrome.game.WeaponSelectButton""));"
FocusManager,eval,FocusManager.as,1,"Object.registerClass(""FocusManager"",eval(""mx.managers.FocusManager""));"
FocusRect,eval,FocusRect.as,1,"Object.registerClass(""FocusRect"",eval(""mx.skins.halo.FocusRect""));"
help_button,eval,help_button.as,1,"Object.registerClass(""help_button"",eval(""com.nitrome.buttons.HelpButton""));"
hiscore_board,eval,hiscore_board.as,1,"Object.registerClass(""hiscore_board"",eval(""com.nitrome.highscore.HiscoreBoard""));"
ingame text area,eval,ingame text area.as,1,"Object.registerClass(""ingame text area"",eval(""com.nitrome.game.IngameTextArea""));"
letter_button_a,eval,letter_button_a.as,1,"Object.registerClass(""letter_button_a"",eval(""com.nitrome.highscore.LetterButton""));"
level_select_2p,eval,level_select_2p.as,1,"Object.registerClass(""level_select_2p"",eval(""com.nitrome.buttons.LevelSelect2p""));"
level_select_button,eval,level_select_button.as,1,"Object.registerClass(""level_select_button"",eval(""com.nitrome.buttons.LevelSelectButton""));"
lock,eval,lock.as,1,"Object.registerClass(""lock"",eval(""com.nitrome.util.Lock""));"
menu_background_anim,eval,menu_background_anim.as,1,"Object.registerClass(""menu_background_anim"",eval(""com.nitrome.pirate.MenuBackgroundAnim""));"
music controller,eval,music controller.as,1,"Object.registerClass(""music controller"",eval(""com.nitrome.game.MusicController""));"
music toggle button,eval,music toggle button.as,1,"Object.registerClass(""music toggle button"",eval(""com.nitrome.game.MusicToggle""));"
next_arrow_button,eval,next_arrow_button.as,1,"Object.registerClass(""next_arrow_button"",eval(""com.nitrome.highscore.ArrowButton""));"
next_level,eval,next_level.as,1,"Object.registerClass(""next_level"",eval(""com.nitrome.buttons.NextLevelButton""));"
PirateFont,PirateFont,PirateFont.as,3,"Object.registerClass(""PirateFont"",PirateFont);"
play_button,eval,play_button.as,1,"Object.registerClass(""play_button"",eval(""com.nitrome.buttons.PlayButton""));"
popup,eval,popup.as,1,"Object.registerClass(""popup"",eval(""com.nitrome.game.IngamePopup""));"
preloader,eval,preloader.as,1,"Object.registerClass(""preloader"",eval(""com.nitrome.game.Preloader""));"
quit level button,eval,quit level button.as,1,"Object.registerClass(""quit level button"",eval(""com.nitrome.game.CornerQuitButton""));"
restart_level,eval,restart_level.as,1,"Object.registerClass(""restart_level"",eval(""com.nitrome.buttons.RestartLevelButton""));"
score_line,eval,score_line.as,1,"Object.registerClass(""score_line"",eval(""com.nitrome.highscore.HiscoreLine""));"
score_submit_panel,eval,score_submit_panel.as,1,"Object.registerClass(""score_submit_panel"",eval(""com.nitrome.highscore.ScoreSubmitPanel""));"
scores_button,eval,scores_button.as,1,"Object.registerClass(""scores_button"",eval(""com.nitrome.buttons.ScoresButton""));"
sfx toggle button,eval,sfx toggle button.as,1,"Object.registerClass(""sfx toggle button"",eval(""com.nitrome.game.FxToggle""));"
sfx_manager,eval,sfx_manager.as,1,"Object.registerClass(""sfx_manager"",eval(""com.nitrome.game.SfxManager""));"
submit_button2,eval,submit_button2.as,1,"Object.registerClass(""submit_button2"",eval(""com.nitrome.highscore.SubmitButton""));"
submit_score,eval,submit_score.as,1,"Object.registerClass(""submit_score"",eval(""com.nitrome.buttons.SubmitScoreButton""));"
transition_tween,eval,transition_tween.as,1,"Object.registerClass(""transition_tween"",eval(""com.nitrome.game.TransitionTween""));"
UIComponent,eval,UIComponent.as,1,"Object.registerClass(""UIComponent"",eval(""mx.core.UIComponent""));"
UIComponentExtensions,eval,UIComponentExtensions.as,1,"Object.registerClass(""UIComponentExtensions"",eval(""mx.core.ext.UIComponentExtensions""));"
UIObject,eval,UIObject.as,1,"Object.registerClass(""UIObject"",eval(""mx.core.UIObject""));"
UIObjectExtensions,eval,UIObjectExtensions.as,1,"Object.registerClass(""UIObjectExtensions"",eval(""mx.core.ext.UIObjectExtensions""));"
weapon select,eval,weapon select.as,1,"Object.registerClass(""weapon select"",eval(""com.nitrome.game.WeaponSelectPanel""));"
weapons button copy,eval,weapons button copy.as,1,"Object.registerClass(""weapons button copy"",eval(""com.nitrome.game.WeaponSelectButton""));"
weapons icon,eval,weapons icon.as,1,"Object.registerClass(""weapons icon"",eval(""com.nitrome.game.WeaponSelectButton""));"
