source,kind,characters,sha256
1p_button.as,linked-symbol,79,cd9f00c5528eedcdb60c0fd59db2e1eb9e9c65e269a30654f4dbc5c832b8ce89
2p_button.as,linked-symbol,79,9a73896e826bef1569d22b120b8edbf9b475607f1303176b044c5308e39e6b89
arrow_button.as,linked-symbol,80,23e3d6cb8038f8d594b44793d877b83098631d3cd8aca11d8db9bd7f234b4774
back to title (congrats).as,linked-symbol,89,067357d5b06cdfc3780866970de465ff13fa8803cf07376f069e84176808f301
back to title.as,linked-symbol,82,f1e881c32864f9501070c121c162143d86aea0e6eb1140b5f23d98be0313e01a
back_button.as,linked-symbol,76,c5fda8a8a2787c156c3d360389cb8ef20bb681cdb008cf78367745de77fd70bc
cancel player button blue.as,linked-symbol,95,66ce15653480f0f8936997943218a421a453b4445969707b5bbf57fc397ec491
cancel player button red.as,linked-symbol,94,506160308d6123f8b7ce205c74bb0e80439a9b9c4f3a37bb9e9663ebb9a79921
cancel weapon button blue.as,linked-symbol,95,ebfd15f6ed5a3498681f25a8ece609e810db1a10099b26bd1728a432fe2e25ba
cancel weapon button red.as,linked-symbol,94,24e3d8d7f73afe112278e6bceb40658f07a55371d9c7aefd748b01e88621ecb7
clear_button.as,linked-symbol,80,b4cfadc3a0611c596dfb709446692cdf836e823d8feccf789d5840cee10c501e
congrats_background_anim.as,linked-symbol,96,44a3c2c1e35440cd1c8f59145164020cd0067dd09c78290055865af1ac35ff9f
congrats_button.as,linked-symbol,91,ec8b60a4b8577b454caa8c73c46f063e82b2d31bd4289a05b1006b32c6a2fc9e
continue_game.as,linked-symbol,86,47ea300df8d724876642bdef1ef3fbfb3df68435aeb0988ef293ec0300b9b02d
credits_button.as,linked-symbol,82,c9a7023c728d818e2f7417a8d39b7706c4f2794ff36ce259aec93141616e3b2d
cursor.as,linked-symbol,70,aa50bb5bc647a6ffd9049920398b379d559abf954c4fdd97ae9dc2a5dfbbf895
DangleFont.as,linked-symbol,81,ee283e7abc44ba1ec3982508ae700bbd4b157c10d916a6c68991d36a181acc4d
Defaults.as,linked-symbol,65,2964a8b8539224591a058348a1c4076717ea167fff844bc4eaf55924e8f24c2e
DefineButton2_134/BUTTONCONDACTION on(keyPress Tab).as,button,46,5698ea5eb20e1f06a0848159a5760f3c613b08c20f315d46b9352bc93f89a864
DefineButton2_1909/BUTTONCONDACTION on(release).as,button,72,9fb8230840d044da30f5b9cac306a33848e8c288f251c8fc5c42f7dfb0943b81
DefineButton2_1914/BUTTONCONDACTION on(release).as,button,63,cec26f28b6c9071f95b5e7ff16929217f04d5bfbc80eb87d8b47d72815e3f769
DefineButton2_1925/BUTTONCONDACTION on(release).as,button,63,cec26f28b6c9071f95b5e7ff16929217f04d5bfbc80eb87d8b47d72815e3f769
DefineButton2_1933/BUTTONCONDACTION on(release).as,button,62,1d4cfddded02881ec7b94ca387e95f42c4ca51f329470028e8f0e0520ac96da8
DefineButton2_817/BUTTONCONDACTION on(release).as,button,78,b1a189ca8dc3dbdeada88fb8160ade8bf13d5442f51dc3982aba7001a8b62945
DefineButton2_834/BUTTONCONDACTION on(press).as,button,60,377b34b4eab59950f52f9818c3bcd762a8c6bde5b331aff7b653761ad375d014
DefineSprite_1002/frame_17/DoAction.as,sprite-timeline,8,c71f185593d153c467266a494ebee471c04c9b64044e6cf491e0d91d739e92fd
DefineSprite_1003_anchor/frame_1/DoAction.as,sprite-timeline,8,c71f185593d153c467266a494ebee471c04c9b64044e6cf491e0d91d739e92fd
DefineSprite_1003_anchor/frame_12/DoAction.as,sprite-timeline,8,c71f185593d153c467266a494ebee471c04c9b64044e6cf491e0d91d739e92fd
DefineSprite_1024_mine/frame_1/DoAction.as,sprite-timeline,8,c71f185593d153c467266a494ebee471c04c9b64044e6cf491e0d91d739e92fd
DefineSprite_1024_mine/frame_16/DoAction.as,sprite-timeline,8,c71f185593d153c467266a494ebee471c04c9b64044e6cf491e0d91d739e92fd
DefineSprite_1024_mine/frame_30/DoAction.as,sprite-timeline,26,3f2b07c351a121b09e86ce64c5e025d2df6509b59713b330f67d3944e8d6fd4d
DefineSprite_1058_tidalWave/frame_15/DoAction.as,sprite-timeline,27,8ea788258ea8fc9f74ef7fdb41102c7ab802173bbcf167fbcefe73b16fd501db
DefineSprite_1058_tidalWave/frame_24/DoAction.as,sprite-timeline,27,a961f532c221f2a1480d4b2f8999bb050f5af17babb9206de162285b8e98193e
DefineSprite_1058_tidalWave/frame_6/DoAction.as,sprite-timeline,27,bb881339a5c28e37c38cd6fe1507d160da4ec2572d44514309caff1d75ce6661
DefineSprite_1065_deadCharacter/frame_24/DoAction.as,sprite-timeline,8,c71f185593d153c467266a494ebee471c04c9b64044e6cf491e0d91d739e92fd
DefineSprite_1077_bluePirate/frame_13/DoAction.as,sprite-timeline,28,b8a71c3fb637badc324938b30307150466b96083b8c4f4bcda480637c16e8505
DefineSprite_1077_bluePirate/frame_35/DoAction.as,sprite-timeline,28,b8a71c3fb637badc324938b30307150466b96083b8c4f4bcda480637c16e8505
DefineSprite_1086_tribe/frame_13/DoAction.as,sprite-timeline,28,b8a71c3fb637badc324938b30307150466b96083b8c4f4bcda480637c16e8505
DefineSprite_1086_tribe/frame_35/DoAction.as,sprite-timeline,28,b8a71c3fb637badc324938b30307150466b96083b8c4f4bcda480637c16e8505
DefineSprite_1097_cabinBoy/frame_13/DoAction.as,sprite-timeline,28,b8a71c3fb637badc324938b30307150466b96083b8c4f4bcda480637c16e8505
DefineSprite_1097_cabinBoy/frame_35/DoAction.as,sprite-timeline,28,b8a71c3fb637badc324938b30307150466b96083b8c4f4bcda480637c16e8505
DefineSprite_1106_oldPirate/frame_13/DoAction.as,sprite-timeline,28,b8a71c3fb637badc324938b30307150466b96083b8c4f4bcda480637c16e8505
DefineSprite_1106_oldPirate/frame_35/DoAction.as,sprite-timeline,28,b8a71c3fb637badc324938b30307150466b96083b8c4f4bcda480637c16e8505
DefineSprite_1117_rainbowBeard/frame_13/DoAction.as,sprite-timeline,28,b8a71c3fb637badc324938b30307150466b96083b8c4f4bcda480637c16e8505
DefineSprite_1117_rainbowBeard/frame_35/DoAction.as,sprite-timeline,28,b8a71c3fb637badc324938b30307150466b96083b8c4f4bcda480637c16e8505
DefineSprite_1126_femalePirate/frame_13/DoAction.as,sprite-timeline,28,b8a71c3fb637badc324938b30307150466b96083b8c4f4bcda480637c16e8505
DefineSprite_1126_femalePirate/frame_35/DoAction.as,sprite-timeline,28,b8a71c3fb637badc324938b30307150466b96083b8c4f4bcda480637c16e8505
DefineSprite_1137_blindPirate/frame_13/DoAction.as,sprite-timeline,28,b8a71c3fb637badc324938b30307150466b96083b8c4f4bcda480637c16e8505
DefineSprite_1137_blindPirate/frame_35/DoAction.as,sprite-timeline,28,b8a71c3fb637badc324938b30307150466b96083b8c4f4bcda480637c16e8505
DefineSprite_1148_soldier/frame_13/DoAction.as,sprite-timeline,28,b8a71c3fb637badc324938b30307150466b96083b8c4f4bcda480637c16e8505
DefineSprite_1148_soldier/frame_35/DoAction.as,sprite-timeline,28,b8a71c3fb637badc324938b30307150466b96083b8c4f4bcda480637c16e8505
DefineSprite_1157_bossGuy/frame_13/DoAction.as,sprite-timeline,28,b8a71c3fb637badc324938b30307150466b96083b8c4f4bcda480637c16e8505
DefineSprite_1157_bossGuy/frame_35/DoAction.as,sprite-timeline,28,b8a71c3fb637badc324938b30307150466b96083b8c4f4bcda480637c16e8505
DefineSprite_1166_bossGuyZombie/frame_13/DoAction.as,sprite-timeline,28,b8a71c3fb637badc324938b30307150466b96083b8c4f4bcda480637c16e8505
DefineSprite_1166_bossGuyZombie/frame_35/DoAction.as,sprite-timeline,28,b8a71c3fb637badc324938b30307150466b96083b8c4f4bcda480637c16e8505
DefineSprite_1175_soldierCaptain/frame_13/DoAction.as,sprite-timeline,28,b8a71c3fb637badc324938b30307150466b96083b8c4f4bcda480637c16e8505
DefineSprite_1175_soldierCaptain/frame_35/DoAction.as,sprite-timeline,28,b8a71c3fb637badc324938b30307150466b96083b8c4f4bcda480637c16e8505
DefineSprite_1186_blindPirateCaptain/frame_13/DoAction.as,sprite-timeline,28,b8a71c3fb637badc324938b30307150466b96083b8c4f4bcda480637c16e8505
DefineSprite_1186_blindPirateCaptain/frame_35/DoAction.as,sprite-timeline,28,b8a71c3fb637badc324938b30307150466b96083b8c4f4bcda480637c16e8505
DefineSprite_1197_femalePirateCaptain/frame_13/DoAction.as,sprite-timeline,28,b8a71c3fb637badc324938b30307150466b96083b8c4f4bcda480637c16e8505
DefineSprite_1197_femalePirateCaptain/frame_35/DoAction.as,sprite-timeline,28,b8a71c3fb637badc324938b30307150466b96083b8c4f4bcda480637c16e8505
DefineSprite_1206_rainbowBeardCaptain/frame_13/DoAction.as,sprite-timeline,28,b8a71c3fb637badc324938b30307150466b96083b8c4f4bcda480637c16e8505
DefineSprite_1206_rainbowBeardCaptain/frame_35/DoAction.as,sprite-timeline,28,b8a71c3fb637badc324938b30307150466b96083b8c4f4bcda480637c16e8505
DefineSprite_1217_oldPirateCaptain/frame_13/DoAction.as,sprite-timeline,28,b8a71c3fb637badc324938b30307150466b96083b8c4f4bcda480637c16e8505
DefineSprite_1217_oldPirateCaptain/frame_35/DoAction.as,sprite-timeline,28,b8a71c3fb637badc324938b30307150466b96083b8c4f4bcda480637c16e8505
DefineSprite_1228_cabinBoyCaptain/frame_13/DoAction.as,sprite-timeline,28,b8a71c3fb637badc324938b30307150466b96083b8c4f4bcda480637c16e8505
DefineSprite_1228_cabinBoyCaptain/frame_35/DoAction.as,sprite-timeline,28,b8a71c3fb637badc324938b30307150466b96083b8c4f4bcda480637c16e8505
DefineSprite_1237_tribeChief/frame_13/DoAction.as,sprite-timeline,28,b8a71c3fb637badc324938b30307150466b96083b8c4f4bcda480637c16e8505
DefineSprite_1237_tribeChief/frame_35/DoAction.as,sprite-timeline,28,b8a71c3fb637badc324938b30307150466b96083b8c4f4bcda480637c16e8505
DefineSprite_1248_skeletonPirate/frame_13/DoAction.as,sprite-timeline,28,b8a71c3fb637badc324938b30307150466b96083b8c4f4bcda480637c16e8505
DefineSprite_1248_skeletonPirate/frame_35/DoAction.as,sprite-timeline,28,b8a71c3fb637badc324938b30307150466b96083b8c4f4bcda480637c16e8505
DefineSprite_1259_skeletonPirateCaptain/frame_13/DoAction.as,sprite-timeline,28,b8a71c3fb637badc324938b30307150466b96083b8c4f4bcda480637c16e8505
DefineSprite_1259_skeletonPirateCaptain/frame_35/DoAction.as,sprite-timeline,28,b8a71c3fb637badc324938b30307150466b96083b8c4f4bcda480637c16e8505
DefineSprite_1270_monkey/frame_13/DoAction.as,sprite-timeline,28,b8a71c3fb637badc324938b30307150466b96083b8c4f4bcda480637c16e8505
DefineSprite_1270_monkey/frame_35/DoAction.as,sprite-timeline,28,b8a71c3fb637badc324938b30307150466b96083b8c4f4bcda480637c16e8505
DefineSprite_1281_crab/frame_13/DoAction.as,sprite-timeline,28,b8a71c3fb637badc324938b30307150466b96083b8c4f4bcda480637c16e8505
DefineSprite_1281_crab/frame_35/DoAction.as,sprite-timeline,28,b8a71c3fb637badc324938b30307150466b96083b8c4f4bcda480637c16e8505
DefineSprite_1290_shark/frame_13/DoAction.as,sprite-timeline,28,b8a71c3fb637badc324938b30307150466b96083b8c4f4bcda480637c16e8505
DefineSprite_1290_shark/frame_35/DoAction.as,sprite-timeline,28,b8a71c3fb637badc324938b30307150466b96083b8c4f4bcda480637c16e8505
DefineSprite_1299_squid/frame_13/DoAction.as,sprite-timeline,28,b8a71c3fb637badc324938b30307150466b96083b8c4f4bcda480637c16e8505
DefineSprite_1299_squid/frame_35/DoAction.as,sprite-timeline,28,b8a71c3fb637badc324938b30307150466b96083b8c4f4bcda480637c16e8505
DefineSprite_1310_parrot/frame_13/DoAction.as,sprite-timeline,28,b8a71c3fb637badc324938b30307150466b96083b8c4f4bcda480637c16e8505
DefineSprite_1310_parrot/frame_35/DoAction.as,sprite-timeline,28,b8a71c3fb637badc324938b30307150466b96083b8c4f4bcda480637c16e8505
DefineSprite_131_UIObject/frame_1/DoAction.as,sprite-timeline,8,c71f185593d153c467266a494ebee471c04c9b64044e6cf491e0d91d739e92fd
DefineSprite_1321_bluePirateCaptain/frame_13/DoAction.as,sprite-timeline,28,b8a71c3fb637badc324938b30307150466b96083b8c4f4bcda480637c16e8505
DefineSprite_1321_bluePirateCaptain/frame_35/DoAction.as,sprite-timeline,28,b8a71c3fb637badc324938b30307150466b96083b8c4f4bcda480637c16e8505
DefineSprite_1324_redPirate/frame_13/DoAction.as,sprite-timeline,28,b8a71c3fb637badc324938b30307150466b96083b8c4f4bcda480637c16e8505
DefineSprite_1324_redPirate/frame_35/DoAction.as,sprite-timeline,28,b8a71c3fb637badc324938b30307150466b96083b8c4f4bcda480637c16e8505
DefineSprite_1331_redPirateCaptain/frame_13/DoAction.as,sprite-timeline,28,b8a71c3fb637badc324938b30307150466b96083b8c4f4bcda480637c16e8505
DefineSprite_1331_redPirateCaptain/frame_35/DoAction.as,sprite-timeline,28,b8a71c3fb637badc324938b30307150466b96083b8c4f4bcda480637c16e8505
DefineSprite_135/frame_1/DoAction.as,sprite-timeline,0,e3b0c44298fc1c149afbf4c8996fb92427ae41e4649b934ca495991b7852b855
DefineSprite_137_FocusManager/frame_1/DoAction.as,sprite-timeline,8,c71f185593d153c467266a494ebee471c04c9b64044e6cf491e0d91d739e92fd
DefineSprite_139_UIComponent/frame_1/DoAction.as,sprite-timeline,8,c71f185593d153c467266a494ebee471c04c9b64044e6cf491e0d91d739e92fd
DefineSprite_149_DangleFont/frame_1/DoAction.as,sprite-timeline,8,c71f185593d153c467266a494ebee471c04c9b64044e6cf491e0d91d739e92fd
DefineSprite_1676/frame_17/DoAction.as,sprite-timeline,8,c71f185593d153c467266a494ebee471c04c9b64044e6cf491e0d91d739e92fd
DefineSprite_167_preloader/frame_1/PlaceObject2_149_DangleFont_4/CLIPACTIONRECORD on(construct).as,sprite-timeline,165,30fccc80a091c67fde5720a6e83c9142c8c73c723b1b7d2d933330a032125900
DefineSprite_1725_treasureChest/frame_1/DoAction.as,sprite-timeline,8,c71f185593d153c467266a494ebee471c04c9b64044e6cf491e0d91d739e92fd
DefineSprite_1725_treasureChest/frame_34/DoAction.as,sprite-timeline,23,7b8b2f8e2f08fc88cc023ab39fcd4fe683a40a4ab20281ce9d6e55777079a843
DefineSprite_1725_treasureChest/frame_43/DoAction.as,sprite-timeline,8,c71f185593d153c467266a494ebee471c04c9b64044e6cf491e0d91d739e92fd
DefineSprite_1725_treasureChest/frame_80/DoAction.as,sprite-timeline,8,c71f185593d153c467266a494ebee471c04c9b64044e6cf491e0d91d739e92fd
DefineSprite_1725_treasureChest/frame_90/DoAction.as,sprite-timeline,14,6bd5f8dc7874211339937e2d435959c74dea14fcecf071507fe276a19e59eb0c
DefineSprite_1780_splash/frame_19/DoAction.as,sprite-timeline,14,6bd5f8dc7874211339937e2d435959c74dea14fcecf071507fe276a19e59eb0c
DefineSprite_1780_splash/frame_43/DoAction.as,sprite-timeline,14,6bd5f8dc7874211339937e2d435959c74dea14fcecf071507fe276a19e59eb0c
DefineSprite_1780_splash/frame_67/DoAction.as,sprite-timeline,14,6bd5f8dc7874211339937e2d435959c74dea14fcecf071507fe276a19e59eb0c
DefineSprite_1785_explosion/frame_3/DoAction.as,sprite-timeline,10,565fce74f15b8f1a4b2a3bcea375cff809c755d51cdef232a80e3642c8200ccf
DefineSprite_1785_explosion/frame_8/DoAction.as,sprite-timeline,22,817c54c3cb99e0cdc4cabc7292db48b2c57f6d1583ea5ba8df074b40ed5a0750
DefineSprite_1831_weapons icon/frame_11/PlaceObject2_149_DangleFont_4/CLIPACTIONRECORD on(construct).as,sprite-timeline,166,7dc28022f086be4b3b69156c0ea62f94b4089b2fc374e6b084fbb2eb781cd599
DefineSprite_1855_weapon select/frame_1/PlaceObject2_149_DangleFont_131/CLIPACTIONRECORD on(construct).as,sprite-timeline,162,b66ee14a3942caa826ebcc162cdc046c5aca45258be407dd2ad0a09fe6b7bfe5
DefineSprite_1855_weapon select/frame_1/PlaceObject2_149_DangleFont_132/CLIPACTIONRECORD on(construct).as,sprite-timeline,206,bf75e94ce35c584771b6ce2f88e013bb60a8c1db0a1b4554d21ae82beee66b99
DefineSprite_1896_ingame text area/frame_1/PlaceObject2_149_DangleFont_1/CLIPACTIONRECORD on(construct).as,sprite-timeline,164,0e79cbc2e435461d01b3b8dcdd178526b15181853500501587b0f6c7efd2cf57
DefineSprite_1910/frame_1/DoAction.as,sprite-timeline,8,7db036800c2b12180542a4470e264738a6072395556b13974e540be5a90d6577
DefineSprite_1910/frame_89/DoAction.as,sprite-timeline,37,a578c8fbc6dec30c080022eff1ee99da02240af6c578c8b66e99ec740923666b
DefineSprite_1922/frame_89/DoAction.as,sprite-timeline,89,6bc5ee3a010402d11180c1231d49ac8ee7c228a8298bc99fbc16ecb96f48ac4c
DefineSprite_1952/frame_1/PlaceObject2_149_DangleFont_1/CLIPACTIONRECORD on(construct).as,sprite-timeline,251,70b5e079df9e030759af823ca6312b8d508d7ca876b1a4c130e9c2b3ca03ef3f
DefineSprite_1952/frame_65/PlaceObject2_149_DangleFont_1/CLIPACTIONRECORD on(construct).as,sprite-timeline,210,78ed99f611ba128b45756e212825cc87296a3da445909c7b7f341f38dafa2daf
DefineSprite_2009/frame_1/DoAction.as,sprite-timeline,8,c71f185593d153c467266a494ebee471c04c9b64044e6cf491e0d91d739e92fd
DefineSprite_319_PirateFont/frame_1/DoAction.as,sprite-timeline,8,c71f185593d153c467266a494ebee471c04c9b64044e6cf491e0d91d739e92fd
DefineSprite_321_transition_tween/frame_1/DoAction.as,sprite-timeline,8,c71f185593d153c467266a494ebee471c04c9b64044e6cf491e0d91d739e92fd
DefineSprite_321_transition_tween/frame_10/DoAction.as,sprite-timeline,15,8e0da2c6c3b4954bc22ac9c4cda8602e6e131381d320da7f26c1f20686094b37
DefineSprite_329/frame_1/PlaceObject2_319_PirateFont_1/CLIPACTIONRECORD on(construct).as,sprite-timeline,173,f806d7e660567d3eaf165e0937b5e5a23df5b7866ddf39f9e9381d182cbaa4d5
DefineSprite_330_next_level/frame_1/DoAction.as,sprite-timeline,8,c71f185593d153c467266a494ebee471c04c9b64044e6cf491e0d91d739e92fd
DefineSprite_330_next_level/frame_10/DoAction.as,sprite-timeline,8,c71f185593d153c467266a494ebee471c04c9b64044e6cf491e0d91d739e92fd
DefineSprite_332/frame_1/PlaceObject2_319_PirateFont_1/CLIPACTIONRECORD on(construct).as,sprite-timeline,176,5b4c8cd3c55a6ebaf0a8d87de06314a6c07f29ee90dc4bab48b3c0abeed857b5
DefineSprite_333_back to title/frame_1/DoAction.as,sprite-timeline,8,c71f185593d153c467266a494ebee471c04c9b64044e6cf491e0d91d739e92fd
DefineSprite_333_back to title/frame_10/DoAction.as,sprite-timeline,8,c71f185593d153c467266a494ebee471c04c9b64044e6cf491e0d91d739e92fd
DefineSprite_334/frame_1/PlaceObject2_319_PirateFont_1/CLIPACTIONRECORD on(construct).as,sprite-timeline,171,5c8e56c0951a214723db7a254da17bde0ffec37d6b522c2269a0a0989cde0b7e
DefineSprite_335_congrats_button/frame_1/DoAction.as,sprite-timeline,8,c71f185593d153c467266a494ebee471c04c9b64044e6cf491e0d91d739e92fd
DefineSprite_335_congrats_button/frame_10/DoAction.as,sprite-timeline,8,c71f185593d153c467266a494ebee471c04c9b64044e6cf491e0d91d739e92fd
DefineSprite_336/frame_1/PlaceObject2_319_PirateFont_1/CLIPACTIONRECORD on(construct).as,sprite-timeline,176,2b1984d37caf09b27e270fad7699d1f42c84d24c932644cc88ef9019fd91c7e8
DefineSprite_337_submit_score/frame_1/DoAction.as,sprite-timeline,8,c71f185593d153c467266a494ebee471c04c9b64044e6cf491e0d91d739e92fd
DefineSprite_337_submit_score/frame_10/DoAction.as,sprite-timeline,8,c71f185593d153c467266a494ebee471c04c9b64044e6cf491e0d91d739e92fd
DefineSprite_338/frame_1/PlaceObject2_319_PirateFont_1/CLIPACTIONRECORD on(construct).as,sprite-timeline,176,bb266667429d4a8f1e7416b489d04f2b4d332a103f648c9a452d5af40e82c41b
DefineSprite_339_restart_level/frame_1/DoAction.as,sprite-timeline,8,c71f185593d153c467266a494ebee471c04c9b64044e6cf491e0d91d739e92fd
DefineSprite_339_restart_level/frame_10/DoAction.as,sprite-timeline,8,c71f185593d153c467266a494ebee471c04c9b64044e6cf491e0d91d739e92fd
DefineSprite_340/frame_1/PlaceObject2_319_PirateFont_1/CLIPACTIONRECORD on(construct).as,sprite-timeline,171,5c8e56c0951a214723db7a254da17bde0ffec37d6b522c2269a0a0989cde0b7e
DefineSprite_341_continue_game/frame_1/DoAction.as,sprite-timeline,8,c71f185593d153c467266a494ebee471c04c9b64044e6cf491e0d91d739e92fd
DefineSprite_341_continue_game/frame_10/DoAction.as,sprite-timeline,8,c71f185593d153c467266a494ebee471c04c9b64044e6cf491e0d91d739e92fd
DefineSprite_342_popup/frame_1/PlaceObject2_149_DangleFont_10/CLIPACTIONRECORD on(construct).as,sprite-timeline,163,d6e30f5f62b94b5c9947d2c260c1a7a0b92bbfcbf60d7d1c966ee51cbf370e8d
DefineSprite_342_popup/frame_1/PlaceObject2_149_DangleFont_11/CLIPACTIONRECORD on(construct).as,sprite-timeline,163,d6e30f5f62b94b5c9947d2c260c1a7a0b92bbfcbf60d7d1c966ee51cbf370e8d
DefineSprite_342_popup/frame_1/PlaceObject2_149_DangleFont_8/CLIPACTIONRECORD on(construct).as,sprite-timeline,173,70cae05d1024af61d7c431b4bb224933c92440e5c8d8b1a9f9bbcf1529abf9df
DefineSprite_342_popup/frame_1/PlaceObject2_149_DangleFont_9/CLIPACTIONRECORD on(construct).as,sprite-timeline,173,54aa9176e220fe0756753dbbf6dce75c1e175c89db1611487bd9310eea937e36
DefineSprite_342_popup/frame_1/PlaceObject2_319_PirateFont_12/CLIPACTIONRECORD on(construct).as,sprite-timeline,177,79f759ad9be965b8c57cd0f3517cb70be94f0ae53a8c1c46c6bed53ec1d9f074
DefineSprite_342_popup/frame_11/PlaceObject2_149_DangleFont_9/CLIPACTIONRECORD on(construct).as,sprite-timeline,173,79c24bf9a30ed3d83431753ddc4f14de105e5721fcb1053c4c997f9c57021d5f
DefineSprite_342_popup/frame_21/PlaceObject2_149_DangleFont_11/CLIPACTIONRECORD on(construct).as,sprite-timeline,173,79c24bf9a30ed3d83431753ddc4f14de105e5721fcb1053c4c997f9c57021d5f
DefineSprite_342_popup/frame_21/PlaceObject2_149_DangleFont_12/CLIPACTIONRECORD on(construct).as,sprite-timeline,163,d6e30f5f62b94b5c9947d2c260c1a7a0b92bbfcbf60d7d1c966ee51cbf370e8d
DefineSprite_342_popup/frame_21/PlaceObject2_319_PirateFont_13/CLIPACTIONRECORD on(construct).as,sprite-timeline,175,2eabb94e766dd3c764664c3023eacbc55e7eb76d143e8465563099547356c76e
DefineSprite_342_popup/frame_31/PlaceObject2_319_PirateFont_8/CLIPACTIONRECORD on(construct).as,sprite-timeline,173,35f5e52113752be5c6a72c61198db328735900b29ba0018d4fa088e48705f9dc
DefineSprite_342_popup/frame_41/PlaceObject2_319_PirateFont_8/CLIPACTIONRECORD on(construct).as,sprite-timeline,176,811cefa46e7afbb23cfa761bf787615d8a6f2c1d055b581360dbc2ef4b5b42eb
DefineSprite_342_popup/frame_51/PlaceObject2_319_PirateFont_8/CLIPACTIONRECORD on(construct).as,sprite-timeline,176,853bdb50caacad5f0a16fa330c6274bf47cc5354c6014139f660776a2751f2a2
DefineSprite_342_popup/frame_61/PlaceObject2_319_PirateFont_8/CLIPACTIONRECORD on(construct).as,sprite-timeline,167,2d70223834f034df29581e577886a1f46001431f8bf6a24b45b365911c1c5c0e
DefineSprite_361/frame_1/DoAction.as,sprite-timeline,8,c71f185593d153c467266a494ebee471c04c9b64044e6cf491e0d91d739e92fd
DefineSprite_363/frame_1/DoAction.as,sprite-timeline,8,c71f185593d153c467266a494ebee471c04c9b64044e6cf491e0d91d739e92fd
DefineSprite_365/frame_1/DoAction.as,sprite-timeline,8,c71f185593d153c467266a494ebee471c04c9b64044e6cf491e0d91d739e92fd
DefineSprite_367/frame_1/DoAction.as,sprite-timeline,8,c71f185593d153c467266a494ebee471c04c9b64044e6cf491e0d91d739e92fd
DefineSprite_369/frame_1/DoAction.as,sprite-timeline,8,c71f185593d153c467266a494ebee471c04c9b64044e6cf491e0d91d739e92fd
DefineSprite_371/frame_1/DoAction.as,sprite-timeline,8,c71f185593d153c467266a494ebee471c04c9b64044e6cf491e0d91d739e92fd
DefineSprite_373/frame_1/DoAction.as,sprite-timeline,8,c71f185593d153c467266a494ebee471c04c9b64044e6cf491e0d91d739e92fd
DefineSprite_375/frame_1/DoAction.as,sprite-timeline,8,c71f185593d153c467266a494ebee471c04c9b64044e6cf491e0d91d739e92fd
DefineSprite_377/frame_1/DoAction.as,sprite-timeline,8,c71f185593d153c467266a494ebee471c04c9b64044e6cf491e0d91d739e92fd
DefineSprite_379/frame_1/DoAction.as,sprite-timeline,8,c71f185593d153c467266a494ebee471c04c9b64044e6cf491e0d91d739e92fd
DefineSprite_381/frame_1/DoAction.as,sprite-timeline,8,c71f185593d153c467266a494ebee471c04c9b64044e6cf491e0d91d739e92fd
DefineSprite_383/frame_1/DoAction.as,sprite-timeline,8,c71f185593d153c467266a494ebee471c04c9b64044e6cf491e0d91d739e92fd
DefineSprite_385/frame_1/DoAction.as,sprite-timeline,8,c71f185593d153c467266a494ebee471c04c9b64044e6cf491e0d91d739e92fd
DefineSprite_387/frame_1/DoAction.as,sprite-timeline,8,c71f185593d153c467266a494ebee471c04c9b64044e6cf491e0d91d739e92fd
DefineSprite_389/frame_1/DoAction.as,sprite-timeline,8,c71f185593d153c467266a494ebee471c04c9b64044e6cf491e0d91d739e92fd
DefineSprite_391/frame_1/DoAction.as,sprite-timeline,8,c71f185593d153c467266a494ebee471c04c9b64044e6cf491e0d91d739e92fd
DefineSprite_393/frame_1/DoAction.as,sprite-timeline,8,c71f185593d153c467266a494ebee471c04c9b64044e6cf491e0d91d739e92fd
DefineSprite_395/frame_1/DoAction.as,sprite-timeline,8,c71f185593d153c467266a494ebee471c04c9b64044e6cf491e0d91d739e92fd
DefineSprite_397/frame_1/DoAction.as,sprite-timeline,8,c71f185593d153c467266a494ebee471c04c9b64044e6cf491e0d91d739e92fd
DefineSprite_399/frame_1/DoAction.as,sprite-timeline,8,c71f185593d153c467266a494ebee471c04c9b64044e6cf491e0d91d739e92fd
DefineSprite_401/frame_1/DoAction.as,sprite-timeline,8,c71f185593d153c467266a494ebee471c04c9b64044e6cf491e0d91d739e92fd
DefineSprite_403/frame_1/DoAction.as,sprite-timeline,8,c71f185593d153c467266a494ebee471c04c9b64044e6cf491e0d91d739e92fd
DefineSprite_405/frame_1/DoAction.as,sprite-timeline,8,c71f185593d153c467266a494ebee471c04c9b64044e6cf491e0d91d739e92fd
DefineSprite_407/frame_1/DoAction.as,sprite-timeline,8,c71f185593d153c467266a494ebee471c04c9b64044e6cf491e0d91d739e92fd
DefineSprite_409/frame_1/DoAction.as,sprite-timeline,8,c71f185593d153c467266a494ebee471c04c9b64044e6cf491e0d91d739e92fd
DefineSprite_411/frame_1/DoAction.as,sprite-timeline,8,c71f185593d153c467266a494ebee471c04c9b64044e6cf491e0d91d739e92fd
DefineSprite_413/frame_1/DoAction.as,sprite-timeline,8,c71f185593d153c467266a494ebee471c04c9b64044e6cf491e0d91d739e92fd
DefineSprite_415/frame_1/DoAction.as,sprite-timeline,8,c71f185593d153c467266a494ebee471c04c9b64044e6cf491e0d91d739e92fd
DefineSprite_417/frame_1/DoAction.as,sprite-timeline,8,c71f185593d153c467266a494ebee471c04c9b64044e6cf491e0d91d739e92fd
DefineSprite_419/frame_1/DoAction.as,sprite-timeline,8,c71f185593d153c467266a494ebee471c04c9b64044e6cf491e0d91d739e92fd
DefineSprite_421/frame_1/DoAction.as,sprite-timeline,8,c71f185593d153c467266a494ebee471c04c9b64044e6cf491e0d91d739e92fd
DefineSprite_423/frame_1/DoAction.as,sprite-timeline,8,c71f185593d153c467266a494ebee471c04c9b64044e6cf491e0d91d739e92fd
DefineSprite_425/frame_1/DoAction.as,sprite-timeline,8,c71f185593d153c467266a494ebee471c04c9b64044e6cf491e0d91d739e92fd
DefineSprite_427/frame_1/DoAction.as,sprite-timeline,8,c71f185593d153c467266a494ebee471c04c9b64044e6cf491e0d91d739e92fd
DefineSprite_429/frame_1/DoAction.as,sprite-timeline,8,c71f185593d153c467266a494ebee471c04c9b64044e6cf491e0d91d739e92fd
DefineSprite_431/frame_1/DoAction.as,sprite-timeline,8,c71f185593d153c467266a494ebee471c04c9b64044e6cf491e0d91d739e92fd
DefineSprite_433/frame_1/DoAction.as,sprite-timeline,8,c71f185593d153c467266a494ebee471c04c9b64044e6cf491e0d91d739e92fd
DefineSprite_437/frame_1/DoAction.as,sprite-timeline,8,c71f185593d153c467266a494ebee471c04c9b64044e6cf491e0d91d739e92fd
DefineSprite_439/frame_1/DoAction.as,sprite-timeline,8,c71f185593d153c467266a494ebee471c04c9b64044e6cf491e0d91d739e92fd
DefineSprite_464/frame_1/PlaceObject2_149_DangleFont_1/CLIPACTIONRECORD on(construct).as,sprite-timeline,162,b66ee14a3942caa826ebcc162cdc046c5aca45258be407dd2ad0a09fe6b7bfe5
DefineSprite_582/frame_1/DoAction.as,sprite-timeline,8,c71f185593d153c467266a494ebee471c04c9b64044e6cf491e0d91d739e92fd
DefineSprite_582/frame_10/DoAction.as,sprite-timeline,8,c71f185593d153c467266a494ebee471c04c9b64044e6cf491e0d91d739e92fd
DefineSprite_586/frame_1/DoAction.as,sprite-timeline,8,c71f185593d153c467266a494ebee471c04c9b64044e6cf491e0d91d739e92fd
DefineSprite_586/frame_10/DoAction.as,sprite-timeline,8,c71f185593d153c467266a494ebee471c04c9b64044e6cf491e0d91d739e92fd
DefineSprite_588/frame_1/PlaceObject2_319_PirateFont_1/CLIPACTIONRECORD on(construct).as,sprite-timeline,167,b4ca3771d8a1728cacfdcfd749052813b161ba4fe593bcb3cfc36ec6070ecf6b
DefineSprite_589/frame_1/DoAction.as,sprite-timeline,8,c71f185593d153c467266a494ebee471c04c9b64044e6cf491e0d91d739e92fd
DefineSprite_589/frame_10/DoAction.as,sprite-timeline,8,c71f185593d153c467266a494ebee471c04c9b64044e6cf491e0d91d739e92fd
DefineSprite_628/frame_1/PlaceObject2_149_DangleFont_6/CLIPACTIONRECORD on(construct).as,sprite-timeline,173,28fecfe1699c4bd4d01f5bc8c8dcc0d8fec610c1fa4fc51c3009b0c1daeb61bc
DefineSprite_628/frame_10/PlaceObject2_149_DangleFont_6/CLIPACTIONRECORD on(construct).as,sprite-timeline,175,6ce5602f24301d94a4c34072414eddb7384769f9e96fba9b7b3bd5196b0a3063
DefineSprite_628/frame_11/PlaceObject2_149_DangleFont_6/CLIPACTIONRECORD on(construct).as,sprite-timeline,180,1a10e14be1e743130419e277d8203ea44b97c518f8c5d0128ec0b0ea52f57632
DefineSprite_628/frame_12/PlaceObject2_149_DangleFont_6/CLIPACTIONRECORD on(construct).as,sprite-timeline,174,be3526cd03699091a90d2d146d9a2cac2e15c1b635c63a4739b5e4c9077eec4a
DefineSprite_628/frame_13/PlaceObject2_149_DangleFont_6/CLIPACTIONRECORD on(construct).as,sprite-timeline,173,2a7136e31fc5b6814ba4b323d14b2cb9ccc7907a2f9ec8e7ae5d917ec7ac69e1
DefineSprite_628/frame_14/PlaceObject2_149_DangleFont_6/CLIPACTIONRECORD on(construct).as,sprite-timeline,176,71f2d72e2bc2c5b6cb7506ee9e58a68a8a970751447e2c6d024f5a37a1f7a796
DefineSprite_628/frame_15/PlaceObject2_149_DangleFont_6/CLIPACTIONRECORD on(construct).as,sprite-timeline,179,e5df420c8e5fb91cd52f41d30d278f04ec0e50b1867c3a76f350c3a678f07d22
DefineSprite_628/frame_16/PlaceObject2_149_DangleFont_6/CLIPACTIONRECORD on(construct).as,sprite-timeline,174,4c942f6d3a14944e99918cb029749f1791a193f7015c687299dfba0a7d7ffe31
DefineSprite_628/frame_17/PlaceObject2_149_DangleFont_6/CLIPACTIONRECORD on(construct).as,sprite-timeline,174,c2aeb62f4ad112a3ec820f278c748574e1d87c198136fd4573b0e12e3081c2ad
DefineSprite_628/frame_18/PlaceObject2_149_DangleFont_6/CLIPACTIONRECORD on(construct).as,sprite-timeline,177,e19d72ac9b9d32c5886c26f7d2bbd34df85b61029db6a186ddb715f2a3efd382
DefineSprite_628/frame_2/PlaceObject2_149_DangleFont_6/CLIPACTIONRECORD on(construct).as,sprite-timeline,178,f8db808a11a69deea654fde41fbf8dfcbe730f67f777cea62450d27c8fcf4da0
DefineSprite_628/frame_3/PlaceObject2_149_DangleFont_6/CLIPACTIONRECORD on(construct).as,sprite-timeline,174,19fdc25b830b11b3a5d31fba768e3eb6800a050dc01d75a8a9ee7644c0d67cc9
DefineSprite_628/frame_4/PlaceObject2_149_DangleFont_6/CLIPACTIONRECORD on(construct).as,sprite-timeline,175,34d82b95e0c06ba4de96c4512363c2b03c4cbe1c9d3a0fae4a5a052da7715741
DefineSprite_628/frame_5/PlaceObject2_149_DangleFont_6/CLIPACTIONRECORD on(construct).as,sprite-timeline,179,90edaa19f3bc9e0c6f34c927029412e9ce4c00de985f01a68e09bffc85900443
DefineSprite_628/frame_6/PlaceObject2_149_DangleFont_6/CLIPACTIONRECORD on(construct).as,sprite-timeline,180,f19c2a3cf8c6371b8d7f546b2427d30b5c342fc61e9eba077b352834115f8d51
DefineSprite_628/frame_7/PlaceObject2_149_DangleFont_6/CLIPACTIONRECORD on(construct).as,sprite-timeline,176,da650ea5c31c4b84d9230c8abe085ab99ee7a5d333a3379f04f7381d6ee1ba8a
DefineSprite_628/frame_8/PlaceObject2_149_DangleFont_6/CLIPACTIONRECORD on(construct).as,sprite-timeline,172,a2dd06ca14d74286a64ea805f57ec9d94ae20528e52cbf917822250894294c25
DefineSprite_628/frame_9/PlaceObject2_149_DangleFont_6/CLIPACTIONRECORD on(construct).as,sprite-timeline,179,c6bff9d259bb1fb19a7feddea43ac0395d0179f5affbd2b97d8e34d5fbbbbb5c
DefineSprite_630/frame_1/PlaceObject2_319_PirateFont_1/CLIPACTIONRECORD on(construct).as,sprite-timeline,167,3d026e6f0a4299713c908884c6f4d8a5aad6ad65f7d28b3498caed1538c946ba
DefineSprite_631_back_button/frame_1/DoAction.as,sprite-timeline,8,c71f185593d153c467266a494ebee471c04c9b64044e6cf491e0d91d739e92fd
DefineSprite_631_back_button/frame_10/DoAction.as,sprite-timeline,8,c71f185593d153c467266a494ebee471c04c9b64044e6cf491e0d91d739e92fd
DefineSprite_664/frame_1/DoAction.as,sprite-timeline,8,c71f185593d153c467266a494ebee471c04c9b64044e6cf491e0d91d739e92fd
DefineSprite_664/frame_10/DoAction.as,sprite-timeline,8,c71f185593d153c467266a494ebee471c04c9b64044e6cf491e0d91d739e92fd
DefineSprite_664/frame_11/DoAction.as,sprite-timeline,8,c71f185593d153c467266a494ebee471c04c9b64044e6cf491e0d91d739e92fd
DefineSprite_664/frame_12/DoAction.as,sprite-timeline,8,c71f185593d153c467266a494ebee471c04c9b64044e6cf491e0d91d739e92fd
DefineSprite_664/frame_13/DoAction.as,sprite-timeline,8,c71f185593d153c467266a494ebee471c04c9b64044e6cf491e0d91d739e92fd
DefineSprite_664/frame_14/DoAction.as,sprite-timeline,8,c71f185593d153c467266a494ebee471c04c9b64044e6cf491e0d91d739e92fd
DefineSprite_664/frame_15/DoAction.as,sprite-timeline,8,c71f185593d153c467266a494ebee471c04c9b64044e6cf491e0d91d739e92fd
DefineSprite_664/frame_2/DoAction.as,sprite-timeline,8,c71f185593d153c467266a494ebee471c04c9b64044e6cf491e0d91d739e92fd
DefineSprite_664/frame_3/DoAction.as,sprite-timeline,8,c71f185593d153c467266a494ebee471c04c9b64044e6cf491e0d91d739e92fd
DefineSprite_664/frame_4/DoAction.as,sprite-timeline,8,c71f185593d153c467266a494ebee471c04c9b64044e6cf491e0d91d739e92fd
DefineSprite_664/frame_5/DoAction.as,sprite-timeline,8,c71f185593d153c467266a494ebee471c04c9b64044e6cf491e0d91d739e92fd
DefineSprite_664/frame_6/DoAction.as,sprite-timeline,8,c71f185593d153c467266a494ebee471c04c9b64044e6cf491e0d91d739e92fd
DefineSprite_664/frame_7/DoAction.as,sprite-timeline,8,c71f185593d153c467266a494ebee471c04c9b64044e6cf491e0d91d739e92fd
DefineSprite_664/frame_8/DoAction.as,sprite-timeline,8,c71f185593d153c467266a494ebee471c04c9b64044e6cf491e0d91d739e92fd
DefineSprite_664/frame_9/DoAction.as,sprite-timeline,8,c71f185593d153c467266a494ebee471c04c9b64044e6cf491e0d91d739e92fd
DefineSprite_665/frame_1/PlaceObject2_149_DangleFont_1/CLIPACTIONRECORD on(construct).as,sprite-timeline,165,b9c06086268c0c0b6a1cb0297cfbec849564cb1481528fe520b0f3f7185f47fa
DefineSprite_669_level_select_button/frame_1/DoAction.as,sprite-timeline,8,c71f185593d153c467266a494ebee471c04c9b64044e6cf491e0d91d739e92fd
DefineSprite_669_level_select_button/frame_1/PlaceObject2_149_DangleFont_6/CLIPACTIONRECORD on(construct).as,sprite-timeline,166,7f6295dbd97d59ddce6ce28e8e87814e7deeb5a52b7c9afc70ef7d131ced35b6
DefineSprite_669_level_select_button/frame_10/DoAction.as,sprite-timeline,8,c71f185593d153c467266a494ebee471c04c9b64044e6cf491e0d91d739e92fd
DefineSprite_671/frame_1/PlaceObject2_319_PirateFont_1/CLIPACTIONRECORD on(construct).as,sprite-timeline,171,0d0d0e45653b1791545e7a6d1df3230f199bd2a9fd103b12d235eb8f516c6f9e
DefineSprite_672_1p_button/frame_1/DoAction.as,sprite-timeline,8,c71f185593d153c467266a494ebee471c04c9b64044e6cf491e0d91d739e92fd
DefineSprite_672_1p_button/frame_10/DoAction.as,sprite-timeline,8,c71f185593d153c467266a494ebee471c04c9b64044e6cf491e0d91d739e92fd
DefineSprite_673/frame_1/PlaceObject2_319_PirateFont_1/CLIPACTIONRECORD on(construct).as,sprite-timeline,172,0fd7b0f81155fae432369a0cc8263ca2d520ca891e716801a7eaaebc5cfe020b
DefineSprite_674_2p_button/frame_1/DoAction.as,sprite-timeline,8,c71f185593d153c467266a494ebee471c04c9b64044e6cf491e0d91d739e92fd
DefineSprite_674_2p_button/frame_10/DoAction.as,sprite-timeline,8,c71f185593d153c467266a494ebee471c04c9b64044e6cf491e0d91d739e92fd
DefineSprite_676_play_button/frame_1/DoAction.as,sprite-timeline,8,c71f185593d153c467266a494ebee471c04c9b64044e6cf491e0d91d739e92fd
DefineSprite_676_play_button/frame_10/DoAction.as,sprite-timeline,8,c71f185593d153c467266a494ebee471c04c9b64044e6cf491e0d91d739e92fd
DefineSprite_677/frame_1/PlaceObject2_319_PirateFont_1/CLIPACTIONRECORD on(construct).as,sprite-timeline,169,ab4000cb4d1a92116b3a696da2e56df553918661991d6edea2e2699db6ceab54
DefineSprite_678_scores_button/frame_1/DoAction.as,sprite-timeline,8,c71f185593d153c467266a494ebee471c04c9b64044e6cf491e0d91d739e92fd
DefineSprite_678_scores_button/frame_10/DoAction.as,sprite-timeline,8,c71f185593d153c467266a494ebee471c04c9b64044e6cf491e0d91d739e92fd
DefineSprite_679/frame_1/PlaceObject2_319_PirateFont_1/CLIPACTIONRECORD on(construct).as,sprite-timeline,167,9abb7140d9b215bee8205870270cd01d3a8d01ec393acc16656dd11b63870781
DefineSprite_680_help_button/frame_1/DoAction.as,sprite-timeline,8,c71f185593d153c467266a494ebee471c04c9b64044e6cf491e0d91d739e92fd
DefineSprite_680_help_button/frame_10/DoAction.as,sprite-timeline,8,c71f185593d153c467266a494ebee471c04c9b64044e6cf491e0d91d739e92fd
DefineSprite_681/frame_1/PlaceObject2_319_PirateFont_1/CLIPACTIONRECORD on(construct).as,sprite-timeline,170,015b83ce231c3a0440bf3d41429b9497027ba146ceebcb46ba92d8ecdc24e7e8
DefineSprite_682_credits_button/frame_1/DoAction.as,sprite-timeline,8,c71f185593d153c467266a494ebee471c04c9b64044e6cf491e0d91d739e92fd
DefineSprite_682_credits_button/frame_10/DoAction.as,sprite-timeline,8,c71f185593d153c467266a494ebee471c04c9b64044e6cf491e0d91d739e92fd
DefineSprite_784/frame_1/PlaceObject2_149_DangleFont_1/CLIPACTIONRECORD on(construct).as,sprite-timeline,339,3870fc6934c2273b717379272cd483518c288d8e6e59bc062645b593e8a097d1
DefineSprite_787/frame_200/DoAction.as,sprite-timeline,8,c71f185593d153c467266a494ebee471c04c9b64044e6cf491e0d91d739e92fd
DefineSprite_788/frame_1/PlaceObject2_149_DangleFont_1/CLIPACTIONRECORD on(construct).as,sprite-timeline,228,4dcb361469f8b5862785396874c99a9815e7f9ccf75f8339137d4755228aa1c1
DefineSprite_789/frame_120/DoAction.as,sprite-timeline,8,c71f185593d153c467266a494ebee471c04c9b64044e6cf491e0d91d739e92fd
DefineSprite_791/frame_1/PlaceObject2_149_DangleFont_1/CLIPACTIONRECORD on(construct).as,sprite-timeline,184,6d569b56c520816afe0a93e9e9d7ce4ab6ec0fedd10fefa05e48c7898b93c7cf
DefineSprite_792/frame_200/DoAction.as,sprite-timeline,8,c71f185593d153c467266a494ebee471c04c9b64044e6cf491e0d91d739e92fd
DefineSprite_792/frame_200/PlaceObject2_149_DangleFont_2/CLIPACTIONRECORD on(construct).as,sprite-timeline,184,6d569b56c520816afe0a93e9e9d7ce4ab6ec0fedd10fefa05e48c7898b93c7cf
DefineSprite_793/frame_1/PlaceObject2_149_DangleFont_1/CLIPACTIONRECORD on(construct).as,sprite-timeline,216,f41ffa19df7955e39ea5537786f20769f1084a84ba7083951f46d5179fbaf4a4
DefineSprite_794/frame_200/DoAction.as,sprite-timeline,8,c71f185593d153c467266a494ebee471c04c9b64044e6cf491e0d91d739e92fd
DefineSprite_795/frame_1/PlaceObject2_149_DangleFont_1/CLIPACTIONRECORD on(construct).as,sprite-timeline,187,33ef838289584ff54bcb1e49aea9bc86d2bd817e6a2e71c9b541ab39313d5179
DefineSprite_796/frame_200/DoAction.as,sprite-timeline,8,c71f185593d153c467266a494ebee471c04c9b64044e6cf491e0d91d739e92fd
DefineSprite_798/frame_1/PlaceObject2_319_PirateFont_1/CLIPACTIONRECORD on(construct).as,sprite-timeline,177,b6bbd918c80ed925764ab3a47bed3b734f683058db8c728a80c780999d79a140
DefineSprite_799_back to title (congrats)/frame_1/DoAction.as,sprite-timeline,8,c71f185593d153c467266a494ebee471c04c9b64044e6cf491e0d91d739e92fd
DefineSprite_799_back to title (congrats)/frame_10/DoAction.as,sprite-timeline,8,c71f185593d153c467266a494ebee471c04c9b64044e6cf491e0d91d739e92fd
DefineSprite_800/frame_1/DoAction.as,sprite-timeline,42,a91c792f1b5d91d21e250255b11f146ef8ed6dfdc4e5bfd9fa9e8e42cb529c1e
DefineSprite_800/frame_1/PlaceObject2_149_DangleFont_8/CLIPACTIONRECORD on(construct).as,sprite-timeline,173,79c24bf9a30ed3d83431753ddc4f14de105e5721fcb1053c4c997f9c57021d5f
DefineSprite_800/frame_1/PlaceObject2_149_DangleFont_9/CLIPACTIONRECORD on(construct).as,sprite-timeline,163,d6e30f5f62b94b5c9947d2c260c1a7a0b92bbfcbf60d7d1c966ee51cbf370e8d
DefineSprite_800/frame_1/PlaceObject2_319_PirateFont_10/CLIPACTIONRECORD on(construct).as,sprite-timeline,178,0bd8acb2e1e33066eacd8c0d81cebc9c03745f6ae0c1fdf50c12aa61d596b15b
DefineSprite_801/frame_774/DoAction.as,sprite-timeline,8,c71f185593d153c467266a494ebee471c04c9b64044e6cf491e0d91d739e92fd
DefineSprite_803/frame_1/PlaceObject2_319_PirateFont_1/CLIPACTIONRECORD on(construct).as,sprite-timeline,169,6ee84ebbefefa0e8029e3669a8472cc011e02ac2ba3413b66fef45ffc8bce0eb
DefineSprite_804_submit_button2/frame_1/DoAction.as,sprite-timeline,8,c71f185593d153c467266a494ebee471c04c9b64044e6cf491e0d91d739e92fd
DefineSprite_804_submit_button2/frame_10/DoAction.as,sprite-timeline,8,c71f185593d153c467266a494ebee471c04c9b64044e6cf491e0d91d739e92fd
DefineSprite_804_submit_button2/frame_19/DoAction.as,sprite-timeline,8,c71f185593d153c467266a494ebee471c04c9b64044e6cf491e0d91d739e92fd
DefineSprite_805/frame_1/PlaceObject2_319_PirateFont_1/CLIPACTIONRECORD on(construct).as,sprite-timeline,168,1397bfe9a09ab3c94f2010dfa7751faa254ec29a27e49b9d857922be7e2a8bd1
DefineSprite_806_clear_button/frame_1/DoAction.as,sprite-timeline,8,c71f185593d153c467266a494ebee471c04c9b64044e6cf491e0d91d739e92fd
DefineSprite_806_clear_button/frame_10/DoAction.as,sprite-timeline,8,c71f185593d153c467266a494ebee471c04c9b64044e6cf491e0d91d739e92fd
DefineSprite_808/frame_1/PlaceObject2_319_PirateFont_1/CLIPACTIONRECORD on(construct).as,sprite-timeline,163,ced125f2a63e16220cd452922ab5df5f28b07ccc8ea874287b4e0457209c2c06
DefineSprite_809_letter_button_a/frame_1/DoAction.as,sprite-timeline,8,c71f185593d153c467266a494ebee471c04c9b64044e6cf491e0d91d739e92fd
DefineSprite_809_letter_button_a/frame_5/DoAction.as,sprite-timeline,8,c71f185593d153c467266a494ebee471c04c9b64044e6cf491e0d91d739e92fd
DefineSprite_812/frame_1/PlaceObject2_319_PirateFont_1/CLIPACTIONRECORD on(construct).as,sprite-timeline,179,28a2b49e1cfdc020d9baf60307860fe4ac425c8ad7789648976501aeda87d64d
DefineSprite_813/frame_1/DoAction.as,sprite-timeline,8,c71f185593d153c467266a494ebee471c04c9b64044e6cf491e0d91d739e92fd
DefineSprite_813/frame_15/DoAction.as,sprite-timeline,45,118311812aa0f58d2df77e8739d8cf352da532db00877cd4b7e7d7c347c00f33
DefineSprite_818_score_submit_panel/frame_1/DoAction.as,sprite-timeline,8,c71f185593d153c467266a494ebee471c04c9b64044e6cf491e0d91d739e92fd
DefineSprite_818_score_submit_panel/frame_1/PlaceObject2_149_DangleFont_8/CLIPACTIONRECORD on(construct).as,sprite-timeline,179,1427bbd05f4cae3689ecddbc140f80ec38b6328f6356051d599db0314b2ba0ce
DefineSprite_818_score_submit_panel/frame_1/PlaceObject2_149_DangleFont_9/CLIPACTIONRECORD on(construct).as,sprite-timeline,164,0e79cbc2e435461d01b3b8dcdd178526b15181853500501587b0f6c7efd2cf57
DefineSprite_818_score_submit_panel/frame_10/DoAction.as,sprite-timeline,8,c71f185593d153c467266a494ebee471c04c9b64044e6cf491e0d91d739e92fd
DefineSprite_818_score_submit_panel/frame_10/PlaceObject2_149_DangleFont_2/CLIPACTIONRECORD on(construct).as,sprite-timeline,204,eb06761f26adc3129cf85b955ad02a0ca2a9d15fa0b01c3f46cb79a368124d13
DefineSprite_818_score_submit_panel/frame_10/PlaceObject2_149_DangleFont_3/CLIPACTIONRECORD on(construct).as,sprite-timeline,192,eed0de5c18bb4e2b6c27edb5617028e42b52c2ad67ef481f36bf9bcd736c52ad
DefineSprite_820/frame_1/PlaceObject2_319_PirateFont_1/CLIPACTIONRECORD on(construct).as,sprite-timeline,167,10f218ee437be697353986a9b73fad52243dac20d25b316a3c5ec9e955179ed8
DefineSprite_821_next_arrow_button/frame_1/DoAction.as,sprite-timeline,8,c71f185593d153c467266a494ebee471c04c9b64044e6cf491e0d91d739e92fd
DefineSprite_821_next_arrow_button/frame_10/DoAction.as,sprite-timeline,8,c71f185593d153c467266a494ebee471c04c9b64044e6cf491e0d91d739e92fd
DefineSprite_822/frame_1/PlaceObject2_319_PirateFont_1/CLIPACTIONRECORD on(construct).as,sprite-timeline,167,66ca01f8e95133fb33ac02bde6238afde0b8696c2af525417d430e90738266a0
DefineSprite_823_arrow_button/frame_1/DoAction.as,sprite-timeline,8,c71f185593d153c467266a494ebee471c04c9b64044e6cf491e0d91d739e92fd
DefineSprite_823_arrow_button/frame_10/DoAction.as,sprite-timeline,8,c71f185593d153c467266a494ebee471c04c9b64044e6cf491e0d91d739e92fd
DefineSprite_824_score_line/frame_1/PlaceObject2_149_DangleFont_1/CLIPACTIONRECORD on(construct).as,sprite-timeline,166,cb652e73868421cbb61b3f030286f6dfc1c678c12847c0106af0172dcb3dca88
DefineSprite_824_score_line/frame_1/PlaceObject2_149_DangleFont_2/CLIPACTIONRECORD on(construct).as,sprite-timeline,167,48671b8d0a33246f3e7673af062a8f2fc599a5886e9c56f33a5ffbdebbc9ebc7
DefineSprite_824_score_line/frame_1/PlaceObject2_149_DangleFont_3/CLIPACTIONRECORD on(construct).as,sprite-timeline,169,bfe4041c314c2a117ecf97d5e24c72889b74f59ec65e1aff972b80b693737144
DefineSprite_826/frame_1/PlaceObject2_319_PirateFont_1/CLIPACTIONRECORD on(construct).as,sprite-timeline,170,a216b034a3a43862f8fc9f964d3f1788bb80a45f6e7a4404fcecb2df5b5edb96
DefineSprite_828_hiscore_board/frame_1/DoAction.as,sprite-timeline,8,c71f185593d153c467266a494ebee471c04c9b64044e6cf491e0d91d739e92fd
DefineSprite_828_hiscore_board/frame_10/DoAction.as,sprite-timeline,8,7db036800c2b12180542a4470e264738a6072395556b13974e540be5a90d6577
DefineSprite_828_hiscore_board/frame_35/DoAction.as,sprite-timeline,8,c71f185593d153c467266a494ebee471c04c9b64044e6cf491e0d91d739e92fd
DefineSprite_828_hiscore_board/frame_36/DoAction.as,sprite-timeline,8,c71f185593d153c467266a494ebee471c04c9b64044e6cf491e0d91d739e92fd
DefineSprite_828_hiscore_board/frame_36/PlaceObject2_149_DangleFont_1/CLIPACTIONRECORD on(construct).as,sprite-timeline,204,eb06761f26adc3129cf85b955ad02a0ca2a9d15fa0b01c3f46cb79a368124d13
DefineSprite_828_hiscore_board/frame_36/PlaceObject2_149_DangleFont_2/CLIPACTIONRECORD on(construct).as,sprite-timeline,192,eed0de5c18bb4e2b6c27edb5617028e42b52c2ad67ef481f36bf9bcd736c52ad
DefineSprite_835_lock/frame_2/DoAction.as,sprite-timeline,8,c71f185593d153c467266a494ebee471c04c9b64044e6cf491e0d91d739e92fd
DefineSprite_866_cannonSmokeTrail/frame_19/DoAction.as,sprite-timeline,14,6bd5f8dc7874211339937e2d435959c74dea14fcecf071507fe276a19e59eb0c
DefineSprite_881_dynamite/frame_5/DoAction.as,sprite-timeline,25,4c4a4dfbf362e7c7f818c74b4aafbda71ad605a01aaf02e28973cfb900c82986
DefineSprite_881_dynamite/frame_6/DoAction.as,sprite-timeline,13,0e21365013d9a61509056a352ff7cbafb8cd0f2310b8c23cbe249e6e7f76b0dc
DefineSprite_905_sweepingFlame/frame_11/DoAction.as,sprite-timeline,14,6bd5f8dc7874211339937e2d435959c74dea14fcecf071507fe276a19e59eb0c
DefineSprite_905_sweepingFlame/frame_4/DoAction.as,sprite-timeline,17,4f825295dbafb35efea4a428b2a61719573cd3db22dc51e3b897283c8babd5dd
DefineSprite_939_parachuteBomb/frame_1/DoAction.as,sprite-timeline,8,c71f185593d153c467266a494ebee471c04c9b64044e6cf491e0d91d739e92fd
DefineSprite_939_parachuteBomb/frame_11/DoAction.as,sprite-timeline,8,7db036800c2b12180542a4470e264738a6072395556b13974e540be5a90d6577
DefineSprite_939_parachuteBomb/frame_30/DoAction.as,sprite-timeline,26,655a2b545a2db87296ad72e22b942c7ecd97747f7cfb0437dc4d15de78e1941f
DefineSprite_958/frame_8/DoAction.as,sprite-timeline,8,c71f185593d153c467266a494ebee471c04c9b64044e6cf491e0d91d739e92fd
DefineSprite_965_woodenCrate/frame_1/DoAction.as,sprite-timeline,8,c71f185593d153c467266a494ebee471c04c9b64044e6cf491e0d91d739e92fd
DefineSprite_965_woodenCrate/frame_18/DoAction.as,sprite-timeline,22,817c54c3cb99e0cdc4cabc7292db48b2c57f6d1583ea5ba8df074b40ed5a0750
DefineSprite_968_gunpowderBarrel/frame_1/DoAction.as,sprite-timeline,8,c71f185593d153c467266a494ebee471c04c9b64044e6cf491e0d91d739e92fd
DefineSprite_968_gunpowderBarrel/frame_12/DoAction.as,sprite-timeline,22,817c54c3cb99e0cdc4cabc7292db48b2c57f6d1583ea5ba8df074b40ed5a0750
DefineSprite_982_seagull/frame_9/DoAction.as,sprite-timeline,28,ef11eae7165ee55e68d607fcf5d4e28c6118d0b74e3b881996e3511f63e2ece7
DoInitAction.as,linked-symbol,246,aa7fe33baf4d89751e40e870ba972dd6e3ac4b771133d9a37106a34a5aefa226
finish turn button.as,linked-symbol,88,382f4342d56990555b9472a6427caa7855049d323ebe917dfde82491856345fd
FocusManager.as,linked-symbol,71,10c406a75d0e5431f1d553a5ee2880ebf5a7c553267aa41492536b99c8ad1e1f
FocusRect.as,linked-symbol,67,7d49289229d09cfaeb3c18631350fa183306907be4ef6a39871e9aef7dc92f1b
frame_101/DoAction.as,root-timeline,35,24315defe3b9ba203cfc55ca4d034ba8cb3bd0e5c1fcf4d79aa120da2fb9a4f0
frame_101/PlaceObject2_319_PirateFont_36/CLIPACTIONRECORD on(construct).as,root-timeline,175,a94fac9fa20d808348dd28f57cb4a4d4a1d607dcd422ac275f12c393e0e84981
frame_111/DoAction.as,root-timeline,139,8e891c16215923715ea5e5f0b3a0262be54e52bfbb105890207963607dc0f766
frame_111/PlaceObject2_149_DangleFont_40/CLIPACTIONRECORD on(construct).as,root-timeline,166,339af10f3e5dedeeabce0e6941365fb084060daccde6dc6cad3648b3b6c44e8c
frame_111/PlaceObject2_149_DangleFont_43/CLIPACTIONRECORD on(construct).as,root-timeline,165,30fccc80a091c67fde5720a6e83c9142c8c73c723b1b7d2d933330a032125900
frame_111/PlaceObject2_149_DangleFont_44/CLIPACTIONRECORD on(construct).as,root-timeline,165,30fccc80a091c67fde5720a6e83c9142c8c73c723b1b7d2d933330a032125900
frame_121/DoAction.as,root-timeline,99,9b13ac2707801d18398491299c4be13414a07f2d3b36ace97741b038cc5f9c71
frame_121/PlaceObject2_319_PirateFont_211/CLIPACTIONRECORD on(construct).as,root-timeline,170,a216b034a3a43862f8fc9f964d3f1788bb80a45f6e7a4404fcecb2df5b5edb96
frame_131/DoAction.as,root-timeline,8,c71f185593d153c467266a494ebee471c04c9b64044e6cf491e0d91d739e92fd
frame_2/DoAction.as,root-timeline,4788,147bcbcc11e68b64c9ef48cd09ab3a57589456d4c8d3796bd77bcbbfd5ae10e8
frame_21/DoAction.as,root-timeline,8,c71f185593d153c467266a494ebee471c04c9b64044e6cf491e0d91d739e92fd
frame_3/DoAction.as,root-timeline,8,c71f185593d153c467266a494ebee471c04c9b64044e6cf491e0d91d739e92fd
frame_31/DoAction.as,root-timeline,8,c71f185593d153c467266a494ebee471c04c9b64044e6cf491e0d91d739e92fd
frame_40/DoAction.as,root-timeline,61,e382d3a945de043224bf4beb3dfcc2d6f5c793ae440c548851842af396582306
frame_41/DoAction.as,root-timeline,35,24315defe3b9ba203cfc55ca4d034ba8cb3bd0e5c1fcf4d79aa120da2fb9a4f0
frame_51/DoAction.as,root-timeline,8,c71f185593d153c467266a494ebee471c04c9b64044e6cf491e0d91d739e92fd
frame_51/PlaceObject2_149_DangleFont_129/CLIPACTIONRECORD on(construct).as,root-timeline,174,75bfbd3265af029d97af8020df07c6548358390a71869e036e3a162a199a2ba2
frame_51/PlaceObject2_149_DangleFont_131/CLIPACTIONRECORD on(construct).as,root-timeline,173,33fc129bf63802f5b811a88e08dcfddcb0c8a3702c5fd72613109c33ad039db4
frame_51/PlaceObject2_149_DangleFont_133/CLIPACTIONRECORD on(construct).as,root-timeline,173,9214c331da86750e05e0674db5b427466fa0af034884e492238c20e005f29bbe
frame_51/PlaceObject2_149_DangleFont_134/CLIPACTIONRECORD on(construct).as,root-timeline,181,b44bc663ade850a263a2f96fc26484b34162fbb33458fd2538bb8cbe44d7072f
frame_51/PlaceObject2_149_DangleFont_136/CLIPACTIONRECORD on(construct).as,root-timeline,182,d7dbf1087a39b05933cde6f45439fd81ce030573e736578175e710f06fa2a66a
frame_51/PlaceObject2_149_DangleFont_140/CLIPACTIONRECORD on(construct).as,root-timeline,195,d6a9d95c58a1dae9bb8abcc46178ebcedc3029b40c4649c3ee011f5a1be56d1e
frame_51/PlaceObject2_319_PirateFont_130/CLIPACTIONRECORD on(construct).as,root-timeline,168,2a597034613e288be3f9c5e9a00a87ddd0a6c5204d1cf618e428af16a71dfdc3
frame_51/PlaceObject2_319_PirateFont_132/CLIPACTIONRECORD on(construct).as,root-timeline,170,438ffd41994f2577681248737619d0d665962dc562cd9f4ca2642cb1dad4240e
frame_51/PlaceObject2_319_PirateFont_135/CLIPACTIONRECORD on(construct).as,root-timeline,174,3bd3b23a6fea417a15618634960fce92dd376e753e0fc3bcc4854e93e1c252ca
frame_51/PlaceObject2_319_PirateFont_36/CLIPACTIONRECORD on(construct).as,root-timeline,170,015b83ce231c3a0440bf3d41429b9497027ba146ceebcb46ba92d8ecdc24e7e8
frame_61/DoAction.as,root-timeline,8,c71f185593d153c467266a494ebee471c04c9b64044e6cf491e0d91d739e92fd
frame_61/PlaceObject2_319_PirateFont_36/CLIPACTIONRECORD on(construct).as,root-timeline,167,9abb7140d9b215bee8205870270cd01d3a8d01ec393acc16656dd11b63870781
frame_71/DoAction.as,root-timeline,8,c71f185593d153c467266a494ebee471c04c9b64044e6cf491e0d91d739e92fd
frame_71/PlaceObject2_319_PirateFont_36/CLIPACTIONRECORD on(construct).as,root-timeline,169,ab4000cb4d1a92116b3a696da2e56df553918661991d6edea2e2699db6ceab54
frame_81/DoAction.as,root-timeline,8,c71f185593d153c467266a494ebee471c04c9b64044e6cf491e0d91d739e92fd
frame_81/PlaceObject2_319_PirateFont_36/CLIPACTIONRECORD on(construct).as,root-timeline,178,b9acbb28fb720a22d9ad3040d3fac73d736d61c5f1c22035c0641f4ee0375b29
frame_91/DoAction.as,root-timeline,35,24315defe3b9ba203cfc55ca4d034ba8cb3bd0e5c1fcf4d79aa120da2fb9a4f0
frame_91/PlaceObject2_149_DangleFont_49/CLIPACTIONRECORD on(construct).as,root-timeline,241,99baabcee3937f0c68a992cbae20e67f629d37b94547c97f583cc3fe2143a0fa
frame_91/PlaceObject2_319_PirateFont_36/CLIPACTIONRECORD on(construct).as,root-timeline,174,fdb6597b4e9c9f89b1b0c2dbfb38a6f2d2743095c759635750db6a752848d2fb
help_button.as,linked-symbol,76,a4226c31fc8508aadf30e24275474905abb75e1583c38b51573748fc8fe06ddc
hiscore_board.as,linked-symbol,82,cbbbaa487e3c634dc8d19d1a69985c46f525cc46ebf162d615a4073f1807688a
ingame text area.as,linked-symbol,82,fc52d3987dc1d2e0392f141554196332603d2cfad44ac607ba81cdd35d72d9ac
letter_button_a.as,linked-symbol,84,ab6cd4ac9a843715e766618beb65256d702b0596a5378aa6f042973fd825d33f
level_select_2p.as,linked-symbol,83,5ba9abaf5a2228caa9d50c2664b8d764f1d56e19d1eba805bc50e1f6d126dcdf
level_select_button.as,linked-symbol,91,dc0f337568b510400afb953f98d1eca2a8d7bedfb1558bf6b2e11fb59d8de705
lock.as,linked-symbol,60,80b65e5c2fa6428317c4eae07d3cf893bc79f4f2dc5a5322ba43cda1a43b0f90
menu_background_anim.as,linked-symbol,92,6ccc751c6764020246f6b5f858ac0d096257337cb685e552620efc091905cdb9
music controller.as,linked-symbol,83,b6207756174703e0b488de112efcbd9a5f96ff6f3ca355cac2929daed44cfa33
music toggle button.as,linked-symbol,82,7a592f3e876ccf4f0b9ddf1ff70e0317dab8d4d21a418c9c0025f3f877bf16ed
next_arrow_button.as,linked-symbol,85,599613d57e2e5384b91d102578b579a4e0bdc7579c8862569ebdec5bf288f223
next_level.as,linked-symbol,80,d9f2d9c8752c527e214acd994ea4e320af98b80b4cd75ac111a38adad6114ee6
PirateFont.as,linked-symbol,81,6e876f75405da0bdeddbc8c6f95bc75867a371ae88553bb4df8f8b9ed199827e
play_button.as,linked-symbol,76,37dab217104161ad7984d34fe2d0f84ac498421602d1e97adf7e3d81bbc189a9
popup.as,linked-symbol,68,40ca246b80c1344166878e82b0e32c0abf2054e2fbc3e19b8d7df64d0e4cda8c
preloader.as,linked-symbol,70,b9b8935a0f94a78bc58aa9db5ae787d01ca599fe9e8436210134ae9cf557658c
quit level button.as,linked-symbol,85,ad960811a88d832545c8d10b39f099a11842f846b0636c84ce61d90f8a62dcfc
restart_level.as,linked-symbol,86,0a72054bbc6534deb88a365da64a832c4fed9773d53a6f5a3098cfaacfc2dcef
score_line.as,linked-symbol,78,19633bbcb5c558253606166064d1e16a9a29370eccf5d1bde428f574fed38b3a
score_submit_panel.as,linked-symbol,91,2211b189863200a4c552c8579b847b62062f779f7cc6b560bd8b63e7a948556c
scores_button.as,linked-symbol,80,62c73c43a0cadd4d403b3db0d34edf15dfdf629bf96cb9066690790b9a9b317c
sfx toggle button.as,linked-symbol,77,97e41b4d971fc30a2e381d8453228710c9a50e765889e8eb292ca5d315a270df
sfx_manager.as,linked-symbol,73,4a4814eca4c6f7c47a8c6a88a31230489b271072932f9b8d021b6aa8629d6d1a
submit_button2.as,linked-symbol,83,bb809b4181252199f34352a298cfa798bf88b58cc5a0b8df07996ab6af1bbf17
submit_score.as,linked-symbol,84,497f49dc805fa942fb60c698e61900f058ba7364c44f2892e0c70fa61d9f92a4
transition_tween.as,linked-symbol,83,4f25d43c41103da9dc2b48a35338e635b98fc9a2b400afe139b256f0ce3e267a
UIComponent.as,linked-symbol,65,8d2c5e6fd533122f2726a6e8e5a47669fe34ee5e472371784acb556264e4dbf7
UIComponentExtensions.as,linked-symbol,89,101f07d2b5a1477e96994eadc50df22253dae4d0f64bd96a35411cfc96316dc5
UIObject.as,linked-symbol,59,bef2e7a0b3a5e9835a1dc7132ae94d1a26b2ecf7648e2179033b8952a8a64add
UIObjectExtensions.as,linked-symbol,83,fd135269f3fe986e06ae4654ab5066d1be4e153cb7f9348c4a5c3c17581839b6
weapon select.as,linked-symbol,82,b66abcde4c246be66cc1453f62108850e262b3dab63f6a0b4ad343251fd63a0d
weapons button copy.as,linked-symbol,89,a9b2a00e95cbc1962d14c15dfd8c8df4979221ea0ffbbec019d3289819a7acbc
weapons icon.as,linked-symbol,82,feaa8cc7b522f4360e348606bd698d3bd6e829dab103344a2c6478289624ec4a
