path,class,extends,invalid_utf8_markers,replacement_characters
deobfuscated/scripts/__Packages/com/nitrome/buttons/BackButton.as,com.nitrome.buttons.BackButton,com.nitrome.buttons.SimpleButton,0,0
deobfuscated/scripts/__Packages/com/nitrome/buttons/CongratulationsButton.as,com.nitrome.buttons.CongratulationsButton,com.nitrome.buttons.SimpleButton,0,0
deobfuscated/scripts/__Packages/com/nitrome/buttons/ContinueGameButton.as,com.nitrome.buttons.ContinueGameButton,com.nitrome.buttons.SimpleButton,0,0
deobfuscated/scripts/__Packages/com/nitrome/buttons/CreditsButton.as,com.nitrome.buttons.CreditsButton,com.nitrome.buttons.SimpleButton,0,0
deobfuscated/scripts/__Packages/com/nitrome/buttons/HelpButton.as,com.nitrome.buttons.HelpButton,com.nitrome.buttons.SimpleButton,0,0
deobfuscated/scripts/__Packages/com/nitrome/buttons/LevelSelect2p.as,com.nitrome.buttons.LevelSelect2p,MovieClip,0,0
deobfuscated/scripts/__Packages/com/nitrome/buttons/LevelSelectButton.as,com.nitrome.buttons.LevelSelectButton,MovieClip,0,0
deobfuscated/scripts/__Packages/com/nitrome/buttons/NextLevelButton.as,com.nitrome.buttons.NextLevelButton,com.nitrome.buttons.SimpleButton,0,0
deobfuscated/scripts/__Packages/com/nitrome/buttons/OnePlayerButton.as,com.nitrome.buttons.OnePlayerButton,com.nitrome.buttons.SimpleButton,0,0
deobfuscated/scripts/__Packages/com/nitrome/buttons/PlayButton.as,com.nitrome.buttons.PlayButton,com.nitrome.buttons.SimpleButton,0,0
deobfuscated/scripts/__Packages/com/nitrome/buttons/QuitGameButton.as,com.nitrome.buttons.QuitGameButton,com.nitrome.buttons.SimpleButton,0,0
deobfuscated/scripts/__Packages/com/nitrome/buttons/RestartLevelButton.as,com.nitrome.buttons.RestartLevelButton,com.nitrome.buttons.SimpleButton,0,0
deobfuscated/scripts/__Packages/com/nitrome/buttons/ScoresButton.as,com.nitrome.buttons.ScoresButton,com.nitrome.buttons.SimpleButton,0,0
deobfuscated/scripts/__Packages/com/nitrome/buttons/SimpleButton.as,com.nitrome.buttons.SimpleButton,MovieClip,0,0
deobfuscated/scripts/__Packages/com/nitrome/buttons/SubmitScoreButton.as,com.nitrome.buttons.SubmitScoreButton,com.nitrome.buttons.SimpleButton,0,0
deobfuscated/scripts/__Packages/com/nitrome/buttons/TwoPlayerButton.as,com.nitrome.buttons.TwoPlayerButton,com.nitrome.buttons.SimpleButton,0,0
deobfuscated/scripts/__Packages/com/nitrome/game/CancelPlayerButton.as,com.nitrome.game.CancelPlayerButton,com.nitrome.game.SimpleButton,0,0
deobfuscated/scripts/__Packages/com/nitrome/game/CancelWeaponButton.as,com.nitrome.game.CancelWeaponButton,com.nitrome.game.SimpleButton,0,0
deobfuscated/scripts/__Packages/com/nitrome/game/CornerQuitButton.as,com.nitrome.game.CornerQuitButton,com.nitrome.buttons.SimpleButton,0,0
deobfuscated/scripts/__Packages/com/nitrome/game/FxToggle.as,com.nitrome.game.FxToggle,MovieClip,0,0
deobfuscated/scripts/__Packages/com/nitrome/game/IngamePopup.as,com.nitrome.game.IngamePopup,MovieClip,0,0
deobfuscated/scripts/__Packages/com/nitrome/game/IngameTextArea.as,com.nitrome.game.IngameTextArea,MovieClip,0,0
deobfuscated/scripts/__Packages/com/nitrome/game/MusicController.as,com.nitrome.game.MusicController,MovieClip,0,0
deobfuscated/scripts/__Packages/com/nitrome/game/MusicToggle.as,com.nitrome.game.MusicToggle,MovieClip,0,0
deobfuscated/scripts/__Packages/com/nitrome/game/Preloader.as,com.nitrome.game.Preloader,MovieClip,0,0
deobfuscated/scripts/__Packages/com/nitrome/game/SfxManager.as,com.nitrome.game.SfxManager,MovieClip,0,0
deobfuscated/scripts/__Packages/com/nitrome/game/SimpleButton.as,com.nitrome.game.SimpleButton,MovieClip,0,0
deobfuscated/scripts/__Packages/com/nitrome/game/TransitionTween.as,com.nitrome.game.TransitionTween,MovieClip,0,0
deobfuscated/scripts/__Packages/com/nitrome/game/WeaponSelectButton.as,com.nitrome.game.WeaponSelectButton,com.nitrome.game.SimpleButton,0,0
deobfuscated/scripts/__Packages/com/nitrome/game/WeaponSelectPanel.as,com.nitrome.game.WeaponSelectPanel,MovieClip,0,0
deobfuscated/scripts/__Packages/com/nitrome/highscore/ArrowButton.as,com.nitrome.highscore.ArrowButton,MovieClip,0,0
deobfuscated/scripts/__Packages/com/nitrome/highscore/ClearButton.as,com.nitrome.highscore.ClearButton,com.nitrome.buttons.SimpleButton,0,0
deobfuscated/scripts/__Packages/com/nitrome/highscore/HiscoreBoard.as,com.nitrome.highscore.HiscoreBoard,MovieClip,0,0
deobfuscated/scripts/__Packages/com/nitrome/highscore/HiscoreLine.as,com.nitrome.highscore.HiscoreLine,MovieClip,0,0
deobfuscated/scripts/__Packages/com/nitrome/highscore/LetterButton.as,com.nitrome.highscore.LetterButton,MovieClip,0,0
deobfuscated/scripts/__Packages/com/nitrome/highscore/ScoreSubmitPanel.as,com.nitrome.highscore.ScoreSubmitPanel,MovieClip,0,0
deobfuscated/scripts/__Packages/com/nitrome/highscore/SubmitButton.as,com.nitrome.highscore.SubmitButton,MovieClip,0,0
deobfuscated/scripts/__Packages/com/nitrome/pirate/MenuBackgroundAnim.as,com.nitrome.pirate.MenuBackgroundAnim,MovieClip,0,0
deobfuscated/scripts/__Packages/com/nitrome/throwgame/Anchor.as,com.nitrome.throwgame.Anchor,com.nitrome.throwgame.Weapon,0,0
deobfuscated/scripts/__Packages/com/nitrome/throwgame/Banana.as,com.nitrome.throwgame.Banana,com.nitrome.throwgame.Weapon,0,0
deobfuscated/scripts/__Packages/com/nitrome/throwgame/Boulder.as,com.nitrome.throwgame.Boulder,com.nitrome.throwgame.Weapon,0,0
deobfuscated/scripts/__Packages/com/nitrome/throwgame/BoxWeapon.as,com.nitrome.throwgame.BoxWeapon,com.nitrome.throwgame.Weapon,0,0
deobfuscated/scripts/__Packages/com/nitrome/throwgame/Cannon.as,com.nitrome.throwgame.Cannon,com.nitrome.throwgame.Weapon,0,0
deobfuscated/scripts/__Packages/com/nitrome/throwgame/Cannonball.as,com.nitrome.throwgame.Cannonball,com.nitrome.throwgame.Weapon,0,0
deobfuscated/scripts/__Packages/com/nitrome/throwgame/Character.as,com.nitrome.throwgame.Character,com.nitrome.throwgame.Solid,0,0
deobfuscated/scripts/__Packages/com/nitrome/throwgame/CherryBomb.as,com.nitrome.throwgame.CherryBomb,com.nitrome.throwgame.Weapon,0,0
deobfuscated/scripts/__Packages/com/nitrome/throwgame/Controller.as,com.nitrome.throwgame.Controller,,0,0
deobfuscated/scripts/__Packages/com/nitrome/throwgame/Debris.as,com.nitrome.throwgame.Debris,com.nitrome.util.Clip,0,0
deobfuscated/scripts/__Packages/com/nitrome/throwgame/Dynamite.as,com.nitrome.throwgame.Dynamite,com.nitrome.throwgame.Weapon,0,0
deobfuscated/scripts/__Packages/com/nitrome/throwgame/Explosion.as,com.nitrome.throwgame.Explosion,com.nitrome.util.Clip,0,0
deobfuscated/scripts/__Packages/com/nitrome/throwgame/GunpowderBarrel.as,com.nitrome.throwgame.GunpowderBarrel,com.nitrome.throwgame.BoxWeapon,0,0
deobfuscated/scripts/__Packages/com/nitrome/throwgame/Map.as,com.nitrome.throwgame.Map,com.nitrome.util.Clip,0,0
deobfuscated/scripts/__Packages/com/nitrome/throwgame/Mine.as,com.nitrome.throwgame.Mine,com.nitrome.throwgame.Weapon,0,0
deobfuscated/scripts/__Packages/com/nitrome/throwgame/ParachuteBomb.as,com.nitrome.throwgame.ParachuteBomb,com.nitrome.throwgame.Weapon,0,0
deobfuscated/scripts/__Packages/com/nitrome/throwgame/PiecesOfEight.as,com.nitrome.throwgame.PiecesOfEight,com.nitrome.throwgame.Weapon,0,0
deobfuscated/scripts/__Packages/com/nitrome/throwgame/RumBottle.as,com.nitrome.throwgame.RumBottle,com.nitrome.throwgame.Weapon,0,0
deobfuscated/scripts/__Packages/com/nitrome/throwgame/Seagull.as,com.nitrome.throwgame.Seagull,com.nitrome.throwgame.Weapon,0,0
deobfuscated/scripts/__Packages/com/nitrome/throwgame/Solid.as,com.nitrome.throwgame.Solid,com.nitrome.util.Clip,0,0
deobfuscated/scripts/__Packages/com/nitrome/throwgame/SpeechBubble.as,com.nitrome.throwgame.SpeechBubble,com.nitrome.util.Clip,0,0
deobfuscated/scripts/__Packages/com/nitrome/throwgame/SweepingFlame.as,com.nitrome.throwgame.SweepingFlame,com.nitrome.util.Clip,0,0
deobfuscated/scripts/__Packages/com/nitrome/throwgame/Team.as,com.nitrome.throwgame.Team,,0,0
deobfuscated/scripts/__Packages/com/nitrome/throwgame/TidalWave.as,com.nitrome.throwgame.TidalWave,com.nitrome.throwgame.Weapon,0,0
deobfuscated/scripts/__Packages/com/nitrome/throwgame/Tile.as,com.nitrome.throwgame.Tile,com.nitrome.util.Clip,0,0
deobfuscated/scripts/__Packages/com/nitrome/throwgame/TileSystem.as,com.nitrome.throwgame.TileSystem,,0,0
deobfuscated/scripts/__Packages/com/nitrome/throwgame/TreasureChest.as,com.nitrome.throwgame.TreasureChest,com.nitrome.util.Clip,0,0
deobfuscated/scripts/__Packages/com/nitrome/throwgame/VoodooDoll.as,com.nitrome.throwgame.VoodooDoll,com.nitrome.throwgame.Weapon,0,0
deobfuscated/scripts/__Packages/com/nitrome/throwgame/Water.as,com.nitrome.throwgame.Water,com.nitrome.util.Clip,0,0
deobfuscated/scripts/__Packages/com/nitrome/throwgame/Weapon.as,com.nitrome.throwgame.Weapon,com.nitrome.throwgame.Solid,0,0
deobfuscated/scripts/__Packages/com/nitrome/throwgame/WoodenCrate.as,com.nitrome.throwgame.WoodenCrate,com.nitrome.throwgame.BoxWeapon,0,0
deobfuscated/scripts/__Packages/com/nitrome/util/Clip.as,com.nitrome.util.Clip,,0,0
deobfuscated/scripts/__Packages/com/nitrome/util/CustomCursor.as,com.nitrome.util.CustomCursor,MovieClip,0,0
deobfuscated/scripts/__Packages/com/nitrome/util/Global.as,com.nitrome.util.Global,,0,0
deobfuscated/scripts/__Packages/com/nitrome/util/Lock.as,com.nitrome.util.Lock,MovieClip,0,0
deobfuscated/scripts/__Packages/com/nitrome/util/MD5.as,com.nitrome.util.MD5,,0,0
deobfuscated/scripts/__Packages/com/nitrome/util/Trig.as,com.nitrome.util.Trig,,0,0
deobfuscated/scripts/__Packages/com/senocular/drawing/DashedLine.as,com.senocular.drawing.DashedLine,,0,0
deobfuscated/scripts/__Packages/DangleFont.as,DangleFont,mx.core.UIComponent,0,0
deobfuscated/scripts/__Packages/mx/controls/SimpleButton.as,mx.controls.SimpleButton,mx.core.UIComponent,0,0
deobfuscated/scripts/__Packages/mx/core/ext/UIComponentExtensions.as,mx.core.ext.UIComponentExtensions,,0,0
deobfuscated/scripts/__Packages/mx/core/ext/UIObjectExtensions.as,mx.core.ext.UIObjectExtensions,,0,0
deobfuscated/scripts/__Packages/mx/core/UIComponent.as,mx.core.UIComponent,mx.core.UIObject,0,0
deobfuscated/scripts/__Packages/mx/core/UIObject.as,mx.core.UIObject,MovieClip,0,0
deobfuscated/scripts/__Packages/mx/events/EventDispatcher.as,mx.events.EventDispatcher,,0,0
deobfuscated/scripts/__Packages/mx/events/UIEventDispatcher.as,mx.events.UIEventDispatcher,mx.events.EventDispatcher,0,0
deobfuscated/scripts/__Packages/mx/managers/DepthManager.as,mx.managers.DepthManager,,0,0
deobfuscated/scripts/__Packages/mx/managers/FocusManager.as,mx.managers.FocusManager,mx.core.UIComponent,0,0
deobfuscated/scripts/__Packages/mx/managers/OverlappedWindows.as,mx.managers.OverlappedWindows,,0,0
deobfuscated/scripts/__Packages/mx/managers/SystemManager.as,mx.managers.SystemManager,,0,0
deobfuscated/scripts/__Packages/mx/skins/ColoredSkinElement.as,mx.skins.ColoredSkinElement,,0,0
deobfuscated/scripts/__Packages/mx/skins/halo/Defaults.as,mx.skins.halo.Defaults,,0,0
deobfuscated/scripts/__Packages/mx/skins/halo/FocusRect.as,mx.skins.halo.FocusRect,mx.skins.SkinElement,0,0
deobfuscated/scripts/__Packages/mx/skins/SkinElement.as,mx.skins.SkinElement,MovieClip,0,0
deobfuscated/scripts/__Packages/mx/styles/CSSSetStyle.as,mx.styles.CSSSetStyle,,0,0
deobfuscated/scripts/__Packages/mx/styles/CSSStyleDeclaration.as,mx.styles.CSSStyleDeclaration,,0,0
deobfuscated/scripts/__Packages/mx/styles/CSSTextStyles.as,mx.styles.CSSTextStyles,,0,0
deobfuscated/scripts/__Packages/mx/styles/StyleManager.as,mx.styles.StyleManager,,0,0
deobfuscated/scripts/__Packages/mx/utils/Delegate.as,mx.utils.Delegate,Object,0,0
deobfuscated/scripts/__Packages/NitromeGame.as,NitromeGame,,0,0
deobfuscated/scripts/__Packages/PirateFont.as,PirateFont,mx.core.UIComponent,0,0
