symbol_id,bounds_type,xmin_px,ymin_px,xmax_px,ymax_px
2,shapeBounds,-70.0,-13.5,70.0,13.5
3,shapeBounds,-14.0,-1.0,-13.0,1.0
8,shapeBounds,0.0,0.0,100.0,100.0
11,shapeBounds,0.0,0.0,8.0,11.0
14,shapeBounds,0.0,0.0,6.0,11.0
17,shapeBounds,0.0,0.0,8.0,11.0
20,shapeBounds,0.0,0.0,8.0,11.0
23,shapeBounds,0.0,0.0,8.0,11.0
26,shapeBounds,0.0,0.0,8.0,11.0
29,shapeBounds,0.0,0.0,8.0,11.0
32,shapeBounds,0.0,0.0,8.0,11.0
35,shapeBounds,0.0,0.0,8.0,11.0
38,shapeBounds,0.0,0.0,8.0,11.0
41,shapeBounds,0.0,0.0,8.0,11.0
44,shapeBounds,0.0,0.0,8.0,11.0
47,shapeBounds,0.0,0.0,8.0,11.0
50,shapeBounds,0.0,0.0,8.0,11.0
53,shapeBounds,0.0,0.0,8.0,11.0
56,shapeBounds,0.0,0.0,4.0,11.0
59,shapeBounds,0.0,0.0,8.0,11.0
62,shapeBounds,0.0,0.0,8.0,11.0
65,shapeBounds,0.0,0.0,8.0,11.0
68,shapeBounds,0.0,0.0,4.0,11.0
71,shapeBounds,0.0,0.0,8.0,11.0
74,shapeBounds,0.0,0.0,8.0,11.0
77,shapeBounds,0.0,0.0,8.0,11.0
80,shapeBounds,0.0,0.0,12.0,11.0
83,shapeBounds,0.0,0.0,8.0,11.0
87,shapeBounds,0.0,0.0,8.0,11.0
90,shapeBounds,0.0,0.0,9.0,11.0
94,shapeBounds,0.0,0.0,8.0,11.0
97,shapeBounds,0.0,0.0,8.0,11.0
100,shapeBounds,0.0,0.0,8.0,11.0
103,shapeBounds,0.0,0.0,4.0,11.0
106,shapeBounds,0.0,0.0,4.0,11.0
109,shapeBounds,0.0,0.0,8.0,11.0
112,shapeBounds,0.0,0.0,8.0,11.0
115,shapeBounds,0.0,0.0,8.0,11.0
118,shapeBounds,0.0,0.0,12.0,11.0
121,shapeBounds,0.0,0.0,8.0,11.0
124,shapeBounds,0.0,0.0,8.0,11.0
127,shapeBounds,0.0,0.0,8.0,11.0
132,edgeBounds,0.0,0.0,27.0,27.0
132,shapeBounds,-0.5,-0.5,27.5,27.5
133,edgeBounds,0.0,0.0,27.0,27.0
133,shapeBounds,-0.5,-0.5,27.5,27.5
141,shapeBounds,0.0,0.0,3.95,11.95
144,shapeBounds,0.0,0.0,3.95,10.95
147,shapeBounds,0.0,0.0,7.95,10.95
169,shapeBounds,0.0,0.0,549.9,399.7
174,shapeBounds,197.0,12.0,1831.0,183.0
177,shapeBounds,0.0,0.0,1640.9,290.95
180,shapeBounds,71.0,6.0,1918.0,195.0
183,shapeBounds,0.0,246.0,1099.8,399.95
185,shapeBounds,0.0,0.0,550.0,400.0
189,shapeBounds,0.0,-30.0,1024.0,354.0
194,shapeBounds,0.0,0.0,16.0,18.0
197,shapeBounds,0.0,0.0,15.0,23.0
200,shapeBounds,0.0,0.0,26.0,23.0
203,shapeBounds,0.0,0.0,16.0,18.0
206,shapeBounds,0.0,0.0,16.0,18.0
209,shapeBounds,0.0,0.0,16.0,18.0
212,shapeBounds,0.0,0.0,16.0,18.0
215,shapeBounds,0.0,0.0,16.0,18.0
218,shapeBounds,0.0,0.0,16.0,18.0
221,shapeBounds,0.0,0.0,16.0,18.0
224,shapeBounds,0.0,0.0,26.0,23.0
227,shapeBounds,0.0,0.0,23.0,23.0
230,shapeBounds,0.0,0.0,24.0,23.0
233,shapeBounds,0.0,0.0,24.0,23.0
236,shapeBounds,0.0,0.0,26.0,23.0
239,shapeBounds,0.0,0.0,10.0,18.0
242,shapeBounds,0.0,0.0,22.0,23.0
245,shapeBounds,0.0,0.0,24.0,26.0
248,shapeBounds,0.0,0.0,25.0,23.0
251,shapeBounds,0.0,0.0,15.0,23.0
254,shapeBounds,0.0,0.0,22.0,26.0
257,shapeBounds,0.0,0.0,38.0,31.0
260,shapeBounds,0.0,0.0,23.0,23.0
263,shapeBounds,0.0,0.0,28.0,23.0
266,shapeBounds,0.0,-2.0,40.0,31.0
269,shapeBounds,0.0,0.0,24.0,23.0
272,shapeBounds,0.0,-1.0,23.0,23.0
275,shapeBounds,0.0,0.0,26.0,27.0
278,shapeBounds,0.0,0.0,16.0,18.0
281,shapeBounds,0.0,-1.0,39.0,30.0
284,shapeBounds,0.0,0.0,22.0,23.0
286,shapeBounds,-5.0,-9.0,5.0,9.0
290,shapeBounds,0.0,0.0,10.0,18.0
293,shapeBounds,0.0,0.0,23.0,23.0
296,shapeBounds,0.0,0.0,24.0,23.0
299,shapeBounds,0.0,0.0,26.0,23.0
302,shapeBounds,0.0,0.0,35.0,23.0
305,shapeBounds,0.0,0.0,26.0,23.0
308,shapeBounds,0.0,0.0,23.0,23.0
311,shapeBounds,0.0,0.0,23.0,23.0
314,shapeBounds,0.0,0.0,16.0,18.0
317,shapeBounds,0.0,0.0,10.0,20.0
320,shapeBounds,0.0,0.0,550.0,400.0
323,shapeBounds,-276.0,-201.0,276.0,201.0
326,shapeBounds,-175.0,-130.0,174.95,129.95
328,shapeBounds,-140.0,0.0,140.0,24.0
331,shapeBounds,-140.0,0.0,140.0,24.0
344,shapeBounds,-6.95,-6.95,7.0,6.95
346,shapeBounds,-31.0,10.0,16.0,27.0
348,shapeBounds,-5.6,-6.6,8.35,7.35
351,shapeBounds,-9.95,-6.95,10.0,6.95
353,shapeBounds,-15.05,10.0,15.95,27.0
355,shapeBounds,-6.95,-6.95,7.0,6.95
357,shapeBounds,-11.0,10.0,11.9,26.9
359,edgeBounds,0.0,0.0,190.0,16.0
359,shapeBounds,-0.5,-0.5,190.5,16.5
435,edgeBounds,0.0,0.0,16.0,16.0
435,shapeBounds,-0.5,-0.5,16.5,16.5
442,shapeBounds,0.0,0.0,34.0,32.0
445,shapeBounds,0.0,0.0,32.0,32.0
448,shapeBounds,0.0,0.0,34.0,32.0
451,shapeBounds,0.0,0.0,32.0,32.0
454,shapeBounds,0.0,0.0,32.0,32.0
457,shapeBounds,0.0,0.0,32.0,32.0
460,shapeBounds,0.0,0.0,32.0,32.0
463,shapeBounds,-121.95,-59.95,121.95,71.95
467,shapeBounds,0.0,0.0,32.0,32.0
470,shapeBounds,0.0,0.0,32.0,32.0
473,shapeBounds,0.0,0.0,32.0,32.0
476,shapeBounds,0.0,0.0,32.0,32.0
479,shapeBounds,0.0,0.0,32.0,32.0
482,shapeBounds,0.0,-1.0,32.0,32.0
485,shapeBounds,0.0,-1.0,32.0,32.0
488,shapeBounds,0.0,-1.0,32.0,32.0
491,shapeBounds,0.0,-1.0,32.0,32.0
494,shapeBounds,0.0,-1.0,32.0,32.0
497,shapeBounds,0.0,1.0,34.0,32.0
500,shapeBounds,-2.0,1.0,32.0,32.0
503,shapeBounds,24.0,0.0,40.0,32.0
506,shapeBounds,24.0,0.0,40.0,32.0
509,shapeBounds,24.0,0.0,40.0,32.0
512,shapeBounds,0.0,0.0,32.0,32.0
515,shapeBounds,0.0,0.0,32.0,32.0
518,shapeBounds,0.0,0.0,32.0,32.0
521,shapeBounds,-11.0,0.0,32.0,32.0
524,shapeBounds,0.0,0.0,32.0,32.0
527,shapeBounds,0.0,0.0,43.0,32.0
530,shapeBounds,0.0,0.0,32.0,32.0
533,shapeBounds,-4.0,0.0,32.0,32.0
536,shapeBounds,0.0,0.0,32.0,32.0
539,shapeBounds,0.0,0.0,32.0,32.0
542,shapeBounds,0.0,0.0,32.0,32.0
545,shapeBounds,0.0,0.0,32.0,32.0
548,shapeBounds,0.0,0.0,32.0,32.0
551,shapeBounds,0.0,0.0,32.0,32.0
554,shapeBounds,0.0,0.0,32.0,32.0
557,shapeBounds,0.0,0.0,32.0,32.0
560,shapeBounds,0.0,0.0,32.0,32.0
563,shapeBounds,0.0,0.0,32.0,32.0
566,shapeBounds,0.0,0.0,32.0,32.0
569,shapeBounds,0.0,-5.0,32.0,32.0
572,shapeBounds,-2.0,10.0,34.0,32.0
575,shapeBounds,0.0,0.0,36.0,32.0
578,shapeBounds,-101.0,-76.0,101.0,76.0
580,shapeBounds,-17.5,-19.0,17.5,19.0
584,shapeBounds,-17.5,-19.0,17.5,19.0
587,shapeBounds,-70.0,0.0,70.0,24.0
591,shapeBounds,0.0,0.0,192.0,129.0
593,shapeBounds,15.5,62.0,177.5,125.0
595,shapeBounds,20.0,29.0,173.0,125.0
597,shapeBounds,30.5,50.0,162.5,125.0
599,shapeBounds,6.5,59.0,186.5,125.0
601,shapeBounds,24.5,59.0,168.5,125.0
603,shapeBounds,-12.0,8.0,189.0,125.0
605,shapeBounds,-82.0,29.0,275.0,125.0
607,shapeBounds,54.5,65.0,138.5,125.0
609,shapeBounds,56.0,11.0,137.0,125.0
611,shapeBounds,2.0,32.0,191.0,125.0
613,shapeBounds,-25.0,17.0,218.0,125.0
615,shapeBounds,59.0,53.0,134.0,125.0
617,shapeBounds,24.5,53.0,168.5,125.0
619,shapeBounds,24.5,35.0,168.5,125.0
621,shapeBounds,-44.5,77.0,237.5,125.0
623,shapeBounds,18.5,23.0,174.5,125.0
625,shapeBounds,-38.5,53.0,231.5,125.0
627,shapeBounds,29.0,14.0,164.0,125.0
633,shapeBounds,0.0,0.0,51.0,77.0
635,shapeBounds,-12.0,-11.0,12.0,11.0
637,shapeBounds,-12.0,-21.0,10.0,14.0
639,shapeBounds,-14.0,-12.0,12.0,11.0
641,shapeBounds,-17.0,-21.0,17.0,11.0
643,shapeBounds,-14.0,-11.0,11.0,11.0
645,shapeBounds,-20.0,-14.0,16.0,12.0
647,shapeBounds,-22.0,-44.0,17.0,12.0
649,shapeBounds,-10.0,-11.0,8.0,11.0
651,shapeBounds,-18.0,-24.0,18.0,11.0
653,shapeBounds,-15.0,-15.0,13.0,11.0
655,shapeBounds,-20.0,-10.0,18.0,10.0
657,shapeBounds,-12.0,-12.0,12.0,11.0
659,shapeBounds,-16.0,-14.0,14.0,11.0
661,shapeBounds,-14.0,-24.0,13.0,11.0
663,shapeBounds,-22.0,-44.0,17.0,12.0
667,shapeBounds,-23.0,-26.0,28.0,51.0
670,shapeBounds,-100.0,0.0,100.0,24.0
675,shapeBounds,-81.25,0.0,81.25,24.0
684,shapeBounds,0.0,0.0,21.0,26.0
687,shapeBounds,0.0,0.0,228.0,255.0
689,shapeBounds,-17.0,-16.0,17.0,16.0
692,shapeBounds,0.0,0.0,32.0,32.0
694,shapeBounds,0.0,0.0,32.0,32.0
696,shapeBounds,0.0,0.0,32.0,32.0
698,shapeBounds,0.0,0.0,32.0,32.0
700,shapeBounds,0.0,0.0,32.0,32.0
702,shapeBounds,0.0,0.0,32.0,32.0
704,shapeBounds,0.0,0.0,32.0,32.0
706,shapeBounds,0.0,0.0,32.0,32.0
709,shapeBounds,0.0,0.0,32.0,32.0
711,shapeBounds,0.0,0.0,32.0,32.0
713,shapeBounds,0.0,0.0,32.0,32.0
715,shapeBounds,0.0,0.0,32.0,32.0
717,shapeBounds,0.0,0.0,32.0,32.0
719,shapeBounds,0.0,0.0,32.0,32.0
721,shapeBounds,0.0,0.0,32.0,32.0
723,shapeBounds,0.0,0.0,32.0,32.0
726,shapeBounds,0.0,0.0,33.0,32.0
728,shapeBounds,0.0,0.0,33.0,32.0
730,shapeBounds,0.0,0.0,33.0,32.0
732,shapeBounds,0.0,0.0,33.0,32.0
734,shapeBounds,0.0,0.0,33.0,32.0
736,shapeBounds,0.0,0.0,33.0,32.0
738,shapeBounds,0.0,0.0,33.0,32.0
740,shapeBounds,0.0,0.0,33.0,32.0
743,shapeBounds,0.0,0.0,33.0,32.0
745,shapeBounds,0.0,0.0,33.0,32.0
747,shapeBounds,0.0,0.0,33.0,32.0
749,shapeBounds,0.0,0.0,33.0,32.0
751,shapeBounds,0.0,0.0,33.0,32.0
753,shapeBounds,0.0,0.0,33.0,32.0
755,shapeBounds,0.0,0.0,33.0,32.0
757,shapeBounds,0.0,0.0,33.0,32.0
760,shapeBounds,-11.0,-14.0,14.0,11.0
762,shapeBounds,-11.0,-14.0,14.0,11.0
764,shapeBounds,-11.0,-14.0,14.0,11.0
766,shapeBounds,-11.0,-14.0,14.0,11.0
769,shapeBounds,0.0,0.0,28.0,32.0
772,shapeBounds,0.0,0.0,28.0,32.0
775,shapeBounds,0.0,0.0,28.0,32.0
778,shapeBounds,0.0,0.0,28.0,32.0
782,shapeBounds,0.0,0.0,244.0,132.0
785,shapeBounds,0.0,0.0,211.9,12.5
790,shapeBounds,-15.0,-16.0,229.0,115.5
797,shapeBounds,-179.95,-89.95,180.0,100.0
807,shapeBounds,-17.0,0.0,19.0,24.0
810,shapeBounds,-70.0,36.0,70.0,63.0
811,shapeBounds,-62.0,1.0,34.0,9.0
815,shapeBounds,0.0,0.0,99.0,74.0
816,shapeBounds,-275.0,-200.0,275.0,200.0
819,shapeBounds,-60.0,0.0,55.0,24.0
825,shapeBounds,0.0,0.0,397.0,261.0
832,shapeBounds,218.0,16.0,332.0,115.0
833,shapeBounds,-25.0,-25.0,25.0,25.0
837,shapeBounds,-10.0,-22.0,10.0,10.0
839,shapeBounds,-10.0,-22.0,10.0,10.0
841,shapeBounds,-10.0,-22.0,10.0,10.0
843,shapeBounds,-10.0,-22.0,10.0,10.0
846,shapeBounds,-8.0,-8.0,27.0,8.0
849,shapeBounds,-19.0,-19.0,27.0,19.0
852,shapeBounds,-10.0,-10.0,10.0,10.0
855,shapeBounds,-8.0,-8.0,9.0,9.0
857,shapeBounds,-8.0,-8.0,9.0,9.0
859,shapeBounds,-8.0,-8.0,9.0,9.0
861,shapeBounds,-8.0,-8.0,9.0,9.0
863,shapeBounds,-8.0,-8.0,9.0,9.0
865,shapeBounds,-8.0,-8.0,9.0,9.0
868,shapeBounds,-32.0,-32.0,32.0,32.0
871,shapeBounds,-32.0,-32.0,32.0,32.0
874,shapeBounds,-5.0,-15.0,17.0,12.0
876,shapeBounds,-5.0,-15.0,17.0,12.0
878,shapeBounds,-5.0,-15.0,17.0,12.0
880,shapeBounds,-5.0,-15.0,17.0,12.0
883,shapeBounds,-7.0,-7.0,8.0,8.0
886,shapeBounds,-9.0,-30.0,10.0,1.0
888,shapeBounds,-9.0,-30.0,10.0,1.0
890,shapeBounds,-9.0,-30.0,10.0,1.0
892,shapeBounds,-9.0,-30.0,10.0,1.0
894,shapeBounds,-9.0,-30.0,10.0,1.0
896,shapeBounds,-9.0,-30.0,10.0,1.0
898,shapeBounds,-9.0,-30.0,10.0,1.0
900,shapeBounds,-9.0,-30.0,10.0,1.0
902,shapeBounds,-9.0,-30.0,10.0,1.0
904,shapeBounds,-9.0,-30.0,10.0,1.0
907,shapeBounds,-9.0,-33.0,9.0,15.0
909,shapeBounds,-9.0,-33.0,9.0,15.0
911,shapeBounds,-9.0,-33.0,9.0,15.0
913,shapeBounds,-9.0,-33.0,9.0,15.0
915,shapeBounds,-9.0,-33.0,9.0,15.0
917,shapeBounds,-9.0,-33.0,9.0,15.0
920,shapeBounds,-13.0,-7.0,14.0,8.0
923,shapeBounds,-12.0,-26.0,12.0,12.0
925,shapeBounds,-12.0,-26.0,12.0,12.0
927,shapeBounds,-12.0,-26.0,12.0,12.0
929,shapeBounds,-12.0,-26.0,12.0,12.0
932,shapeBounds,0.0,0.0,34.0,39.0
936,shapeBounds,-17.0,-46.0,17.0,-7.0
938,shapeBounds,-17.0,-46.0,17.0,-7.0
941,shapeBounds,-16.0,-16.0,16.0,16.0
943,shapeBounds,-29.0,-19.0,25.0,26.0
945,shapeBounds,0.0,0.0,62.0,64.0
947,shapeBounds,0.0,0.0,62.0,64.0
949,shapeBounds,0.0,0.0,62.0,64.0
951,shapeBounds,0.0,0.0,62.0,64.0
953,shapeBounds,0.0,0.0,62.0,64.0
955,shapeBounds,0.0,0.0,62.0,64.0
957,shapeBounds,0.0,0.0,62.0,64.0
960,shapeBounds,-29.0,-19.0,25.0,26.0
962,shapeBounds,-29.0,-19.0,25.0,26.0
964,shapeBounds,-29.0,-19.0,25.0,26.0
967,shapeBounds,-16.0,-16.0,17.0,16.0
970,shapeBounds,-7.0,-12.0,6.0,8.0
973,shapeBounds,-13.0,-10.0,13.0,10.0
975,shapeBounds,-13.0,-10.0,13.0,10.0
977,shapeBounds,-13.0,-10.0,13.0,10.0
979,shapeBounds,-13.0,-10.0,13.0,10.0
981,shapeBounds,-13.0,-9.0,12.0,9.0
984,shapeBounds,0.0,0.0,98.0,98.0
987,shapeBounds,0.0,0.0,27.0,13.0
989,shapeBounds,0.0,0.0,27.0,13.0
991,shapeBounds,0.0,0.0,27.0,13.0
993,shapeBounds,0.0,0.0,27.0,13.0
995,shapeBounds,0.0,0.0,27.0,13.0
997,shapeBounds,0.0,0.0,27.0,13.0
999,shapeBounds,0.0,0.0,27.0,13.0
1001,shapeBounds,0.0,0.0,27.0,13.0
1005,shapeBounds,-18.0,-18.0,20.0,17.0
1007,shapeBounds,-18.0,-18.0,20.0,17.0
1009,shapeBounds,-18.0,-18.0,20.0,17.0
1011,shapeBounds,-18.0,-18.0,20.0,17.0
1013,shapeBounds,-18.0,-18.0,20.0,17.0
1015,shapeBounds,-18.0,-18.0,20.0,17.0
1017,shapeBounds,-18.0,-18.0,20.0,17.0
1019,shapeBounds,-18.0,-18.0,20.0,17.0
1021,shapeBounds,-18.0,-18.0,20.0,17.0
1023,shapeBounds,-18.0,-18.0,20.0,17.0
1026,shapeBounds,-9.0,-14.0,10.0,12.0
1029,shapeBounds,-310.0,-343.0,189.0,2.0
1031,shapeBounds,-310.0,-343.0,189.0,2.0
1033,shapeBounds,-310.0,-343.0,189.0,2.0
1035,shapeBounds,-310.0,-343.0,189.0,2.0
1037,shapeBounds,-310.0,-343.0,189.0,2.0
1039,shapeBounds,-307.0,-350.0,168.0,2.0
1041,shapeBounds,-307.0,-350.0,168.0,2.0
1043,shapeBounds,-307.0,-350.0,168.0,2.0
1045,shapeBounds,-307.0,-350.0,168.0,2.0
1047,shapeBounds,-307.0,-350.0,168.0,2.0
1049,shapeBounds,-307.0,-350.0,168.0,2.0
1051,shapeBounds,-307.0,-350.0,168.0,2.0
1053,shapeBounds,-307.0,-350.0,168.0,2.0
1055,shapeBounds,-307.0,-350.0,168.0,2.0
1057,shapeBounds,-307.0,-350.0,168.0,2.0
1060,shapeBounds,-6.5,-3.5,6.5,3.5
1063,shapeBounds,-9.0,-7.0,9.0,7.0
1066,shapeBounds,-12.0,-15.0,12.0,15.0
1068,shapeBounds,-11.0,-14.0,14.0,11.0
1070,shapeBounds,-11.0,-14.0,14.0,11.0
1072,shapeBounds,-11.0,-14.0,14.0,11.0
1074,shapeBounds,-11.0,-14.0,14.0,11.0
1076,shapeBounds,-10.0,-12.0,15.95,10.95
1079,shapeBounds,-11.0,-14.0,11.0,11.0
1081,shapeBounds,-11.0,-14.0,11.0,11.0
1083,shapeBounds,-11.0,-14.0,11.0,11.0
1085,shapeBounds,-10.0,-12.0,9.95,10.95
1088,shapeBounds,-11.0,-13.0,14.0,11.0
1090,shapeBounds,-11.0,-13.0,14.0,11.0
1092,shapeBounds,-11.0,-13.0,14.0,11.0
1094,shapeBounds,-11.0,-13.0,14.0,11.0
1096,shapeBounds,-10.0,-11.0,15.95,10.95
1099,shapeBounds,-18.0,-14.0,18.0,12.0
1101,shapeBounds,-18.0,-14.0,18.0,12.0
1103,shapeBounds,-18.0,-14.0,18.0,12.0
1105,shapeBounds,-17.0,-12.0,16.95,10.95
1108,shapeBounds,-13.0,-14.0,13.0,11.0
1110,shapeBounds,-11.0,-14.0,15.0,11.0
1112,shapeBounds,-11.0,-14.0,15.0,11.0
1114,shapeBounds,-11.0,-14.0,15.0,11.0
1116,shapeBounds,-10.0,-12.0,14.95,10.95
1119,shapeBounds,-13.0,-14.0,15.0,12.0
1121,shapeBounds,-13.0,-14.0,15.0,12.0
1123,shapeBounds,-13.0,-14.0,15.0,12.0
1125,shapeBounds,-12.0,-12.0,15.95,11.95
1128,shapeBounds,-13.0,-14.0,15.0,11.0
1130,shapeBounds,-13.0,-14.0,15.0,11.0
1132,shapeBounds,-13.0,-14.0,15.0,11.0
1134,shapeBounds,-13.0,-14.0,15.0,11.0
1136,shapeBounds,-13.0,-12.0,15.95,10.95
1139,shapeBounds,-12.0,-28.0,10.0,14.0
1141,shapeBounds,-11.0,-31.0,11.0,11.0
1143,shapeBounds,-11.0,-31.0,11.0,11.0
1145,shapeBounds,-11.0,-31.0,11.0,11.0
1147,shapeBounds,-10.0,-29.0,9.95,10.95
1150,shapeBounds,-20.0,-45.0,19.0,11.0
1152,shapeBounds,-20.0,-45.0,19.0,11.0
1154,shapeBounds,-20.0,-45.0,19.0,11.0
1156,shapeBounds,-21.0,-47.0,18.95,10.95
1159,shapeBounds,-20.0,-45.0,19.0,11.0
1161,shapeBounds,-20.0,-45.0,19.0,11.0
1163,shapeBounds,-20.0,-45.0,19.0,11.0
1165,shapeBounds,-21.0,-47.0,18.95,10.95
1168,shapeBounds,-17.0,-21.0,17.0,11.0
1170,shapeBounds,-17.0,-21.0,17.0,11.0
1172,shapeBounds,-17.0,-21.0,17.0,11.0
1174,shapeBounds,-16.0,-19.0,15.95,10.95
1177,shapeBounds,-14.0,-19.0,14.0,11.0
1179,shapeBounds,-14.0,-19.0,14.0,11.0
1181,shapeBounds,-14.0,-19.0,14.0,11.0
1183,shapeBounds,-14.0,-19.0,14.0,11.0
1185,shapeBounds,-14.0,-18.0,13.95,10.95
1188,shapeBounds,-15.0,-17.0,15.0,11.0
1190,shapeBounds,-15.0,-17.0,15.0,11.0
1192,shapeBounds,-15.0,-17.0,15.0,11.0
1194,shapeBounds,-15.0,-17.0,15.0,11.0
1196,shapeBounds,-15.0,-16.0,15.95,10.95
1199,shapeBounds,-18.0,-24.0,18.0,11.0
1201,shapeBounds,-18.0,-24.0,18.0,11.0
1203,shapeBounds,-18.0,-24.0,18.0,11.0
1205,shapeBounds,-17.0,-22.0,16.95,10.95
1208,shapeBounds,-17.0,-19.0,19.0,11.0
1210,shapeBounds,-17.0,-19.0,19.0,11.0
1212,shapeBounds,-17.0,-19.0,19.0,11.0
1214,shapeBounds,-17.0,-19.0,19.0,11.0
1216,shapeBounds,-16.0,-18.0,17.95,10.95
1219,shapeBounds,-11.0,-18.0,11.0,11.0
1221,shapeBounds,-11.0,-18.0,11.0,11.0
1223,shapeBounds,-11.0,-18.0,11.0,11.0
1225,shapeBounds,-11.0,-18.0,11.0,11.0
1227,shapeBounds,-10.0,-15.0,9.9,10.9
1230,shapeBounds,-13.0,-24.0,14.0,11.0
1232,shapeBounds,-13.0,-24.0,14.0,11.0
1234,shapeBounds,-13.0,-24.0,14.0,11.0
1236,shapeBounds,-14.0,-21.0,13.9,10.9
1239,shapeBounds,-11.0,-14.0,15.0,11.0
1241,shapeBounds,-11.0,-14.0,15.0,11.0
1243,shapeBounds,-11.0,-14.0,15.0,11.0
1245,shapeBounds,-11.0,-14.0,15.0,11.0
1247,shapeBounds,-10.0,-12.0,15.95,10.95
1250,shapeBounds,-14.0,-20.0,15.0,11.0
1252,shapeBounds,-14.0,-20.0,15.0,11.0
1254,shapeBounds,-14.0,-20.0,15.0,11.0
1256,shapeBounds,-14.0,-20.0,15.0,11.0
1258,shapeBounds,-14.0,-18.0,15.95,10.95
1261,shapeBounds,-14.0,-13.0,15.0,11.0
1263,shapeBounds,-14.0,-13.0,15.0,11.0
1265,shapeBounds,-14.0,-13.0,15.0,11.0
1267,shapeBounds,-14.0,-13.0,15.0,11.0
1269,shapeBounds,-12.0,-11.0,13.9,10.9
1272,shapeBounds,-20.0,-11.0,20.0,12.0
1274,shapeBounds,-20.0,-11.0,20.0,12.0
1276,shapeBounds,-20.0,-11.0,20.0,12.0
1278,shapeBounds,-20.0,-11.0,20.0,12.0
1280,shapeBounds,-19.0,-10.0,18.95,11.95
1283,shapeBounds,-15.0,-14.0,15.0,11.0
1285,shapeBounds,-15.0,-14.0,15.0,11.0
1287,shapeBounds,-15.0,-14.0,15.0,11.0
1289,shapeBounds,-16.0,-13.0,15.9,10.9
1292,shapeBounds,-11.0,-24.0,11.0,11.0
1294,shapeBounds,-11.0,-24.0,11.0,11.0
1296,shapeBounds,-11.0,-24.0,11.0,11.0
1298,shapeBounds,-10.0,-21.0,9.9,10.9
1301,shapeBounds,-12.0,-13.0,12.0,11.0
1303,shapeBounds,-12.0,-13.0,12.0,11.0
1305,shapeBounds,-12.0,-13.0,12.0,11.0
1307,shapeBounds,-12.0,-13.0,12.0,11.0
1309,shapeBounds,-11.0,-11.0,10.95,10.95
1312,shapeBounds,-14.0,-20.0,14.0,12.0
1314,shapeBounds,-14.0,-20.0,14.0,12.0
1316,shapeBounds,-14.0,-20.0,14.0,12.0
1318,shapeBounds,-14.0,-20.0,14.0,12.0
1320,shapeBounds,-13.0,-18.0,14.95,10.95
1323,shapeBounds,-10.0,-12.0,15.95,10.95
1325,shapeBounds,-14.0,-20.0,14.0,12.0
1326,shapeBounds,-14.0,-20.0,14.0,12.0
1327,shapeBounds,-14.0,-20.0,14.0,12.0
1328,shapeBounds,-14.0,-20.0,14.0,12.0
1330,shapeBounds,-13.0,-18.0,14.95,10.95
1333,shapeBounds,0.0,0.0,32.0,32.0
1336,shapeBounds,0.0,0.0,32.0,32.0
1339,shapeBounds,0.0,0.0,34.0,32.0
1342,shapeBounds,0.0,0.0,32.0,32.0
1345,shapeBounds,-2.0,0.0,32.0,32.0
1348,shapeBounds,0.0,0.0,32.0,32.0
1351,shapeBounds,0.0,0.0,32.0,32.0
1354,shapeBounds,0.0,0.0,32.0,32.0
1357,shapeBounds,0.0,0.0,32.0,32.0
1360,shapeBounds,0.0,0.0,32.0,32.0
1363,shapeBounds,0.0,0.0,32.0,32.0
1366,shapeBounds,0.0,0.0,32.0,32.0
1369,shapeBounds,5.0,0.0,32.0,26.0
1372,shapeBounds,0.0,0.0,32.0,32.0
1375,shapeBounds,0.0,0.0,32.0,32.0
1378,shapeBounds,0.0,0.0,32.0,32.0
1381,shapeBounds,0.0,0.0,28.0,26.0
1384,shapeBounds,0.0,6.0,27.0,32.0
1387,shapeBounds,0.0,0.0,32.0,32.0
1390,shapeBounds,0.0,0.0,32.0,32.0
1393,shapeBounds,-2.0,0.0,34.0,32.0
1396,shapeBounds,0.0,0.0,32.0,32.0
1399,shapeBounds,0.0,0.0,32.0,32.0
1402,shapeBounds,0.0,0.0,32.0,32.0
1405,shapeBounds,0.0,0.0,32.0,32.0
1408,shapeBounds,0.0,0.0,32.0,32.0
1411,shapeBounds,0.0,0.0,32.0,32.0
1414,shapeBounds,0.0,0.0,32.0,32.0
1417,shapeBounds,0.0,0.0,32.0,32.0
1420,shapeBounds,0.0,0.0,32.0,32.0
1423,shapeBounds,0.0,0.0,32.0,32.0
1426,shapeBounds,0.0,0.0,32.0,32.0
1429,shapeBounds,0.0,0.0,32.0,32.0
1432,shapeBounds,0.0,0.0,32.0,32.0
1435,shapeBounds,0.0,0.0,32.0,32.0
1438,shapeBounds,0.0,0.0,32.0,32.0
1441,shapeBounds,1.0,16.0,30.0,32.0
1443,shapeBounds,0.0,0.0,32.0,32.0
1446,shapeBounds,2.0,19.0,30.0,32.0
1448,shapeBounds,0.0,0.0,32.0,32.0
1451,shapeBounds,3.0,12.0,28.0,32.0
1453,shapeBounds,0.0,0.0,32.0,32.0
1456,shapeBounds,7.0,18.0,25.0,32.0
1458,shapeBounds,0.0,0.0,32.0,32.0
1460,shapeBounds,0.0,0.0,64.0,64.0
1462,shapeBounds,0.0,0.0,36.0,39.0
1464,shapeBounds,0.0,0.0,36.0,39.0
1466,shapeBounds,0.0,0.0,36.0,39.0
1468,shapeBounds,0.0,0.0,36.0,39.0
1470,shapeBounds,0.0,0.0,36.0,39.0
1472,shapeBounds,0.0,0.0,36.0,39.0
1474,shapeBounds,0.0,0.0,36.0,39.0
1476,shapeBounds,0.0,0.0,36.0,39.0
1478,shapeBounds,0.0,0.0,36.0,39.0
1480,shapeBounds,0.0,0.0,36.0,39.0
1482,shapeBounds,0.0,0.0,36.0,39.0
1484,shapeBounds,0.0,0.0,36.0,39.0
1488,shapeBounds,-1.0,-26.0,33.0,32.0
1491,shapeBounds,0.0,-8.0,31.0,32.0
1494,shapeBounds,0.0,0.0,32.0,32.0
1497,shapeBounds,0.0,6.0,32.0,32.0
1500,shapeBounds,0.0,0.0,32.0,32.0
1503,shapeBounds,0.0,0.0,32.0,32.0
1506,shapeBounds,0.0,0.0,32.0,32.0
1509,shapeBounds,0.0,0.0,32.0,27.0
1512,shapeBounds,0.0,6.0,32.0,32.0
1515,shapeBounds,0.0,0.0,32.0,32.0
1518,shapeBounds,0.0,0.0,30.0,32.0
1521,shapeBounds,0.0,0.0,32.0,32.0
1524,shapeBounds,0.0,0.0,32.0,32.0
1527,shapeBounds,-2.0,0.0,32.0,32.0
1530,shapeBounds,0.0,0.0,34.0,32.0
1533,shapeBounds,0.0,0.0,32.0,32.0
1536,shapeBounds,0.0,0.0,32.0,32.0
1539,shapeBounds,0.0,0.0,32.0,32.0
1542,shapeBounds,0.0,0.0,32.0,32.0
1545,shapeBounds,0.0,0.0,32.0,32.0
1548,shapeBounds,0.0,0.0,32.0,32.0
1551,shapeBounds,0.0,0.0,32.0,32.0
1554,shapeBounds,0.0,0.0,36.0,32.0
1557,shapeBounds,0.0,0.0,36.0,32.0
1560,shapeBounds,0.0,0.0,34.0,32.0
1562,shapeBounds,0.0,0.0,34.0,32.0
1564,shapeBounds,0.0,0.0,34.0,32.0
1566,shapeBounds,0.0,0.0,34.0,32.0
1568,shapeBounds,0.0,0.0,34.0,32.0
1570,shapeBounds,0.0,0.0,34.0,32.0
1572,shapeBounds,0.0,0.0,34.0,32.0
1574,shapeBounds,0.0,0.0,34.0,32.0
1577,shapeBounds,0.0,0.0,34.0,32.0
1579,shapeBounds,0.0,0.0,34.0,32.0
1581,shapeBounds,0.0,0.0,34.0,32.0
1583,shapeBounds,0.0,0.0,34.0,32.0
1585,shapeBounds,0.0,0.0,34.0,32.0
1587,shapeBounds,0.0,0.0,34.0,32.0
1589,shapeBounds,0.0,0.0,34.0,32.0
1591,shapeBounds,0.0,0.0,34.0,32.0
1594,shapeBounds,0.0,0.0,32.0,32.0
1596,shapeBounds,0.0,0.0,32.0,32.0
1598,shapeBounds,0.0,0.0,32.0,32.0
1600,shapeBounds,0.0,0.0,32.0,32.0
1602,shapeBounds,0.0,0.0,32.0,32.0
1604,shapeBounds,0.0,0.0,32.0,32.0
1606,shapeBounds,0.0,0.0,32.0,32.0
1608,shapeBounds,0.0,0.0,32.0,32.0
1610,shapeBounds,0.0,34.0,980.0,354.0
1612,shapeBounds,0.0,-30.0,1024.0,34.0
1614,shapeBounds,0.0,-30.0,1024.0,34.0
1616,shapeBounds,0.0,-30.0,1024.0,34.0
1618,shapeBounds,0.0,-30.0,1024.0,34.0
1620,shapeBounds,0.0,-30.0,1024.0,34.0
1621,shapeBounds,0.0,-30.0,1024.0,34.0
1623,shapeBounds,0.0,34.0,980.0,354.0
1625,shapeBounds,0.0,-30.0,1024.0,34.0
1627,shapeBounds,0.0,-30.0,1024.0,34.0
1629,shapeBounds,0.0,-30.0,1024.0,34.0
1631,shapeBounds,0.0,-30.0,1024.0,34.0
1633,shapeBounds,0.0,-30.0,1024.0,34.0
1635,shapeBounds,0.0,-30.0,1024.0,34.0
1637,shapeBounds,0.0,34.0,980.0,354.0
1639,shapeBounds,0.0,-30.0,1024.0,34.0
1641,shapeBounds,0.0,-30.0,1024.0,34.0
1643,shapeBounds,0.0,-30.0,1024.0,34.0
1645,shapeBounds,0.0,-30.0,1024.0,34.0
1647,shapeBounds,0.0,-30.0,1024.0,34.0
1649,shapeBounds,0.0,-30.0,1024.0,34.0
1653,shapeBounds,-17.0,0.0,17.0,39.0
1655,shapeBounds,-17.0,0.0,17.0,39.0
1658,shapeBounds,0.0,0.0,34.0,39.0
1661,shapeBounds,-27.0,-18.0,26.0,2.0
1663,shapeBounds,-27.0,-18.0,26.0,2.0
1665,shapeBounds,-27.0,-18.0,26.0,2.0
1667,shapeBounds,-27.0,-18.0,26.0,2.0
1669,shapeBounds,-27.0,-18.0,26.0,2.0
1671,shapeBounds,-27.0,-18.0,26.0,2.0
1673,shapeBounds,-27.0,-18.0,26.0,2.0
1675,shapeBounds,-27.0,-18.0,26.0,2.0
1678,shapeBounds,-17.0,-24.0,17.0,16.0
1680,shapeBounds,-17.0,-24.0,17.0,16.0
1682,shapeBounds,0.0,0.0,34.0,40.0
1683,shapeBounds,-20.0,-53.95,20.0,-3.95
1685,shapeBounds,-13.0,-13.0,12.95,12.95
1687,shapeBounds,0.0,0.0,18.0,17.0
1689,shapeBounds,0.0,0.0,18.0,17.0
1691,shapeBounds,0.0,0.0,18.0,17.0
1693,shapeBounds,0.0,0.0,18.0,17.0
1695,shapeBounds,0.0,0.0,18.0,17.0
1697,shapeBounds,0.0,0.0,18.0,17.0
1699,shapeBounds,0.0,0.0,18.0,17.0
1701,shapeBounds,0.0,0.0,18.0,17.0
1703,shapeBounds,0.0,0.0,18.0,17.0
1705,shapeBounds,0.0,0.0,18.0,17.0
1707,shapeBounds,0.0,0.0,18.0,17.0
1709,shapeBounds,0.0,0.0,18.0,17.0
1711,shapeBounds,0.0,0.0,18.0,17.0
1713,shapeBounds,0.0,0.0,18.0,17.0
1715,shapeBounds,0.0,0.0,18.0,17.0
1717,shapeBounds,0.0,0.0,18.0,17.0
1719,shapeBounds,0.0,0.0,18.0,17.0
1722,shapeBounds,-13.0,-13.0,12.95,12.95
1727,shapeBounds,-24.0,-44.0,24.0,0.0
1729,shapeBounds,-24.0,-44.0,24.0,0.0
1731,shapeBounds,-24.0,-44.0,24.0,0.0
1733,shapeBounds,-24.0,-44.0,24.0,0.0
1735,shapeBounds,-24.0,-44.0,24.0,0.0
1737,shapeBounds,-24.0,-44.0,24.0,0.0
1739,shapeBounds,-24.0,-44.0,24.0,0.0
1741,shapeBounds,-24.0,-44.0,24.0,0.0
1743,shapeBounds,-24.0,-44.0,24.0,0.0
1745,shapeBounds,-24.0,-44.0,24.0,0.0
1747,shapeBounds,-24.0,-44.0,24.0,0.0
1749,shapeBounds,-24.0,-44.0,24.0,0.0
1751,shapeBounds,-24.0,-44.0,24.0,0.0
1753,shapeBounds,-24.0,-44.0,24.0,0.0
1755,shapeBounds,-24.0,-44.0,24.0,0.0
1757,shapeBounds,-24.0,-44.0,24.0,0.0
1759,shapeBounds,-24.0,-44.0,24.0,0.0
1761,shapeBounds,-24.0,-44.0,24.0,0.0
1763,shapeBounds,-24.0,-44.0,24.0,0.0
1765,shapeBounds,-24.0,-44.0,24.0,0.0
1767,shapeBounds,-24.0,-44.0,24.0,0.0
1769,shapeBounds,-24.0,-44.0,24.0,0.0
1771,shapeBounds,-24.0,-44.0,24.0,0.0
1773,shapeBounds,-24.0,-44.0,24.0,0.0
1775,shapeBounds,-24.0,-44.0,24.0,0.0
1777,shapeBounds,-24.0,-44.0,24.0,0.0
1779,shapeBounds,-24.0,-44.0,24.0,0.0
1781,shapeBounds,70.35,-86.7,153.85,-3.2
1782,shapeBounds,66.5,-90.55,157.7,0.65
1783,endBounds,-50.0,-50.0,50.0,50.0
1783,startBounds,-47.1,-47.1,47.1,47.1
1784,shapeBounds,-50.0,-50.0,50.0,50.0
1787,shapeBounds,-10.0,-11.0,12.0,11.0
1789,shapeBounds,-9.0,-11.0,10.0,10.0
1791,shapeBounds,-10.0,-4.0,10.0,6.0
1793,shapeBounds,-10.0,-11.0,11.0,8.0
1795,shapeBounds,-8.0,-11.0,11.0,10.0
1797,shapeBounds,-9.0,-10.0,10.0,10.0
1799,shapeBounds,-15.0,-10.0,16.0,11.0
1801,shapeBounds,-15.0,-10.0,16.0,11.0
1803,shapeBounds,-15.0,-10.0,16.0,11.0
1805,shapeBounds,-15.0,-10.0,16.0,11.0
1808,shapeBounds,-9.0,-9.0,9.95,9.95
1810,shapeBounds,-5.0,-10.0,7.9,10.9
1812,shapeBounds,-10.0,-6.0,5.9,9.9
1815,shapeBounds,-10.0,-10.0,9.9,9.9
1816,shapeBounds,0.0,0.0,19.9,19.9
1819,shapeBounds,-10.0,-10.0,9.9,9.9
1822,shapeBounds,0.0,0.0,24.0,36.0
1824,shapeBounds,0.0,0.0,24.0,36.0
1826,shapeBounds,-9.0,-4.0,8.9,4.9
1828,shapeBounds,0.0,0.0,24.0,36.0
1830,shapeBounds,0.0,0.0,24.0,36.0
1833,shapeBounds,0.0,0.0,85.95,56.95
1835,shapeBounds,0.0,0.0,85.95,56.95
1836,shapeBounds,0.0,0.0,85.95,56.95
1838,shapeBounds,0.0,0.0,86.0,57.0
1841,shapeBounds,0.0,0.0,85.95,56.95
1843,shapeBounds,0.0,0.0,86.0,57.0
1846,shapeBounds,0.0,0.0,19.9,19.9
1849,shapeBounds,0.0,0.0,19.9,19.9
1852,shapeBounds,0.0,5.0,270.95,251.95
1854,shapeBounds,0.0,5.0,270.95,251.95
1857,shapeBounds,-4.0,-4.0,4.0,4.0
1860,shapeBounds,-15.0,-3.0,14.95,2.95
1861,endBounds,-14.0,-2.0,13.0,2.0
1861,startBounds,-14.0,-2.0,-12.0,2.0
1862,shapeBounds,-14.0,-2.0,13.0,2.0
1863,shapeBounds,-14.0,-2.0,14.0,2.0
1865,shapeBounds,-14.0,-13.0,13.9,12.9
1868,shapeBounds,-8.0,1.0,7.95,23.95
1871,shapeBounds,-20.0,-21.0,21.0,21.0
1873,shapeBounds,-62.0,1.0,34.0,9.0
1874,endBounds,-14.0,-2.0,13.0,2.0
1874,startBounds,-14.0,-2.0,-12.0,2.0
1875,shapeBounds,-14.0,-2.0,13.0,2.0
1876,shapeBounds,-14.0,-2.0,14.0,2.0
1879,shapeBounds,-8.0,1.0,7.95,23.95
1882,shapeBounds,-12.0,1.0,11.95,23.95
1885,shapeBounds,1.0,1.0,4.95,4.95
1887,shapeBounds,1.0,0.0,5.0,1.0
1889,shapeBounds,0.0,0.0,1.0,4.0
1891,shapeBounds,0.0,-5.0,1.0,-1.0
1893,shapeBounds,-5.0,0.0,-1.0,1.0
1897,shapeBounds,0.0,0.0,636.0,2.0
1899,edgeBounds,-182.5,-182.5,182.5,182.5
1899,shapeBounds,-182.5,-182.5,182.5,182.5
1902,shapeBounds,0.0,0.0,550.0,400.0
1904,shapeBounds,-275.0,-200.0,275.0,200.0
1905,shapeBounds,-229.0,-70.5,207.0,70.5
1907,shapeBounds,-218.0,-70.5,218.0,70.5
1911,shapeBounds,-275.0,-200.0,275.0,200.0
1913,shapeBounds,-96.0,-71.5,96.0,71.5
1916,shapeBounds,-96.0,-71.5,96.0,71.5
1917,endBounds,13.05,-72.95,113.05,27.05
1917,startBounds,15.95,-70.05,110.15,24.15
1918,endBounds,-104.95,-16.95,-4.95,83.05
1918,startBounds,-102.05,-14.05,-7.85,80.15
1919,shapeBounds,62.1,-94.95,162.1,5.05
1920,shapeBounds,-147.0,-92.0,130.1,98.05
1921,endBounds,-50.0,-50.0,50.0,50.0
1921,startBounds,-47.1,-47.1,47.1,47.1
1924,shapeBounds,-70.0,-5.0,71.0,6.0
1927,shapeBounds,54.0,36.0,505.9,189.9
1930,shapeBounds,44.0,24.0,506.0,376.0
1932,shapeBounds,283.5,179.0,293.5,185.0
1935,shapeBounds,-162.0,-33.0,163.0,33.0
1936,edgeBounds,-84.25,-93.0,9.95,-47.4
1936,shapeBounds,-84.25,-94.0,10.95,-47.4
1937,endBounds,-117.0,-45.0,-85.0,-1.0
1937,startBounds,-92.5,-45.0,-85.0,-34.5
1939,shapeBounds,-12.0,-11.5,12.0,11.5
1941,shapeBounds,84.0,-53.0,143.0,-30.0
1943,shapeBounds,-11.0,-11.0,11.0,11.0
1945,shapeBounds,0.0,0.0,12.0,21.0
1947,edgeBounds,-116.0,-44.0,-86.0,-2.0
1947,shapeBounds,-117.0,-45.0,-85.0,-1.0
1948,shapeBounds,-12.0,-11.5,12.0,11.5
1949,endBounds,62.1,-94.95,162.1,5.05
1949,startBounds,65.0,-92.05,159.2,2.15
1950,endBounds,-122.0,-41.0,-93.0,-7.5
1950,startBounds,-100.5,-41.0,-93.0,-32.9
1951,edgeBounds,-121.0,-40.0,-94.0,-8.5
1951,shapeBounds,-122.0,-41.0,-93.0,-7.5
1954,shapeBounds,44.0,24.0,503.9,373.95
1957,shapeBounds,127.05,169.5,472.1,249.5
1959,shapeBounds,44.0,24.0,503.9,373.95
1960,shapeBounds,186.0,80.85,362.95,103.85
1963,shapeBounds,0.0,0.0,549.9,399.9
1968,shapeBounds,197.0,12.0,1831.0,183.0
1971,shapeBounds,0.0,0.0,1640.9,290.95
1974,shapeBounds,71.0,6.0,1918.0,195.0
1977,shapeBounds,0.0,246.0,1099.8,399.95
1979,shapeBounds,0.0,0.0,550.0,400.0
1982,shapeBounds,0.0,0.0,549.9,399.9
1987,shapeBounds,197.0,12.0,1831.0,183.0
1990,shapeBounds,0.0,0.0,1640.9,290.95
1993,shapeBounds,71.0,6.0,1918.0,195.0
1996,shapeBounds,0.0,246.0,1099.8,399.95
2001,shapeBounds,-65.95,-16.95,66.0,17.0
2002,endBounds,-34.0,0.95,62.0,8.95
2002,startBounds,-34.0,0.9,-33.0,8.9
2003,shapeBounds,-34.0,0.95,62.0,8.95
2006,shapeBounds,-65.95,-16.95,66.0,17.0
2008,shapeBounds,-11.0,-11.0,11.0,10.0
2010,endBounds,-62.0,1.0,34.0,9.0
2010,startBounds,33.0,1.0,34.0,9.0
