symbol_id,tag_type,linkage_names,timeline_frames,bitmap_width,bitmap_height
1,DefineBitsLossless2Tag,,,397,27
2,DefineShapeTag,,,,
3,DefineShapeTag,,,,
4,DefineSpriteTag,,1,,
5,DefineSpriteTag,__Packages.mx.core.UIObject,0,,
6,DefineSpriteTag,__Packages.mx.core.UIComponent,0,,
7,DefineSpriteTag,__Packages.DangleFont,0,,
8,DefineShapeTag,,,,
9,DefineSpriteTag,BoundingBox,1,,
10,DefineBitsLossless2Tag,,,8,11
11,DefineShapeTag,,,,
12,DefineSpriteTag,text_0,1,,
13,DefineBitsLossless2Tag,,,6,11
14,DefineShapeTag,,,,
15,DefineSpriteTag,text_1,1,,
16,DefineBitsLossless2Tag,,,8,11
17,DefineShapeTag,,,,
18,DefineSpriteTag,text_2,1,,
19,DefineBitsLossless2Tag,,,8,11
20,DefineShapeTag,,,,
21,DefineSpriteTag,text_3,1,,
22,DefineBitsLossless2Tag,,,8,11
23,DefineShapeTag,,,,
24,DefineSpriteTag,text_4,1,,
25,DefineBitsLossless2Tag,,,8,11
26,DefineShapeTag,,,,
27,DefineSpriteTag,text_5,1,,
28,DefineBitsLossless2Tag,,,8,11
29,DefineShapeTag,,,,
30,DefineSpriteTag,text_6,1,,
31,DefineBitsLossless2Tag,,,8,11
32,DefineShapeTag,,,,
33,DefineSpriteTag,text_7,1,,
34,DefineBitsLossless2Tag,,,8,11
35,DefineShapeTag,,,,
36,DefineSpriteTag,text_8,1,,
37,DefineBitsLossless2Tag,,,8,11
38,DefineShapeTag,,,,
39,DefineSpriteTag,text_9,1,,
40,DefineBitsLossless2Tag,,,8,11
41,DefineShapeTag,,,,
42,DefineSpriteTag,text_a,1,,
43,DefineBitsLossless2Tag,,,8,11
44,DefineShapeTag,,,,
45,DefineSpriteTag,text_b,1,,
46,DefineBitsLossless2Tag,,,8,11
47,DefineShapeTag,,,,
48,DefineSpriteTag,text_c,1,,
49,DefineBitsLossless2Tag,,,8,11
50,DefineShapeTag,,,,
51,DefineSpriteTag,text_d,1,,
52,DefineBitsLossless2Tag,,,8,11
53,DefineShapeTag,,,,
54,DefineSpriteTag,text_e,1,,
55,DefineBitsLossless2Tag,,,4,11
56,DefineShapeTag,,,,
57,DefineSpriteTag,text_exclamation,1,,
58,DefineBitsLossless2Tag,,,8,11
59,DefineShapeTag,,,,
60,DefineSpriteTag,text_f,1,,
61,DefineBitsLossless2Tag,,,8,11
62,DefineShapeTag,,,,
63,DefineSpriteTag,text_g,1,,
64,DefineBitsLossless2Tag,,,8,11
65,DefineShapeTag,,,,
66,DefineSpriteTag,text_h,1,,
67,DefineBitsLossless2Tag,,,4,11
68,DefineShapeTag,,,,
69,DefineSpriteTag,text_i,1,,
70,DefineBitsLossless2Tag,,,8,11
71,DefineShapeTag,,,,
72,DefineSpriteTag,text_j,1,,
73,DefineBitsLossless2Tag,,,8,11
74,DefineShapeTag,,,,
75,DefineSpriteTag,text_k,1,,
76,DefineBitsLossless2Tag,,,8,11
77,DefineShapeTag,,,,
78,DefineSpriteTag,text_l,1,,
79,DefineBitsLossless2Tag,,,12,11
80,DefineShapeTag,,,,
81,DefineSpriteTag,text_m,1,,
82,DefineBitsLossless2Tag,,,8,11
83,DefineShapeTag,,,,
84,DefineSpriteTag,text_n,1,,
85,DefineSpriteTag,text_o,1,,
86,DefineBitsLossless2Tag,,,8,11
87,DefineShapeTag,,,,
88,DefineSpriteTag,text_p,1,,
89,DefineBitsLossless2Tag,,,9,11
90,DefineShapeTag,,,,
91,DefineSpriteTag,,1,,
92,DefineSpriteTag,text_q,1,,
93,DefineBitsLossless2Tag,,,8,11
94,DefineShapeTag,,,,
95,DefineSpriteTag,text_question,1,,
96,DefineBitsLossless2Tag,,,8,11
97,DefineShapeTag,,,,
98,DefineSpriteTag,text_r,1,,
99,DefineBitsLossless2Tag,,,8,11
100,DefineShapeTag,,,,
101,DefineSpriteTag,text_s,1,,
102,DefineBitsLossless2Tag,,,4,11
103,DefineShapeTag,,,,
104,DefineSpriteTag,text_space,1,,
105,DefineBitsLossless2Tag,,,4,11
106,DefineShapeTag,,,,
107,DefineSpriteTag,text_stop,1,,
108,DefineBitsLossless2Tag,,,8,11
109,DefineShapeTag,,,,
110,DefineSpriteTag,text_t,1,,
111,DefineBitsLossless2Tag,,,8,11
112,DefineShapeTag,,,,
113,DefineSpriteTag,text_u,1,,
114,DefineBitsLossless2Tag,,,8,11
115,DefineShapeTag,,,,
116,DefineSpriteTag,text_v,1,,
117,DefineBitsLossless2Tag,,,12,11
118,DefineShapeTag,,,,
119,DefineSpriteTag,text_w,1,,
120,DefineBitsLossless2Tag,,,8,11
121,DefineShapeTag,,,,
122,DefineSpriteTag,text_x,1,,
123,DefineBitsLossless2Tag,,,8,11
124,DefineShapeTag,,,,
125,DefineSpriteTag,text_y,1,,
126,DefineBitsLossless2Tag,,,8,11
127,DefineShapeTag,,,,
128,DefineSpriteTag,text_z,1,,
129,DefineSpriteTag,Defaults,1,,
130,DefineSpriteTag,UIObjectExtensions,1,,
131,DefineSpriteTag,UIObject,2,,
132,DefineShape4Tag,,,,
133,DefineShape4Tag,,,,
134,DefineButton2Tag,,,,
135,DefineSpriteTag,,1,,
136,DefineSpriteTag,FocusRect,1,,
137,DefineSpriteTag,FocusManager,2,,
138,DefineSpriteTag,UIComponentExtensions,1,,
139,DefineSpriteTag,UIComponent,2,,
140,DefineBitsLossless2Tag,,,4,12
141,DefineShapeTag,,,,
142,DefineSpriteTag,text_comma,1,,
143,DefineBitsLossless2Tag,,,4,11
144,DefineShapeTag,,,,
145,DefineSpriteTag,text_apostrophe,1,,
146,DefineBitsLossless2Tag,,,8,11
147,DefineShapeTag,,,,
148,DefineSpriteTag,text_hyphen,1,,
149,DefineSpriteTag,DangleFont,2,,
150,DefineSpriteTag,__Packages.mx.skins.SkinElement,0,,
151,DefineSpriteTag,__Packages.mx.styles.CSSTextStyles,0,,
152,DefineSpriteTag,__Packages.mx.styles.StyleManager,0,,
153,DefineSpriteTag,__Packages.mx.styles.CSSStyleDeclaration,0,,
154,DefineSpriteTag,__Packages.mx.events.EventDispatcher,1,,
155,DefineSpriteTag,__Packages.mx.events.UIEventDispatcher,1,,
156,DefineSpriteTag,__Packages.mx.skins.ColoredSkinElement,1,,
157,DefineSpriteTag,__Packages.mx.core.ext.UIObjectExtensions,1,,
158,DefineSpriteTag,__Packages.mx.skins.halo.Defaults,1,,
159,DefineSpriteTag,__Packages.mx.managers.DepthManager,1,,
160,DefineSpriteTag,__Packages.mx.controls.SimpleButton,1,,
161,DefineSpriteTag,__Packages.mx.managers.SystemManager,1,,
162,DefineSpriteTag,__Packages.mx.managers.FocusManager,1,,
163,DefineSpriteTag,__Packages.mx.skins.halo.FocusRect,1,,
164,DefineSpriteTag,__Packages.mx.managers.OverlappedWindows,1,,
165,DefineSpriteTag,__Packages.mx.styles.CSSSetStyle,1,,
166,DefineSpriteTag,__Packages.mx.core.ext.UIComponentExtensions,1,,
167,DefineSpriteTag,preloader,1,,
168,DefineBitsLosslessTag,,,550,400
169,DefineShapeTag,,,,
170,DefineBitsLossless2Tag,,,75,42
171,DefineBitsLossless2Tag,,,83,40
172,DefineBitsLossless2Tag,,,100,48
173,DefineBitsLossless2Tag,,,74,39
174,DefineShape2Tag,,,,
175,DefineSpriteTag,,1,,
176,DefineBitsLossless2Tag,,,801,291
177,DefineShape2Tag,,,,
178,DefineSpriteTag,,1,,
179,DefineBitsLossless2Tag,,,108,55
180,DefineShape2Tag,,,,
181,DefineSpriteTag,,1,,
182,DefineBitsLossless2Tag,,,550,154
183,DefineShape2Tag,,,,
184,DefineSpriteTag,,1,,
185,DefineShapeTag,,,,
186,DefineSpriteTag,,1,,
187,DefineSpriteTag,,1,,
188,DefineBitsLossless2Tag,,,64,64
189,DefineShape3Tag,,,,
190,DefineSpriteTag,,1,,
191,DefineSpriteTag,menu_background_anim,1,,
192,DefineSpriteTag,__Packages.PirateFont,1,,
193,DefineBitsLossless2Tag,,,16,18
194,DefineShapeTag,,,,
195,DefineSpriteTag,pir_0,1,,
196,DefineBitsLossless2Tag,,,15,23
197,DefineShapeTag,,,,
198,DefineSpriteTag,pir_1,1,,
199,DefineBitsLossless2Tag,,,26,23
200,DefineShapeTag,,,,
201,DefineSpriteTag,pir_2,1,,
202,DefineBitsLossless2Tag,,,16,18
203,DefineShapeTag,,,,
204,DefineSpriteTag,pir_3,1,,
205,DefineBitsLossless2Tag,,,16,18
206,DefineShapeTag,,,,
207,DefineSpriteTag,pir_4,1,,
208,DefineBitsLossless2Tag,,,16,18
209,DefineShapeTag,,,,
210,DefineSpriteTag,pir_5,1,,
211,DefineBitsLossless2Tag,,,16,18
212,DefineShapeTag,,,,
213,DefineSpriteTag,pir_6,1,,
214,DefineBitsLossless2Tag,,,16,18
215,DefineShapeTag,,,,
216,DefineSpriteTag,pir_7,1,,
217,DefineBitsLossless2Tag,,,16,18
218,DefineShapeTag,,,,
219,DefineSpriteTag,pir_8,1,,
220,DefineBitsLossless2Tag,,,16,18
221,DefineShapeTag,,,,
222,DefineSpriteTag,pir_9,1,,
223,DefineBitsLossless2Tag,,,26,23
224,DefineShapeTag,,,,
225,DefineSpriteTag,pir_a,1,,
226,DefineBitsLossless2Tag,,,23,23
227,DefineShapeTag,,,,
228,DefineSpriteTag,pir_b,1,,
229,DefineBitsLossless2Tag,,,24,23
230,DefineShapeTag,,,,
231,DefineSpriteTag,pir_c,1,,
232,DefineBitsLossless2Tag,,,24,23
233,DefineShapeTag,,,,
234,DefineSpriteTag,pir_d,1,,
235,DefineBitsLossless2Tag,,,26,23
236,DefineShapeTag,,,,
237,DefineSpriteTag,pir_e,1,,
238,DefineBitsLossless2Tag,,,10,18
239,DefineShapeTag,,,,
240,DefineSpriteTag,pir_exclamation,1,,
241,DefineBitsLossless2Tag,,,22,23
242,DefineShapeTag,,,,
243,DefineSpriteTag,pir_f,1,,
244,DefineBitsLossless2Tag,,,24,26
245,DefineShapeTag,,,,
246,DefineSpriteTag,pir_g,1,,
247,DefineBitsLossless2Tag,,,25,23
248,DefineShapeTag,,,,
249,DefineSpriteTag,pir_h,1,,
250,DefineBitsLossless2Tag,,,15,23
251,DefineShapeTag,,,,
252,DefineSpriteTag,pir_i,1,,
253,DefineBitsLossless2Tag,,,22,26
254,DefineShapeTag,,,,
255,DefineSpriteTag,pir_j,1,,
256,DefineBitsLossless2Tag,,,38,31
257,DefineShapeTag,,,,
258,DefineSpriteTag,pir_k,1,,
259,DefineBitsLossless2Tag,,,23,23
260,DefineShapeTag,,,,
261,DefineSpriteTag,pir_l,1,,
262,DefineBitsLossless2Tag,,,28,23
263,DefineShapeTag,,,,
264,DefineSpriteTag,pir_m,1,,
265,DefineBitsLossless2Tag,,,40,33
266,DefineShapeTag,,,,
267,DefineSpriteTag,pir_n,1,,
268,DefineBitsLossless2Tag,,,24,23
269,DefineShapeTag,,,,
270,DefineSpriteTag,pir_o,1,,
271,DefineBitsLossless2Tag,,,23,24
272,DefineShapeTag,,,,
273,DefineSpriteTag,pir_p,1,,
274,DefineBitsLossless2Tag,,,26,27
275,DefineShapeTag,,,,
276,DefineSpriteTag,pir_q,1,,
277,DefineBitsLossless2Tag,,,16,18
278,DefineShapeTag,,,,
279,DefineSpriteTag,pir_question,1,,
280,DefineBitsLossless2Tag,,,39,31
281,DefineShapeTag,,,,
282,DefineSpriteTag,pir_r,1,,
283,DefineBitsLossless2Tag,,,22,23
284,DefineShapeTag,,,,
285,DefineSpriteTag,pir_s,1,,
286,DefineShapeTag,,,,
287,DefineSpriteTag,,1,,
288,DefineSpriteTag,pir_space,1,,
289,DefineBitsLossless2Tag,,,10,18
290,DefineShapeTag,,,,
291,DefineSpriteTag,pir_stop,1,,
292,DefineBitsLossless2Tag,,,23,23
293,DefineShapeTag,,,,
294,DefineSpriteTag,pir_t,1,,
295,DefineBitsLossless2Tag,,,24,23
296,DefineShapeTag,,,,
297,DefineSpriteTag,pir_u,1,,
298,DefineBitsLossless2Tag,,,26,23
299,DefineShapeTag,,,,
300,DefineSpriteTag,pir_v,1,,
301,DefineBitsLossless2Tag,,,35,23
302,DefineShapeTag,,,,
303,DefineSpriteTag,pir_w,1,,
304,DefineBitsLossless2Tag,,,26,23
305,DefineShapeTag,,,,
306,DefineSpriteTag,pir_x,1,,
307,DefineBitsLossless2Tag,,,23,23
308,DefineShapeTag,,,,
309,DefineSpriteTag,pir_y,1,,
310,DefineBitsLossless2Tag,,,23,23
311,DefineShapeTag,,,,
312,DefineSpriteTag,pir_z,1,,
313,DefineBitsLossless2Tag,,,16,18
314,DefineShapeTag,,,,
315,DefineSpriteTag,pir_hyphen,1,,
316,DefineBitsLossless2Tag,,,10,20
317,DefineShapeTag,,,,
318,DefineSpriteTag,pir_comma,1,,
319,DefineSpriteTag,PirateFont,2,,
320,DefineShapeTag,,,,
321,DefineSpriteTag,transition_tween,18,,
322,DefineBitsLossless2Tag,,,5,5
323,DefineShape2Tag,,,,
324,DefineSpriteTag,,1,,
325,DefineBitsLossless2Tag,,,350,260
326,DefineShapeTag,,,,
327,DefineBitsLossless2Tag,,,120,24
328,DefineShapeTag,,,,
329,DefineSpriteTag,,1,,
330,DefineSpriteTag,next_level,19,,
331,DefineShapeTag,,,,
332,DefineSpriteTag,,1,,
333,DefineSpriteTag,back to title,19,,
334,DefineSpriteTag,,1,,
335,DefineSpriteTag,congrats_button,19,,
336,DefineSpriteTag,,1,,
337,DefineSpriteTag,submit_score,19,,
338,DefineSpriteTag,,1,,
339,DefineSpriteTag,restart_level,19,,
340,DefineSpriteTag,,1,,
341,DefineSpriteTag,continue_game,19,,
342,DefineSpriteTag,popup,70,,
343,DefineBitsLossless2Tag,,,14,14
344,DefineShapeTag,,,,
345,DefineBitsLossless2Tag,,,47,17
346,DefineShapeTag,,,,
347,DefineBitsLossless2Tag,,,14,14
348,DefineShapeTag,,,,
349,DefineSpriteTag,sfx toggle button,20,,
350,DefineBitsLossless2Tag,,,20,14
351,DefineShapeTag,,,,
352,DefineBitsLossless2Tag,,,31,17
353,DefineShapeTag,,,,
354,DefineSpriteTag,music toggle button,20,,
355,DefineShapeTag,,,,
356,DefineBitsLossless2Tag,,,23,17
357,DefineShapeTag,,,,
358,DefineSpriteTag,quit level button,10,,
359,DefineShape4Tag,,,,
361,DefineSpriteTag,,2,,
363,DefineSpriteTag,,2,,
365,DefineSpriteTag,,2,,
367,DefineSpriteTag,,2,,
369,DefineSpriteTag,,2,,
371,DefineSpriteTag,,2,,
373,DefineSpriteTag,,2,,
375,DefineSpriteTag,,2,,
377,DefineSpriteTag,,2,,
379,DefineSpriteTag,,2,,
381,DefineSpriteTag,,2,,
383,DefineSpriteTag,,2,,
385,DefineSpriteTag,,2,,
387,DefineSpriteTag,,2,,
389,DefineSpriteTag,,2,,
391,DefineSpriteTag,,2,,
393,DefineSpriteTag,,2,,
395,DefineSpriteTag,,2,,
397,DefineSpriteTag,,2,,
399,DefineSpriteTag,,2,,
401,DefineSpriteTag,,2,,
403,DefineSpriteTag,,2,,
405,DefineSpriteTag,,2,,
407,DefineSpriteTag,,2,,
409,DefineSpriteTag,,2,,
411,DefineSpriteTag,,2,,
413,DefineSpriteTag,,2,,
415,DefineSpriteTag,,2,,
417,DefineSpriteTag,,2,,
419,DefineSpriteTag,,2,,
421,DefineSpriteTag,,2,,
423,DefineSpriteTag,,2,,
425,DefineSpriteTag,,2,,
427,DefineSpriteTag,,2,,
429,DefineSpriteTag,,2,,
431,DefineSpriteTag,,2,,
433,DefineSpriteTag,,2,,
434,DefineSpriteTag,sfx_manager,1,,
435,DefineShape4Tag,,,,
437,DefineSpriteTag,,2,,
439,DefineSpriteTag,,2,,
440,DefineSpriteTag,music controller,1,,
441,DefineBitsLossless2Tag,,,34,32
442,DefineShapeTag,,,,
443,DefineSpriteTag,grass_row_left,1,,
444,DefineBitsLossless2Tag,,,32,32
445,DefineShapeTag,,,,
446,DefineSpriteTag,grass_row_middle,1,,
447,DefineBitsLossless2Tag,,,34,32
448,DefineShapeTag,,,,
449,DefineSpriteTag,grass_row_right,1,,
450,DefineBitsLosslessTag,,,32,32
451,DefineShapeTag,,,,
452,DefineSpriteTag,sand_overlap_right_edge,1,,
453,DefineBitsLosslessTag,,,32,32
454,DefineShapeTag,,,,
455,DefineSpriteTag,sand_overlap_left_edge,1,,
456,DefineBitsLosslessTag,,,32,32
457,DefineShapeTag,,,,
458,DefineSpriteTag,grass_overlap_right_edge,1,,
459,DefineBitsLosslessTag,,,32,32
460,DefineShapeTag,,,,
461,DefineSpriteTag,grass_overlap_left_edge,1,,
462,DefineBitsLossless2Tag,,,244,132
463,DefineShapeTag,,,,
464,DefineSpriteTag,,1,,
465,DefineSpriteTag,speechBubble,1,,
466,DefineBitsLosslessTag,,,32,32
467,DefineShapeTag,,,,
468,DefineSpriteTag,cannon_port_1,1,,
469,DefineBitsLosslessTag,,,32,32
470,DefineShapeTag,,,,
471,DefineSpriteTag,cannon_port_2,1,,
472,DefineBitsLosslessTag,,,32,32
473,DefineShapeTag,,,,
474,DefineSpriteTag,cannon_port_3,1,,
475,DefineBitsLosslessTag,,,32,32
476,DefineShapeTag,,,,
477,DefineSpriteTag,ship_top_middle,1,,
478,DefineBitsLosslessTag,,,32,32
479,DefineShapeTag,,,,
480,DefineSpriteTag,ship_right_side_shaded_2,1,,
481,DefineBitsLossless2Tag,,,32,33
482,DefineShapeTag,,,,
483,DefineSpriteTag,mast_end_right,1,,
484,DefineBitsLossless2Tag,,,32,33
485,DefineShapeTag,,,,
486,DefineSpriteTag,mast_end_left,1,,
487,DefineBitsLossless2Tag,,,32,33
488,DefineShapeTag,,,,
489,DefineSpriteTag,mast_tile,1,,
490,DefineBitsLossless2Tag,,,32,33
491,DefineShapeTag,,,,
492,DefineSpriteTag,mast_middle_1,1,,
493,DefineBitsLossless2Tag,,,32,33
494,DefineShapeTag,,,,
495,DefineSpriteTag,mast_middle_2,1,,
496,DefineBitsLossless2Tag,,,34,31
497,DefineShapeTag,,,,
498,DefineSpriteTag,crows_nest_1,1,,
499,DefineBitsLossless2Tag,,,34,31
500,DefineShapeTag,,,,
501,DefineSpriteTag,crows_nest_2,1,,
502,DefineBitsLossless2Tag,,,16,32
503,DefineShapeTag,,,,
504,DefineSpriteTag,mast_top,1,,
505,DefineBitsLosslessTag,,,16,32
506,DefineShapeTag,,,,
507,DefineSpriteTag,mast_middle,1,,
508,DefineBitsLosslessTag,,,16,32
509,DefineShapeTag,,,,
510,DefineSpriteTag,mast_bottom,1,,
511,DefineBitsLossless2Tag,,,32,32
512,DefineShapeTag,,,,
513,DefineSpriteTag,ship_end_1,1,,
514,DefineBitsLossless2Tag,,,32,32
515,DefineShapeTag,,,,
516,DefineSpriteTag,ship_end_2,1,,
517,DefineBitsLossless2Tag,,,32,32
518,DefineShapeTag,,,,
519,DefineSpriteTag,ship_end_3,1,,
520,DefineBitsLossless2Tag,,,43,32
521,DefineShapeTag,,,,
522,DefineSpriteTag,ship_anchor_1,1,,
523,DefineBitsLosslessTag,,,32,32
524,DefineShapeTag,,,,
525,DefineSpriteTag,ship_anchor_2,1,,
526,DefineBitsLossless2Tag,,,43,32
527,DefineShapeTag,,,,
528,DefineSpriteTag,ship_anchor_3,1,,
529,DefineBitsLosslessTag,,,32,32
530,DefineShapeTag,,,,
531,DefineSpriteTag,Ship_anchor_4,1,,
532,DefineBitsLossless2Tag,,,36,32
533,DefineShapeTag,,,,
534,DefineSpriteTag,ship_right_facing_1,1,,
535,DefineBitsLosslessTag,,,32,32
536,DefineShapeTag,,,,
537,DefineSpriteTag,ship_right_facing_2,1,,
538,DefineBitsLossless2Tag,,,32,32
539,DefineShapeTag,,,,
540,DefineSpriteTag,ship_right_facing_3,1,,
541,DefineBitsLossless2Tag,,,32,32
542,DefineShapeTag,,,,
543,DefineSpriteTag,ship_right_facing_3_1,1,,
544,DefineBitsLosslessTag,,,32,32
545,DefineShapeTag,,,,
546,DefineSpriteTag,ship_right_facing_4,1,,
547,DefineBitsLossless2Tag,,,32,32
548,DefineShapeTag,,,,
549,DefineSpriteTag,ship_right_facing_4_1,1,,
550,DefineBitsLosslessTag,,,32,32
551,DefineShapeTag,,,,
552,DefineSpriteTag,ship_tile_1,1,,
553,DefineBitsLosslessTag,,,32,32
554,DefineShapeTag,,,,
555,DefineSpriteTag,ship_tile_2,1,,
556,DefineBitsLossless2Tag,,,32,32
557,DefineShapeTag,,,,
558,DefineSpriteTag,ship_left_facing_1,1,,
559,DefineBitsLossless2Tag,,,32,32
560,DefineShapeTag,,,,
561,DefineSpriteTag,ship_left_facing_2,1,,
562,DefineBitsLosslessTag,,,32,32
563,DefineShapeTag,,,,
564,DefineSpriteTag,ship_left_facing_3,1,,
565,DefineBitsLossless2Tag,,,32,32
566,DefineShapeTag,,,,
567,DefineSpriteTag,ship_left_side_shaded_4,1,,
568,DefineBitsLossless2Tag,,,32,37
569,DefineShapeTag,,,,
570,DefineSpriteTag,clam,1,,
571,DefineBitsLossless2Tag,,,36,22
572,DefineShapeTag,,,,
573,DefineSpriteTag,big_shell,1,,
574,DefineBitsLossless2Tag,,,36,32
575,DefineShapeTag,,,,
576,DefineSpriteTag,ship_left_facing_5,1,,
577,DefineBitsLossless2Tag,,,202,152
578,DefineShapeTag,,,,
579,DefineBitsLossless2Tag,,,35,38
580,DefineShapeTag,,,,
581,DefineSpriteTag,,1,,
582,DefineSpriteTag,,19,,
583,DefineBitsLossless2Tag,,,35,38
584,DefineShapeTag,,,,
585,DefineSpriteTag,,1,,
586,DefineSpriteTag,,19,,
587,DefineShapeTag,,,,
588,DefineSpriteTag,,1,,
589,DefineSpriteTag,,19,,
590,DefineBitsLosslessTag,,,192,129
591,DefineShapeTag,,,,
592,DefineBitsLosslessTag,,,162,63
593,DefineShapeTag,,,,
594,DefineBitsLosslessTag,,,153,96
595,DefineShapeTag,,,,
596,DefineBitsLosslessTag,,,132,75
597,DefineShapeTag,,,,
598,DefineBitsLosslessTag,,,180,66
599,DefineShapeTag,,,,
600,DefineBitsLosslessTag,,,144,66
601,DefineShapeTag,,,,
602,DefineBitsLosslessTag,,,201,117
603,DefineShapeTag,,,,
604,DefineBitsLosslessTag,,,357,96
605,DefineShapeTag,,,,
606,DefineBitsLosslessTag,,,84,60
607,DefineShapeTag,,,,
608,DefineBitsLosslessTag,,,81,114
609,DefineShapeTag,,,,
610,DefineBitsLosslessTag,,,189,93
611,DefineShapeTag,,,,
612,DefineBitsLosslessTag,,,243,108
613,DefineShapeTag,,,,
614,DefineBitsLosslessTag,,,75,72
615,DefineShapeTag,,,,
616,DefineBitsLosslessTag,,,144,72
617,DefineShapeTag,,,,
618,DefineBitsLosslessTag,,,144,90
619,DefineShapeTag,,,,
620,DefineBitsLosslessTag,,,282,48
621,DefineShapeTag,,,,
622,DefineBitsLosslessTag,,,156,102
623,DefineShapeTag,,,,
624,DefineBitsLosslessTag,,,270,72
625,DefineShapeTag,,,,
626,DefineBitsLosslessTag,,,135,111
627,DefineShapeTag,,,,
628,DefineSpriteTag,,18,,
629,DefineSpriteTag,level_select_2p,1,,
630,DefineSpriteTag,,1,,
631,DefineSpriteTag,back_button,19,,
632,DefineBitsLossless2Tag,,,46,52
633,DefineShapeTag,,,,
634,DefineBitsLossless2Tag,,,24,22
635,DefineShapeTag,,,,
636,DefineBitsLossless2Tag,,,22,35
637,DefineShapeTag,,,,
638,DefineBitsLossless2Tag,,,26,23
639,DefineShapeTag,,,,
640,DefineBitsLossless2Tag,,,34,32
641,DefineShapeTag,,,,
642,DefineBitsLossless2Tag,,,25,22
643,DefineShapeTag,,,,
644,DefineBitsLossless2Tag,,,36,26
645,DefineShapeTag,,,,
646,DefineBitsLossless2Tag,,,39,56
647,DefineShapeTag,,,,
648,DefineBitsLossless2Tag,,,18,22
649,DefineShapeTag,,,,
650,DefineBitsLossless2Tag,,,36,35
651,DefineShapeTag,,,,
652,DefineBitsLossless2Tag,,,28,26
653,DefineShapeTag,,,,
654,DefineBitsLossless2Tag,,,38,20
655,DefineShapeTag,,,,
656,DefineBitsLossless2Tag,,,24,23
657,DefineShapeTag,,,,
658,DefineBitsLossless2Tag,,,30,25
659,DefineShapeTag,,,,
660,DefineBitsLossless2Tag,,,27,35
661,DefineShapeTag,,,,
662,DefineBitsLossless2Tag,,,39,56
663,DefineShapeTag,,,,
664,DefineSpriteTag,,34,,
665,DefineSpriteTag,,1,,
666,DefineBitsLossless2Tag,,,46,52
667,DefineShapeTag,,,,
668,DefineSpriteTag,,1,,
669,DefineSpriteTag,level_select_button,19,,
670,DefineShapeTag,,,,
671,DefineSpriteTag,,1,,
672,DefineSpriteTag,1p_button,19,,
673,DefineSpriteTag,,1,,
674,DefineSpriteTag,2p_button,19,,
675,DefineShapeTag,,,,
676,DefineSpriteTag,play_button,19,,
677,DefineSpriteTag,,1,,
678,DefineSpriteTag,scores_button,19,,
679,DefineSpriteTag,,1,,
680,DefineSpriteTag,help_button,19,,
681,DefineSpriteTag,,1,,
682,DefineSpriteTag,credits_button,19,,
683,DefineBitsLossless2Tag,,,21,26
684,DefineShapeTag,,,,
685,DefineSpriteTag,,1,,
686,DefineBitsLossless2Tag,,,228,255
687,DefineShapeTag,,,,
688,DefineBitsLossless2Tag,,,34,32
689,DefineShapeTag,,,,
690,DefineSpriteTag,,1,,
691,DefineBitsLossless2Tag,,,32,32
692,DefineShapeTag,,,,
693,DefineBitsLossless2Tag,,,32,32
694,DefineShapeTag,,,,
695,DefineBitsLossless2Tag,,,32,32
696,DefineShapeTag,,,,
697,DefineBitsLossless2Tag,,,32,32
698,DefineShapeTag,,,,
699,DefineBitsLossless2Tag,,,32,32
700,DefineShapeTag,,,,
701,DefineBitsLossless2Tag,,,32,32
702,DefineShapeTag,,,,
703,DefineBitsLossless2Tag,,,32,32
704,DefineShapeTag,,,,
705,DefineBitsLossless2Tag,,,32,32
706,DefineShapeTag,,,,
707,DefineSpriteTag,boat_ripple_2,16,,
708,DefineBitsLossless2Tag,,,32,32
709,DefineShapeTag,,,,
710,DefineBitsLossless2Tag,,,32,32
711,DefineShapeTag,,,,
712,DefineBitsLossless2Tag,,,32,32
713,DefineShapeTag,,,,
714,DefineBitsLossless2Tag,,,32,32
715,DefineShapeTag,,,,
716,DefineBitsLossless2Tag,,,32,32
717,DefineShapeTag,,,,
718,DefineBitsLossless2Tag,,,32,32
719,DefineShapeTag,,,,
720,DefineBitsLossless2Tag,,,32,32
721,DefineShapeTag,,,,
722,DefineBitsLossless2Tag,,,32,32
723,DefineShapeTag,,,,
724,DefineSpriteTag,boat_ripple_3,16,,
725,DefineBitsLossless2Tag,,,33,32
726,DefineShapeTag,,,,
727,DefineBitsLossless2Tag,,,33,32
728,DefineShapeTag,,,,
729,DefineBitsLossless2Tag,,,33,32
730,DefineShapeTag,,,,
731,DefineBitsLossless2Tag,,,33,32
732,DefineShapeTag,,,,
733,DefineBitsLossless2Tag,,,33,32
734,DefineShapeTag,,,,
735,DefineBitsLossless2Tag,,,33,32
736,DefineShapeTag,,,,
737,DefineBitsLossless2Tag,,,33,32
738,DefineShapeTag,,,,
739,DefineBitsLossless2Tag,,,33,32
740,DefineShapeTag,,,,
741,DefineSpriteTag,boat_ripple_1,16,,
742,DefineBitsLossless2Tag,,,33,32
743,DefineShapeTag,,,,
744,DefineBitsLossless2Tag,,,33,32
745,DefineShapeTag,,,,
746,DefineBitsLossless2Tag,,,33,32
747,DefineShapeTag,,,,
748,DefineBitsLossless2Tag,,,33,32
749,DefineShapeTag,,,,
750,DefineBitsLossless2Tag,,,33,32
751,DefineShapeTag,,,,
752,DefineBitsLossless2Tag,,,33,32
753,DefineShapeTag,,,,
754,DefineBitsLossless2Tag,,,33,32
755,DefineShapeTag,,,,
756,DefineBitsLossless2Tag,,,33,32
757,DefineShapeTag,,,,
758,DefineSpriteTag,,16,,
759,DefineBitsLossless2Tag,,,25,25
760,DefineShapeTag,,,,
761,DefineBitsLossless2Tag,,,25,25
762,DefineShapeTag,,,,
763,DefineBitsLossless2Tag,,,25,25
764,DefineShapeTag,,,,
765,DefineBitsLossless2Tag,,,25,25
766,DefineShapeTag,,,,
767,DefineSpriteTag,,12,,
768,DefineBitsLossless2Tag,,,28,32
769,DefineShape2Tag,,,,
770,DefineBitsLossless2Tag,,,28,32
771,DefineBitsLossless2Tag,,,28,32
772,DefineShape2Tag,,,,
773,DefineBitsLossless2Tag,,,28,32
774,DefineBitsLossless2Tag,,,28,32
775,DefineShape2Tag,,,,
776,DefineBitsLossless2Tag,,,28,32
777,DefineBitsLossless2Tag,,,28,32
778,DefineShape2Tag,,,,
779,DefineSpriteTag,,12,,
780,DefineSpriteTag,,1,,
781,DefineBitsLossless2Tag,,,244,132
782,DefineShapeTag,,,,
783,DefineSpriteTag,,1,,
784,DefineSpriteTag,,1,,
785,DefineShapeTag,,,,
786,DefineSpriteTag,,1,,
787,DefineSpriteTag,,300,,
788,DefineSpriteTag,,1,,
789,DefineSpriteTag,,120,,
790,DefineShapeTag,,,,
791,DefineSpriteTag,,1,,
792,DefineSpriteTag,,200,,
793,DefineSpriteTag,,1,,
794,DefineSpriteTag,,200,,
795,DefineSpriteTag,,1,,
796,DefineSpriteTag,,200,,
797,DefineShapeTag,,,,
798,DefineSpriteTag,,1,,
799,DefineSpriteTag,back to title (congrats),19,,
800,DefineSpriteTag,,1,,
801,DefineSpriteTag,,774,,
802,DefineSpriteTag,congrats_background_anim,1,,
803,DefineSpriteTag,,1,,
804,DefineSpriteTag,submit_button2,28,,
805,DefineSpriteTag,,1,,
806,DefineSpriteTag,clear_button,19,,
807,DefineShapeTag,,,,
808,DefineSpriteTag,,1,,
809,DefineSpriteTag,letter_button_a,9,,
810,DefineShapeTag,,,,
811,DefineShapeTag,,,,
812,DefineSpriteTag,,1,,
813,DefineSpriteTag,,15,,
814,DefineBitsLossless2Tag,,,99,74
815,DefineShapeTag,,,,
816,DefineShapeTag,,,,
817,DefineButton2Tag,,,,
818,DefineSpriteTag,score_submit_panel,17,,
819,DefineShapeTag,,,,
820,DefineSpriteTag,,1,,
821,DefineSpriteTag,next_arrow_button,19,,
822,DefineSpriteTag,,1,,
823,DefineSpriteTag,arrow_button,19,,
824,DefineSpriteTag,score_line,1,,
825,DefineShape2Tag,,,,
826,DefineSpriteTag,,1,,
827,DefineSpriteTag,,1,,
828,DefineSpriteTag,hiscore_board,45,,
831,DefineBitsLosslessTag,,,114,99
832,DefineShapeTag,,,,
833,DefineShapeTag,,,,
834,DefineButton2Tag,,,,
835,DefineSpriteTag,lock,2,,
836,DefineBitsLossless2Tag,,,20,32
837,DefineShapeTag,,,,
838,DefineBitsLossless2Tag,,,20,32
839,DefineShapeTag,,,,
840,DefineBitsLossless2Tag,,,20,32
841,DefineShapeTag,,,,
842,DefineBitsLossless2Tag,,,20,32
843,DefineShapeTag,,,,
844,DefineSpriteTag,cherryBomb,4,,
845,DefineBitsLossless2Tag,,,35,16
846,DefineShapeTag,,,,
847,DefineSpriteTag,,1,,
848,DefineBitsLossless2Tag,,,46,38
849,DefineShapeTag,,,,
850,DefineSpriteTag,cannon,1,,
851,DefineBitsLossless2Tag,,,20,20
852,DefineShapeTag,,,,
853,DefineSpriteTag,cannonball,1,,
854,DefineBitsLossless2Tag,,,17,17
855,DefineShapeTag,,,,
856,DefineBitsLossless2Tag,,,17,17
857,DefineShapeTag,,,,
858,DefineBitsLossless2Tag,,,17,17
859,DefineShapeTag,,,,
860,DefineBitsLossless2Tag,,,17,17
861,DefineShapeTag,,,,
862,DefineBitsLossless2Tag,,,17,17
863,DefineShapeTag,,,,
864,DefineBitsLossless2Tag,,,17,17
865,DefineShapeTag,,,,
866,DefineSpriteTag,cannonSmokeTrail,19,,
867,DefineBitsLossless2Tag,,,64,64
868,DefineShapeTag,,,,
869,DefineSpriteTag,,1,,
870,DefineBitsLossless2Tag,,,64,64
871,DefineShapeTag,,,,
872,DefineSpriteTag,boulder,1,,
873,DefineBitsLossless2Tag,,,22,27
874,DefineShapeTag,,,,
875,DefineBitsLossless2Tag,,,22,27
876,DefineShapeTag,,,,
877,DefineBitsLossless2Tag,,,22,27
878,DefineShapeTag,,,,
879,DefineBitsLossless2Tag,,,22,27
880,DefineShapeTag,,,,
881,DefineSpriteTag,dynamite,13,,
882,DefineBitsLossless2Tag,,,15,15
883,DefineShapeTag,,,,
884,DefineSpriteTag,piecesOfEight,1,,
885,DefineBitsLossless2Tag,,,19,31
886,DefineShapeTag,,,,
887,DefineBitsLossless2Tag,,,19,31
888,DefineShapeTag,,,,
889,DefineBitsLossless2Tag,,,19,31
890,DefineShapeTag,,,,
891,DefineBitsLossless2Tag,,,19,31
892,DefineShapeTag,,,,
893,DefineBitsLossless2Tag,,,19,31
894,DefineShapeTag,,,,
895,DefineBitsLossless2Tag,,,19,31
896,DefineShapeTag,,,,
897,DefineBitsLossless2Tag,,,19,31
898,DefineShapeTag,,,,
899,DefineBitsLossless2Tag,,,19,31
900,DefineShapeTag,,,,
901,DefineBitsLossless2Tag,,,19,31
902,DefineShapeTag,,,,
903,DefineBitsLossless2Tag,,,19,31
904,DefineShapeTag,,,,
905,DefineSpriteTag,sweepingFlame,11,,
906,DefineBitsLossless2Tag,,,18,48
907,DefineShapeTag,,,,
908,DefineBitsLossless2Tag,,,18,48
909,DefineShapeTag,,,,
910,DefineBitsLossless2Tag,,,18,48
911,DefineShapeTag,,,,
912,DefineBitsLossless2Tag,,,18,48
913,DefineShapeTag,,,,
914,DefineBitsLossless2Tag,,,18,48
915,DefineShapeTag,,,,
916,DefineBitsLossless2Tag,,,18,48
917,DefineShapeTag,,,,
918,DefineSpriteTag,rumBottle,12,,
919,DefineBitsLossless2Tag,,,27,15
920,DefineShapeTag,,,,
921,DefineSpriteTag,banana,1,,
922,DefineBitsLossless2Tag,,,24,38
923,DefineShapeTag,,,,
924,DefineBitsLossless2Tag,,,24,38
925,DefineShapeTag,,,,
926,DefineBitsLossless2Tag,,,24,38
927,DefineShapeTag,,,,
928,DefineBitsLossless2Tag,,,24,38
929,DefineShapeTag,,,,
930,DefineSpriteTag,,4,,
931,DefineBitsLossless2Tag,,,34,39
932,DefineShapeTag,,,,
933,DefineSpriteTag,,1,,
934,DefineSpriteTag,,1,,
935,DefineBitsLossless2Tag,,,34,39
936,DefineShapeTag,,,,
937,DefineBitsLossless2Tag,,,34,39
938,DefineShapeTag,,,,
939,DefineSpriteTag,parachuteBomb,30,,
940,DefineBitsLossless2Tag,,,32,32
941,DefineShapeTag,,,,
942,DefineBitsLossless2Tag,,,54,45
943,DefineShapeTag,,,,
944,DefineBitsLossless2Tag,,,62,64
945,DefineShapeTag,,,,
946,DefineBitsLossless2Tag,,,62,64
947,DefineShapeTag,,,,
948,DefineBitsLossless2Tag,,,62,64
949,DefineShapeTag,,,,
950,DefineBitsLossless2Tag,,,62,64
951,DefineShapeTag,,,,
952,DefineBitsLossless2Tag,,,62,64
953,DefineShapeTag,,,,
954,DefineBitsLossless2Tag,,,62,64
955,DefineShapeTag,,,,
956,DefineBitsLossless2Tag,,,62,64
957,DefineShapeTag,,,,
958,DefineSpriteTag,,8,,
959,DefineBitsLossless2Tag,,,54,45
960,DefineShapeTag,,,,
961,DefineBitsLossless2Tag,,,54,45
962,DefineShapeTag,,,,
963,DefineBitsLossless2Tag,,,54,45
964,DefineShapeTag,,,,
965,DefineSpriteTag,woodenCrate,18,,
966,DefineBitsLossless2Tag,,,33,32
967,DefineShapeTag,,,,
968,DefineSpriteTag,gunpowderBarrel,12,,
969,DefineBitsLossless2Tag,,,13,20
970,DefineShapeTag,,,,
971,DefineSpriteTag,seagullFire,1,,
972,DefineBitsLossless2Tag,,,26,20
973,DefineShapeTag,,,,
974,DefineBitsLossless2Tag,,,26,20
975,DefineShapeTag,,,,
976,DefineBitsLossless2Tag,,,26,20
977,DefineShapeTag,,,,
978,DefineBitsLossless2Tag,,,26,20
979,DefineShapeTag,,,,
980,DefineBitsLossless2Tag,,,25,18
981,DefineShapeTag,,,,
982,DefineSpriteTag,seagull,14,,
983,DefineBitsLossless2Tag,,,98,98
984,DefineShapeTag,,,,
985,DefineSpriteTag,,1,,
986,DefineBitsLossless2Tag,,,27,13
987,DefineShapeTag,,,,
988,DefineBitsLossless2Tag,,,27,13
989,DefineShapeTag,,,,
990,DefineBitsLossless2Tag,,,27,13
991,DefineShapeTag,,,,
992,DefineBitsLossless2Tag,,,27,13
993,DefineShapeTag,,,,
994,DefineBitsLossless2Tag,,,27,13
995,DefineShapeTag,,,,
996,DefineBitsLossless2Tag,,,27,13
997,DefineShapeTag,,,,
998,DefineBitsLossless2Tag,,,27,13
999,DefineShapeTag,,,,
1000,DefineBitsLossless2Tag,,,27,13
1001,DefineShapeTag,,,,
1002,DefineSpriteTag,,18,,
1003,DefineSpriteTag,anchor,12,,
1004,DefineBitsLossless2Tag,,,38,35
1005,DefineShapeTag,,,,
1006,DefineBitsLossless2Tag,,,38,35
1007,DefineShapeTag,,,,
1008,DefineBitsLossless2Tag,,,38,35
1009,DefineShapeTag,,,,
1010,DefineBitsLossless2Tag,,,38,35
1011,DefineShapeTag,,,,
1012,DefineBitsLossless2Tag,,,38,35
1013,DefineShapeTag,,,,
1014,DefineBitsLossless2Tag,,,38,35
1015,DefineShapeTag,,,,
1016,DefineBitsLossless2Tag,,,38,35
1017,DefineShapeTag,,,,
1018,DefineBitsLossless2Tag,,,38,35
1019,DefineShapeTag,,,,
1020,DefineBitsLossless2Tag,,,38,35
1021,DefineShapeTag,,,,
1022,DefineBitsLossless2Tag,,,38,35
1023,DefineShapeTag,,,,
1024,DefineSpriteTag,mine,30,,
1025,DefineBitsLossless2Tag,,,19,26
1026,DefineShapeTag,,,,
1027,DefineSpriteTag,voodooDoll,1,,
1028,DefineBitsLossless2Tag,,,499,345
1029,DefineShapeTag,,,,
1030,DefineBitsLossless2Tag,,,499,345
1031,DefineShapeTag,,,,
1032,DefineBitsLossless2Tag,,,499,345
1033,DefineShapeTag,,,,
1034,DefineBitsLossless2Tag,,,499,345
1035,DefineShapeTag,,,,
1036,DefineBitsLossless2Tag,,,499,345
1037,DefineShapeTag,,,,
1038,DefineBitsLossless2Tag,,,475,352
1039,DefineShapeTag,,,,
1040,DefineBitsLossless2Tag,,,475,352
1041,DefineShapeTag,,,,
1042,DefineBitsLossless2Tag,,,475,352
1043,DefineShapeTag,,,,
1044,DefineBitsLossless2Tag,,,475,352
1045,DefineShapeTag,,,,
1046,DefineBitsLossless2Tag,,,475,352
1047,DefineShapeTag,,,,
1048,DefineBitsLossless2Tag,,,475,352
1049,DefineShapeTag,,,,
1050,DefineBitsLossless2Tag,,,475,352
1051,DefineShapeTag,,,,
1052,DefineBitsLossless2Tag,,,475,352
1053,DefineShapeTag,,,,
1054,DefineBitsLossless2Tag,,,475,352
1055,DefineShapeTag,,,,
1056,DefineBitsLossless2Tag,,,475,352
1057,DefineShapeTag,,,,
1058,DefineSpriteTag,tidalWave,27,,
1059,DefineBitsLossless2Tag,,,13,7
1060,DefineShapeTag,,,,
1061,DefineSpriteTag,bone,1,,
1062,DefineBitsLossless2Tag,,,18,14
1063,DefineShapeTag,,,,
1064,DefineSpriteTag,skull,1,,
1065,DefineSpriteTag,deadCharacter,24,,
1066,DefineShape3Tag,,,,
1067,DefineBitsLossless2Tag,,,25,25
1068,DefineShapeTag,,,,
1069,DefineBitsLossless2Tag,,,25,25
1070,DefineShapeTag,,,,
1071,DefineBitsLossless2Tag,,,25,25
1072,DefineShapeTag,,,,
1073,DefineBitsLossless2Tag,,,25,25
1074,DefineShapeTag,,,,
1075,DefineBitsLossless2Tag,,,26,23
1076,DefineShapeTag,,,,
1077,DefineSpriteTag,bluePirate,35,,
1078,DefineBitsLossless2Tag,,,22,25
1079,DefineShapeTag,,,,
1080,DefineBitsLossless2Tag,,,22,25
1081,DefineShapeTag,,,,
1082,DefineBitsLossless2Tag,,,22,25
1083,DefineShapeTag,,,,
1084,DefineBitsLossless2Tag,,,20,23
1085,DefineShapeTag,,,,
1086,DefineSpriteTag,tribe,35,,
1087,DefineBitsLossless2Tag,,,25,24
1088,DefineShapeTag,,,,
1089,DefineBitsLossless2Tag,,,25,24
1090,DefineShapeTag,,,,
1091,DefineBitsLossless2Tag,,,25,24
1092,DefineShapeTag,,,,
1093,DefineBitsLossless2Tag,,,25,24
1094,DefineShapeTag,,,,
1095,DefineBitsLossless2Tag,,,26,22
1096,DefineShapeTag,,,,
1097,DefineSpriteTag,cabinBoy,35,,
1098,DefineBitsLossless2Tag,,,36,26
1099,DefineShapeTag,,,,
1100,DefineBitsLossless2Tag,,,36,26
1101,DefineShapeTag,,,,
1102,DefineBitsLossless2Tag,,,36,26
1103,DefineShapeTag,,,,
1104,DefineBitsLossless2Tag,,,34,23
1105,DefineShapeTag,,,,
1106,DefineSpriteTag,oldPirate,35,,
1107,DefineBitsLossless2Tag,,,26,25
1108,DefineShapeTag,,,,
1109,DefineBitsLossless2Tag,,,26,25
1110,DefineShapeTag,,,,
1111,DefineBitsLossless2Tag,,,26,25
1112,DefineShapeTag,,,,
1113,DefineBitsLossless2Tag,,,26,25
1114,DefineShapeTag,,,,
1115,DefineBitsLossless2Tag,,,25,23
1116,DefineShapeTag,,,,
1117,DefineSpriteTag,rainbowBeard,35,,
1118,DefineBitsLossless2Tag,,,28,26
1119,DefineShapeTag,,,,
1120,DefineBitsLossless2Tag,,,28,26
1121,DefineShapeTag,,,,
1122,DefineBitsLossless2Tag,,,28,26
1123,DefineShapeTag,,,,
1124,DefineBitsLossless2Tag,,,28,24
1125,DefineShapeTag,,,,
1126,DefineSpriteTag,femalePirate,35,,
1127,DefineBitsLossless2Tag,,,28,25
1128,DefineShapeTag,,,,
1129,DefineBitsLossless2Tag,,,28,25
1130,DefineShapeTag,,,,
1131,DefineBitsLossless2Tag,,,28,25
1132,DefineShapeTag,,,,
1133,DefineBitsLossless2Tag,,,28,25
1134,DefineShapeTag,,,,
1135,DefineBitsLossless2Tag,,,29,23
1136,DefineShapeTag,,,,
1137,DefineSpriteTag,blindPirate,35,,
1138,DefineBitsLossless2Tag,,,22,42
1139,DefineShapeTag,,,,
1140,DefineBitsLossless2Tag,,,22,42
1141,DefineShapeTag,,,,
1142,DefineBitsLossless2Tag,,,22,42
1143,DefineShapeTag,,,,
1144,DefineBitsLossless2Tag,,,22,42
1145,DefineShapeTag,,,,
1146,DefineBitsLossless2Tag,,,20,40
1147,DefineShapeTag,,,,
1148,DefineSpriteTag,soldier,35,,
1149,DefineBitsLossless2Tag,,,39,56
1150,DefineShapeTag,,,,
1151,DefineBitsLossless2Tag,,,39,56
1152,DefineShapeTag,,,,
1153,DefineBitsLossless2Tag,,,39,56
1154,DefineShapeTag,,,,
1155,DefineBitsLossless2Tag,,,40,58
1156,DefineShapeTag,,,,
1157,DefineSpriteTag,bossGuy,35,,
1158,DefineBitsLossless2Tag,,,39,56
1159,DefineShapeTag,,,,
1160,DefineBitsLossless2Tag,,,39,56
1161,DefineShapeTag,,,,
1162,DefineBitsLossless2Tag,,,39,56
1163,DefineShapeTag,,,,
1164,DefineBitsLossless2Tag,,,40,58
1165,DefineShapeTag,,,,
1166,DefineSpriteTag,bossGuyZombie,35,,
1167,DefineBitsLossless2Tag,,,34,32
1168,DefineShapeTag,,,,
1169,DefineBitsLossless2Tag,,,34,32
1170,DefineShapeTag,,,,
1171,DefineBitsLossless2Tag,,,34,32
1172,DefineShapeTag,,,,
1173,DefineBitsLossless2Tag,,,32,30
1174,DefineShapeTag,,,,
1175,DefineSpriteTag,soldierCaptain,35,,
1176,DefineBitsLossless2Tag,,,28,30
1177,DefineShapeTag,,,,
1178,DefineBitsLossless2Tag,,,28,30
1179,DefineShapeTag,,,,
1180,DefineBitsLossless2Tag,,,28,30
1181,DefineShapeTag,,,,
1182,DefineBitsLossless2Tag,,,28,30
1183,DefineShapeTag,,,,
1184,DefineBitsLossless2Tag,,,28,29
1185,DefineShapeTag,,,,
1186,DefineSpriteTag,blindPirateCaptain,35,,
1187,DefineBitsLossless2Tag,,,30,28
1188,DefineShapeTag,,,,
1189,DefineBitsLossless2Tag,,,30,28
1190,DefineShapeTag,,,,
1191,DefineBitsLossless2Tag,,,30,28
1192,DefineShapeTag,,,,
1193,DefineBitsLossless2Tag,,,30,28
1194,DefineShapeTag,,,,
1195,DefineBitsLossless2Tag,,,31,27
1196,DefineShapeTag,,,,
1197,DefineSpriteTag,femalePirateCaptain,35,,
1198,DefineBitsLossless2Tag,,,36,35
1199,DefineShapeTag,,,,
1200,DefineBitsLossless2Tag,,,36,35
1201,DefineShapeTag,,,,
1202,DefineBitsLossless2Tag,,,36,35
1203,DefineShapeTag,,,,
1204,DefineBitsLossless2Tag,,,34,33
1205,DefineShapeTag,,,,
1206,DefineSpriteTag,rainbowBeardCaptain,35,,
1207,DefineBitsLossless2Tag,,,36,30
1208,DefineShapeTag,,,,
1209,DefineBitsLossless2Tag,,,36,30
1210,DefineShapeTag,,,,
1211,DefineBitsLossless2Tag,,,36,30
1212,DefineShapeTag,,,,
1213,DefineBitsLossless2Tag,,,36,30
1214,DefineShapeTag,,,,
1215,DefineBitsLossless2Tag,,,34,29
1216,DefineShapeTag,,,,
1217,DefineSpriteTag,oldPirateCaptain,35,,
1218,DefineBitsLossless2Tag,,,22,29
1219,DefineShapeTag,,,,
1220,DefineBitsLossless2Tag,,,22,29
1221,DefineShapeTag,,,,
1222,DefineBitsLossless2Tag,,,22,29
1223,DefineShapeTag,,,,
1224,DefineBitsLossless2Tag,,,22,29
1225,DefineShapeTag,,,,
1226,DefineBitsLossless2Tag,,,20,26
1227,DefineShapeTag,,,,
1228,DefineSpriteTag,cabinBoyCaptain,35,,
1229,DefineBitsLossless2Tag,,,27,35
1230,DefineShapeTag,,,,
1231,DefineBitsLossless2Tag,,,27,35
1232,DefineShapeTag,,,,
1233,DefineBitsLossless2Tag,,,27,35
1234,DefineShapeTag,,,,
1235,DefineBitsLossless2Tag,,,28,32
1236,DefineShapeTag,,,,
1237,DefineSpriteTag,tribeChief,35,,
1238,DefineBitsLossless2Tag,,,26,25
1239,DefineShapeTag,,,,
1240,DefineBitsLossless2Tag,,,26,25
1241,DefineShapeTag,,,,
1242,DefineBitsLossless2Tag,,,26,25
1243,DefineShapeTag,,,,
1244,DefineBitsLossless2Tag,,,26,25
1245,DefineShapeTag,,,,
1246,DefineBitsLossless2Tag,,,26,23
1247,DefineShapeTag,,,,
1248,DefineSpriteTag,skeletonPirate,35,,
1249,DefineBitsLossless2Tag,,,29,31
1250,DefineShapeTag,,,,
1251,DefineBitsLossless2Tag,,,29,31
1252,DefineShapeTag,,,,
1253,DefineBitsLossless2Tag,,,29,31
1254,DefineShapeTag,,,,
1255,DefineBitsLossless2Tag,,,29,31
1256,DefineShapeTag,,,,
1257,DefineBitsLossless2Tag,,,30,29
1258,DefineShapeTag,,,,
1259,DefineSpriteTag,skeletonPirateCaptain,35,,
1260,DefineBitsLossless2Tag,,,29,24
1261,DefineShapeTag,,,,
1262,DefineBitsLossless2Tag,,,29,24
1263,DefineShapeTag,,,,
1264,DefineBitsLossless2Tag,,,29,24
1265,DefineShapeTag,,,,
1266,DefineBitsLossless2Tag,,,29,24
1267,DefineShapeTag,,,,
1268,DefineBitsLossless2Tag,,,26,22
1269,DefineShapeTag,,,,
1270,DefineSpriteTag,monkey,35,,
1271,DefineBitsLossless2Tag,,,40,23
1272,DefineShapeTag,,,,
1273,DefineBitsLossless2Tag,,,40,23
1274,DefineShapeTag,,,,
1275,DefineBitsLossless2Tag,,,40,23
1276,DefineShapeTag,,,,
1277,DefineBitsLossless2Tag,,,40,23
1278,DefineShapeTag,,,,
1279,DefineBitsLossless2Tag,,,38,22
1280,DefineShapeTag,,,,
1281,DefineSpriteTag,crab,35,,
1282,DefineBitsLossless2Tag,,,30,25
1283,DefineShapeTag,,,,
1284,DefineBitsLossless2Tag,,,30,25
1285,DefineShapeTag,,,,
1286,DefineBitsLossless2Tag,,,30,25
1287,DefineShapeTag,,,,
1288,DefineBitsLossless2Tag,,,32,24
1289,DefineShapeTag,,,,
1290,DefineSpriteTag,shark,35,,
1291,DefineBitsLossless2Tag,,,22,35
1292,DefineShapeTag,,,,
1293,DefineBitsLossless2Tag,,,22,35
1294,DefineShapeTag,,,,
1295,DefineBitsLossless2Tag,,,22,35
1296,DefineShapeTag,,,,
1297,DefineBitsLossless2Tag,,,20,32
1298,DefineShapeTag,,,,
1299,DefineSpriteTag,squid,35,,
1300,DefineBitsLossless2Tag,,,24,24
1301,DefineShapeTag,,,,
1302,DefineBitsLossless2Tag,,,24,24
1303,DefineShapeTag,,,,
1304,DefineBitsLossless2Tag,,,24,24
1305,DefineShapeTag,,,,
1306,DefineBitsLossless2Tag,,,24,24
1307,DefineShapeTag,,,,
1308,DefineBitsLossless2Tag,,,22,22
1309,DefineShapeTag,,,,
1310,DefineSpriteTag,parrot,35,,
1311,DefineBitsLossless2Tag,,,28,32
1312,DefineShapeTag,,,,
1313,DefineBitsLossless2Tag,,,28,32
1314,DefineShapeTag,,,,
1315,DefineBitsLossless2Tag,,,28,32
1316,DefineShapeTag,,,,
1317,DefineBitsLossless2Tag,,,28,32
1318,DefineShapeTag,,,,
1319,DefineBitsLossless2Tag,,,28,29
1320,DefineShapeTag,,,,
1321,DefineSpriteTag,bluePirateCaptain,35,,
1322,DefineBitsLossless2Tag,,,26,23
1323,DefineShapeTag,,,,
1324,DefineSpriteTag,redPirate,35,,
1325,DefineShapeTag,,,,
1326,DefineShapeTag,,,,
1327,DefineShapeTag,,,,
1328,DefineShapeTag,,,,
1329,DefineBitsLossless2Tag,,,28,29
1330,DefineShapeTag,,,,
1331,DefineSpriteTag,redPirateCaptain,35,,
1332,DefineBitsLosslessTag,,,32,32
1333,DefineShapeTag,,,,
1334,DefineSpriteTag,middle_left,1,,
1335,DefineBitsLosslessTag,,,32,32
1336,DefineShapeTag,,,,
1337,DefineSpriteTag,middle_right,1,,
1338,DefineBitsLossless2Tag,,,34,32
1339,DefineShapeTag,,,,
1340,DefineSpriteTag,top_right,1,,
1341,DefineBitsLosslessTag,,,32,32
1342,DefineShapeTag,,,,
1343,DefineSpriteTag,top_middle,1,,
1344,DefineBitsLossless2Tag,,,34,32
1345,DefineShapeTag,,,,
1346,DefineSpriteTag,top_left,1,,
1347,DefineBitsLossless2Tag,,,32,32
1348,DefineShapeTag,,,,
1349,DefineSpriteTag,bottom_right,1,,
1350,DefineBitsLossless2Tag,,,32,32
1351,DefineShapeTag,,,,
1352,DefineSpriteTag,bottom_middle,1,,
1353,DefineBitsLossless2Tag,,,32,32
1354,DefineShapeTag,,,,
1355,DefineSpriteTag,bottom_left,1,,
1356,DefineBitsLosslessTag,,,32,32
1357,DefineShapeTag,,,,
1358,DefineSpriteTag,tile1,1,,
1359,DefineBitsLossless2Tag,,,32,32
1360,DefineShapeTag,,,,
1361,DefineSpriteTag,earth_bottom_middle_3,1,,
1362,DefineBitsLossless2Tag,,,32,32
1363,DefineShapeTag,,,,
1364,DefineSpriteTag,earth_bottom_middle_2,1,,
1365,DefineBitsLossless2Tag,,,32,32
1366,DefineShapeTag,,,,
1367,DefineSpriteTag,earth_bottom_single,1,,
1368,DefineBitsLossless2Tag,,,27,26
1369,DefineShapeTag,,,,
1370,DefineSpriteTag,cave_outside_corner_bottom_left,1,,
1371,DefineBitsLosslessTag,,,32,32
1372,DefineShapeTag,,,,
1373,DefineSpriteTag,cave_middle_3,1,,
1374,DefineBitsLosslessTag,,,32,32
1375,DefineShapeTag,,,,
1376,DefineSpriteTag,cave_middle_2,1,,
1377,DefineBitsLosslessTag,,,32,32
1378,DefineShapeTag,,,,
1379,DefineSpriteTag,cave_middle_1,1,,
1380,DefineBitsLossless2Tag,,,28,26
1381,DefineShapeTag,,,,
1382,DefineSpriteTag,cave_outside_corner_bottom_right,1,,
1383,DefineBitsLossless2Tag,,,27,26
1384,DefineShapeTag,,,,
1385,DefineSpriteTag,cave_outside_corner_top_right,1,,
1386,DefineBitsLossless2Tag,,,32,32
1387,DefineShapeTag,,,,
1388,DefineSpriteTag,shell_sand_top_single,1,,
1389,DefineBitsLossless2Tag,,,32,32
1390,DefineShapeTag,,,,
1391,DefineSpriteTag,sand_top_single,1,,
1392,DefineBitsLossless2Tag,,,36,32
1393,DefineShapeTag,,,,
1394,DefineSpriteTag,grass_top_single,1,,
1395,DefineBitsLosslessTag,,,32,32
1396,DefineShapeTag,,,,
1397,DefineSpriteTag,sand_overlap_both,1,,
1398,DefineBitsLosslessTag,,,32,32
1399,DefineShapeTag,,,,
1400,DefineSpriteTag,grass_overlap_both,1,,
1401,DefineBitsLosslessTag,,,32,32
1402,DefineShapeTag,,,,
1403,DefineSpriteTag,grass_overlap_left,1,,
1404,DefineBitsLosslessTag,,,32,32
1405,DefineShapeTag,,,,
1406,DefineSpriteTag,grass_overlap_right,1,,
1407,DefineBitsLosslessTag,,,32,32
1408,DefineShapeTag,,,,
1409,DefineSpriteTag,sand_overlap_left,1,,
1410,DefineBitsLosslessTag,,,32,32
1411,DefineShapeTag,,,,
1412,DefineSpriteTag,sand_overlap_right,1,,
1413,DefineBitsLosslessTag,,,32,32
1414,DefineShapeTag,,,,
1415,DefineSpriteTag,earth_single_collum,1,,
1416,DefineBitsLossless2Tag,,,32,32
1417,DefineShapeTag,,,,
1418,DefineSpriteTag,shell_sand_top_left,1,,
1419,DefineBitsLosslessTag,,,32,32
1420,DefineShapeTag,,,,
1421,DefineSpriteTag,shell_sand_middle_2,1,,
1422,DefineBitsLosslessTag,,,32,32
1423,DefineShapeTag,,,,
1424,DefineSpriteTag,shell_sand_middle_1,1,,
1425,DefineBitsLossless2Tag,,,32,32
1426,DefineShapeTag,,,,
1427,DefineSpriteTag,shell_sand_top_right,1,,
1428,DefineBitsLosslessTag,,,32,32
1429,DefineShapeTag,,,,
1430,DefineSpriteTag,blank_sand_middle_2,1,,
1431,DefineBitsLosslessTag,,,32,32
1432,DefineShapeTag,,,,
1433,DefineSpriteTag,blank_sand_middle_1,1,,
1434,DefineBitsLossless2Tag,,,32,32
1435,DefineShapeTag,,,,
1436,DefineSpriteTag,blank_sand_top_left,1,,
1437,DefineBitsLossless2Tag,,,32,32
1438,DefineShapeTag,,,,
1439,DefineSpriteTag,blank_sand_top_right,1,,
1440,DefineBitsLossless2Tag,,,29,16
1441,DefineShapeTag,,,,
1442,DefineSpriteTag,rock_3,1,,
1443,DefineShape2Tag,,,,
1444,DefineSpriteTag,cave_rock_3,1,,
1445,DefineBitsLossless2Tag,,,28,13
1446,DefineShapeTag,,,,
1447,DefineSpriteTag,rock_2,1,,
1448,DefineShape2Tag,,,,
1449,DefineSpriteTag,cave_rock_2,1,,
1450,DefineBitsLossless2Tag,,,25,20
1451,DefineShapeTag,,,,
1452,DefineSpriteTag,rock_1,1,,
1453,DefineShape2Tag,,,,
1454,DefineSpriteTag,cave_rock_1,1,,
1455,DefineBitsLossless2Tag,,,18,14
1456,DefineShapeTag,,,,
1457,DefineSpriteTag,grass,1,,
1458,DefineShape2Tag,,,,
1459,DefineSpriteTag,cave_grass,1,,
1460,DefineShape2Tag,,,,
1461,DefineBitsLossless2Tag,,,36,39
1462,DefineShapeTag,,,,
1463,DefineBitsLossless2Tag,,,36,39
1464,DefineShapeTag,,,,
1465,DefineBitsLossless2Tag,,,36,39
1466,DefineShapeTag,,,,
1467,DefineBitsLossless2Tag,,,36,39
1468,DefineShapeTag,,,,
1469,DefineBitsLossless2Tag,,,36,39
1470,DefineShapeTag,,,,
1471,DefineBitsLossless2Tag,,,36,39
1472,DefineShapeTag,,,,
1473,DefineBitsLossless2Tag,,,36,39
1474,DefineShapeTag,,,,
1475,DefineBitsLossless2Tag,,,36,39
1476,DefineShapeTag,,,,
1477,DefineBitsLossless2Tag,,,36,39
1478,DefineShapeTag,,,,
1479,DefineBitsLossless2Tag,,,36,39
1480,DefineShapeTag,,,,
1481,DefineBitsLossless2Tag,,,36,39
1482,DefineShapeTag,,,,
1483,DefineBitsLossless2Tag,,,36,39
1484,DefineShapeTag,,,,
1485,DefineSpriteTag,,24,,
1486,DefineSpriteTag,cave_torch,1,,
1487,DefineBitsLossless2Tag,,,34,58
1488,DefineShapeTag,,,,
1489,DefineSpriteTag,big_tree,1,,
1490,DefineBitsLossless2Tag,,,31,40
1491,DefineShapeTag,,,,
1492,DefineSpriteTag,small_tree,1,,
1493,DefineBitsLossless2Tag,,,32,32
1494,DefineShapeTag,,,,
1495,DefineSpriteTag,cave_inside_corner_bottom_right,1,,
1496,DefineBitsLossless2Tag,,,32,26
1497,DefineShapeTag,,,,
1498,DefineSpriteTag,cave_outside_corner_top_left,1,,
1499,DefineBitsLossless2Tag,,,32,32
1500,DefineShapeTag,,,,
1501,DefineSpriteTag,cave_inside_corner_bottom_left,1,,
1502,DefineBitsLossless2Tag,,,32,32
1503,DefineShapeTag,,,,
1504,DefineSpriteTag,cave_inside_corner_top_left,1,,
1505,DefineBitsLossless2Tag,,,32,32
1506,DefineShapeTag,,,,
1507,DefineSpriteTag,cave_inside_corner_top_right,1,,
1508,DefineBitsLossless2Tag,,,32,27
1509,DefineShapeTag,,,,
1510,DefineSpriteTag,cave_edge_bottom,1,,
1511,DefineBitsLossless2Tag,,,32,26
1512,DefineShapeTag,,,,
1513,DefineSpriteTag,cave_edge_top,1,,
1514,DefineBitsLossless2Tag,,,32,32
1515,DefineShapeTag,,,,
1516,DefineSpriteTag,cave_edge_left,1,,
1517,DefineBitsLossless2Tag,,,30,32
1518,DefineShapeTag,,,,
1519,DefineSpriteTag,cave_edge_right,1,,
1520,DefineBitsLosslessTag,,,32,32
1521,DefineShapeTag,,,,
1522,DefineSpriteTag,grass_top_middle_2,1,,
1523,DefineBitsLosslessTag,,,32,32
1524,DefineShapeTag,,,,
1525,DefineSpriteTag,grass_top_middle_1,1,,
1526,DefineBitsLossless2Tag,,,34,32
1527,DefineShapeTag,,,,
1528,DefineSpriteTag,grass_top_left,1,,
1529,DefineBitsLossless2Tag,,,34,32
1530,DefineShapeTag,,,,
1531,DefineSpriteTag,grass_top_right,1,,
1532,DefineBitsLosslessTag,,,32,32
1533,DefineShapeTag,,,,
1534,DefineSpriteTag,earth_edge_middle_2,1,,
1535,DefineBitsLosslessTag,,,32,32
1536,DefineShapeTag,,,,
1537,DefineSpriteTag,earth_edge_middle_1,1,,
1538,DefineBitsLosslessTag,,,32,32
1539,DefineShapeTag,,,,
1540,DefineSpriteTag,earth_edge_left,1,,
1541,DefineBitsLosslessTag,,,32,32
1542,DefineShapeTag,,,,
1543,DefineSpriteTag,earth_edge_right,1,,
1544,DefineBitsLossless2Tag,,,32,32
1545,DefineShapeTag,,,,
1546,DefineSpriteTag,eartyh_bottom_middle,1,,
1547,DefineBitsLossless2Tag,,,32,32
1548,DefineShapeTag,,,,
1549,DefineSpriteTag,earth_bottom_right,1,,
1550,DefineBitsLossless2Tag,,,32,32
1551,DefineShapeTag,,,,
1552,DefineSpriteTag,earth_bottom_left,1,,
1553,DefineBitsLossless2Tag,,,36,32
1554,DefineShapeTag,,,,
1555,DefineSpriteTag,single_grass_2,1,,
1556,DefineBitsLossless2Tag,,,36,32
1557,DefineShapeTag,,,,
1558,DefineSpriteTag,single_grass_1,1,,
1559,DefineBitsLossless2Tag,,,34,32
1560,DefineShapeTag,,,,
1561,DefineBitsLossless2Tag,,,34,32
1562,DefineShapeTag,,,,
1563,DefineBitsLossless2Tag,,,34,32
1564,DefineShapeTag,,,,
1565,DefineBitsLossless2Tag,,,34,32
1566,DefineShapeTag,,,,
1567,DefineBitsLossless2Tag,,,34,32
1568,DefineShapeTag,,,,
1569,DefineBitsLossless2Tag,,,34,32
1570,DefineShapeTag,,,,
1571,DefineBitsLossless2Tag,,,34,32
1572,DefineShapeTag,,,,
1573,DefineBitsLossless2Tag,,,34,32
1574,DefineShapeTag,,,,
1575,DefineSpriteTag,tile_ripple_right,16,,
1576,DefineBitsLossless2Tag,,,34,32
1577,DefineShapeTag,,,,
1578,DefineBitsLossless2Tag,,,34,32
1579,DefineShapeTag,,,,
1580,DefineBitsLossless2Tag,,,34,32
1581,DefineShapeTag,,,,
1582,DefineBitsLossless2Tag,,,34,32
1583,DefineShapeTag,,,,
1584,DefineBitsLossless2Tag,,,34,32
1585,DefineShapeTag,,,,
1586,DefineBitsLossless2Tag,,,34,32
1587,DefineShapeTag,,,,
1588,DefineBitsLossless2Tag,,,34,32
1589,DefineShapeTag,,,,
1590,DefineBitsLossless2Tag,,,34,32
1591,DefineShapeTag,,,,
1592,DefineSpriteTag,tile_ripple_left,16,,
1593,DefineBitsLossless2Tag,,,32,32
1594,DefineShapeTag,,,,
1595,DefineBitsLossless2Tag,,,32,32
1596,DefineShapeTag,,,,
1597,DefineBitsLossless2Tag,,,32,32
1598,DefineShapeTag,,,,
1599,DefineBitsLossless2Tag,,,32,32
1600,DefineShapeTag,,,,
1601,DefineBitsLossless2Tag,,,32,32
1602,DefineShapeTag,,,,
1603,DefineBitsLossless2Tag,,,32,32
1604,DefineShapeTag,,,,
1605,DefineBitsLossless2Tag,,,32,32
1606,DefineShapeTag,,,,
1607,DefineBitsLossless2Tag,,,32,32
1608,DefineShapeTag,,,,
1609,DefineSpriteTag,tile_ripple_middle,16,,
1610,DefineShape3Tag,,,,
1611,DefineBitsLossless2Tag,,,64,64
1612,DefineShape2Tag,,,,
1613,DefineBitsLossless2Tag,,,64,64
1614,DefineShape2Tag,,,,
1615,DefineBitsLossless2Tag,,,64,64
1616,DefineShape2Tag,,,,
1617,DefineBitsLossless2Tag,,,64,64
1618,DefineShape2Tag,,,,
1619,DefineBitsLossless2Tag,,,64,64
1620,DefineShape2Tag,,,,
1621,DefineShape2Tag,,,,
1622,DefineSpriteTag,,18,,
1623,DefineShape3Tag,,,,
1624,DefineBitsLossless2Tag,,,64,64
1625,DefineShape2Tag,,,,
1626,DefineBitsLossless2Tag,,,64,64
1627,DefineShape2Tag,,,,
1628,DefineBitsLossless2Tag,,,64,64
1629,DefineShape2Tag,,,,
1630,DefineBitsLossless2Tag,,,64,64
1631,DefineShape2Tag,,,,
1632,DefineBitsLossless2Tag,,,64,64
1633,DefineShape2Tag,,,,
1634,DefineBitsLossless2Tag,,,64,64
1635,DefineShape2Tag,,,,
1636,DefineSpriteTag,,18,,
1637,DefineShape3Tag,,,,
1638,DefineBitsLossless2Tag,,,64,64
1639,DefineShape2Tag,,,,
1640,DefineBitsLossless2Tag,,,64,64
1641,DefineShape2Tag,,,,
1642,DefineBitsLossless2Tag,,,64,64
1643,DefineShape2Tag,,,,
1644,DefineBitsLossless2Tag,,,64,64
1645,DefineShape2Tag,,,,
1646,DefineBitsLossless2Tag,,,64,64
1647,DefineShape2Tag,,,,
1648,DefineBitsLossless2Tag,,,64,64
1649,DefineShape2Tag,,,,
1650,DefineSpriteTag,,18,,
1651,DefineSpriteTag,water,30,,
1652,DefineBitsLossless2Tag,,,34,39
1653,DefineShapeTag,,,,
1654,DefineBitsLossless2Tag,,,34,39
1655,DefineShapeTag,,,,
1656,DefineSpriteTag,,4,,
1657,DefineBitsLossless2Tag,,,34,39
1658,DefineShapeTag,,,,
1659,DefineSpriteTag,,1,,
1660,DefineBitsLossless2Tag,,,53,20
1661,DefineShapeTag,,,,
1662,DefineBitsLossless2Tag,,,53,20
1663,DefineShapeTag,,,,
1664,DefineBitsLossless2Tag,,,53,20
1665,DefineShapeTag,,,,
1666,DefineBitsLossless2Tag,,,53,20
1667,DefineShapeTag,,,,
1668,DefineBitsLossless2Tag,,,53,20
1669,DefineShapeTag,,,,
1670,DefineBitsLossless2Tag,,,53,20
1671,DefineShapeTag,,,,
1672,DefineBitsLossless2Tag,,,53,20
1673,DefineShapeTag,,,,
1674,DefineBitsLossless2Tag,,,53,20
1675,DefineShapeTag,,,,
1676,DefineSpriteTag,,18,,
1677,DefineBitsLossless2Tag,,,34,40
1678,DefineShapeTag,,,,
1679,DefineBitsLossless2Tag,,,34,40
1680,DefineShapeTag,,,,
1681,DefineBitsLossless2Tag,,,34,40
1682,DefineShapeTag,,,,
1683,DefineShapeTag,,,,
1684,DefineBitsLossless2Tag,,,26,26
1685,DefineShapeTag,,,,
1686,DefineBitsLossless2Tag,,,18,17
1687,DefineShapeTag,,,,
1688,DefineBitsLossless2Tag,,,18,17
1689,DefineShapeTag,,,,
1690,DefineBitsLossless2Tag,,,18,17
1691,DefineShapeTag,,,,
1692,DefineBitsLossless2Tag,,,18,17
1693,DefineShapeTag,,,,
1694,DefineBitsLossless2Tag,,,18,17
1695,DefineShapeTag,,,,
1696,DefineBitsLossless2Tag,,,18,17
1697,DefineShapeTag,,,,
1698,DefineBitsLossless2Tag,,,18,17
1699,DefineShapeTag,,,,
1700,DefineBitsLossless2Tag,,,18,17
1701,DefineShapeTag,,,,
1702,DefineBitsLossless2Tag,,,18,17
1703,DefineShapeTag,,,,
1704,DefineBitsLossless2Tag,,,18,17
1705,DefineShapeTag,,,,
1706,DefineBitsLossless2Tag,,,18,17
1707,DefineShapeTag,,,,
1708,DefineBitsLossless2Tag,,,18,17
1709,DefineShapeTag,,,,
1710,DefineBitsLossless2Tag,,,18,17
1711,DefineShapeTag,,,,
1712,DefineBitsLossless2Tag,,,18,17
1713,DefineShapeTag,,,,
1714,DefineBitsLossless2Tag,,,18,17
1715,DefineShapeTag,,,,
1716,DefineBitsLossless2Tag,,,18,17
1717,DefineShapeTag,,,,
1718,DefineBitsLossless2Tag,,,18,17
1719,DefineShapeTag,,,,
1720,DefineSpriteTag,,170,,
1721,DefineBitsLossless2Tag,,,26,26
1722,DefineShapeTag,,,,
1723,DefineSpriteTag,,20,,
1724,DefineSpriteTag,,1,,
1725,DefineSpriteTag,treasureChest,90,,
1726,DefineBitsLossless2Tag,,,48,44
1727,DefineShapeTag,,,,
1728,DefineBitsLossless2Tag,,,48,44
1729,DefineShapeTag,,,,
1730,DefineBitsLossless2Tag,,,48,44
1731,DefineShapeTag,,,,
1732,DefineBitsLossless2Tag,,,48,44
1733,DefineShapeTag,,,,
1734,DefineBitsLossless2Tag,,,48,44
1735,DefineShapeTag,,,,
1736,DefineBitsLossless2Tag,,,48,44
1737,DefineShapeTag,,,,
1738,DefineBitsLossless2Tag,,,48,44
1739,DefineShapeTag,,,,
1740,DefineBitsLossless2Tag,,,48,44
1741,DefineShapeTag,,,,
1742,DefineBitsLossless2Tag,,,48,44
1743,DefineShapeTag,,,,
1744,DefineBitsLossless2Tag,,,48,44
1745,DefineShapeTag,,,,
1746,DefineBitsLossless2Tag,,,48,44
1747,DefineShapeTag,,,,
1748,DefineBitsLossless2Tag,,,48,44
1749,DefineShapeTag,,,,
1750,DefineBitsLossless2Tag,,,48,44
1751,DefineShapeTag,,,,
1752,DefineBitsLossless2Tag,,,48,44
1753,DefineShapeTag,,,,
1754,DefineBitsLossless2Tag,,,48,44
1755,DefineShapeTag,,,,
1756,DefineBitsLossless2Tag,,,48,44
1757,DefineShapeTag,,,,
1758,DefineBitsLossless2Tag,,,48,44
1759,DefineShapeTag,,,,
1760,DefineBitsLossless2Tag,,,48,44
1761,DefineShapeTag,,,,
1762,DefineBitsLossless2Tag,,,48,44
1763,DefineShapeTag,,,,
1764,DefineBitsLossless2Tag,,,48,44
1765,DefineShapeTag,,,,
1766,DefineBitsLossless2Tag,,,48,44
1767,DefineShapeTag,,,,
1768,DefineBitsLossless2Tag,,,48,44
1769,DefineShapeTag,,,,
1770,DefineBitsLossless2Tag,,,48,44
1771,DefineShapeTag,,,,
1772,DefineBitsLossless2Tag,,,48,44
1773,DefineShapeTag,,,,
1774,DefineBitsLossless2Tag,,,48,44
1775,DefineShapeTag,,,,
1776,DefineBitsLossless2Tag,,,48,44
1777,DefineShapeTag,,,,
1778,DefineBitsLossless2Tag,,,48,44
1779,DefineShapeTag,,,,
1780,DefineSpriteTag,splash,72,,
1781,DefineShapeTag,,,,
1782,DefineShapeTag,,,,
1783,DefineMorphShapeTag,,,,
1784,DefineShapeTag,,,,
1785,DefineSpriteTag,explosion,8,,
1786,DefineBitsLossless2Tag,,,22,22
1787,DefineShapeTag,,,,
1788,DefineBitsLossless2Tag,,,19,21
1789,DefineShapeTag,,,,
1790,DefineBitsLossless2Tag,,,20,10
1791,DefineShapeTag,,,,
1792,DefineBitsLossless2Tag,,,21,19
1793,DefineShapeTag,,,,
1794,DefineBitsLossless2Tag,,,19,21
1795,DefineShapeTag,,,,
1796,DefineBitsLossless2Tag,,,19,20
1797,DefineShapeTag,,,,
1798,DefineBitsLossless2Tag,,,31,21
1799,DefineShapeTag,,,,
1800,DefineBitsLossless2Tag,,,31,21
1801,DefineShapeTag,,,,
1802,DefineBitsLossless2Tag,,,31,21
1803,DefineShapeTag,,,,
1804,DefineBitsLossless2Tag,,,31,21
1805,DefineShapeTag,,,,
1806,DefineSpriteTag,,4,,
1807,DefineBitsLossless2Tag,,,19,19
1808,DefineShapeTag,,,,
1809,DefineBitsLossless2Tag,,,13,21
1810,DefineShapeTag,,,,
1811,DefineBitsLossless2Tag,,,16,16
1812,DefineShapeTag,,,,
1813,DefineSpriteTag,cursor,95,,
1814,DefineBitsLossless2Tag,,,20,20
1815,DefineShapeTag,,,,
1816,DefineShape3Tag,,,,
1817,DefineSpriteTag,cancel weapon button red,19,,
1818,DefineBitsLossless2Tag,,,20,20
1819,DefineShapeTag,,,,
1820,DefineSpriteTag,cancel weapon button blue,19,,
1821,DefineBitsLossless2Tag,,,24,36
1822,DefineShapeTag,,,,
1823,DefineBitsLossless2Tag,,,24,36
1824,DefineShapeTag,,,,
1825,DefineBitsLossless2Tag,,,18,9
1826,DefineShapeTag,,,,
1827,DefineSpriteTag,,1,,
1828,DefineShape3Tag,,,,
1829,DefineBitsLossless2Tag,,,24,36
1830,DefineShapeTag,,,,
1831,DefineSpriteTag,weapons icon,50,,
1832,DefineBitsLossless2Tag,,,86,57
1833,DefineShapeTag,,,,
1834,DefineBitsLossless2Tag,,,86,57
1835,DefineShapeTag,,,,
1836,DefineShape3Tag,,,,
1837,DefineBitsLossless2Tag,,,86,57
1838,DefineShapeTag,,,,
1839,DefineSpriteTag,weapons button copy,46,,
1840,DefineBitsLossless2Tag,,,86,57
1841,DefineShapeTag,,,,
1842,DefineBitsLossless2Tag,,,86,57
1843,DefineShapeTag,,,,
1844,DefineSpriteTag,finish turn button,38,,
1845,DefineBitsLossless2Tag,,,20,20
1846,DefineShapeTag,,,,
1847,DefineSpriteTag,cancel player button red,19,,
1848,DefineBitsLossless2Tag,,,20,20
1849,DefineShapeTag,,,,
1850,DefineSpriteTag,cancel player button blue,19,,
1851,DefineBitsLossless2Tag,,,271,247
1852,DefineShapeTag,,,,
1853,DefineBitsLossless2Tag,,,271,247
1854,DefineShapeTag,,,,
1855,DefineSpriteTag,weapon select,20,,
1856,DefineBitsLossless2Tag,,,8,8
1857,DefineShapeTag,,,,
1858,DefineSpriteTag,pin,1,,
1859,DefineBitsLossless2Tag,,,30,6
1860,DefineShapeTag,,,,
1861,DefineMorphShapeTag,,,,
1862,DefineShapeTag,,,,
1863,DefineShapeTag,,,,
1864,DefineSpriteTag,health,28,,
1865,DefineShapeTag,,,,
1866,DefineSpriteTag,,1,,
1867,DefineBitsLossless2Tag,,,16,23
1868,DefineShapeTag,,,,
1869,DefineSpriteTag,,22,,
1870,DefineBitsLossless2Tag,,,41,42
1871,DefineShapeTag,,,,
1872,DefineSpriteTag,,1,,
1873,DefineShapeTag,,,,
1874,DefineMorphShapeTag,,,,
1875,DefineShapeTag,,,,
1876,DefineShapeTag,,,,
1877,DefineSpriteTag,,28,,
1878,DefineBitsLossless2Tag,,,16,23
1879,DefineShapeTag,,,,
1880,DefineSpriteTag,,22,,
1881,DefineBitsLossless2Tag,,,24,23
1882,DefineShapeTag,,,,
1883,DefineSpriteTag,,22,,
1884,DefineSpriteTag,characterOverlay,30,,
1885,DefineShape3Tag,,,,
1886,DefineSpriteTag,,1,,
1887,DefineShape3Tag,,,,
1888,DefineSpriteTag,,1,,
1889,DefineShape3Tag,,,,
1890,DefineSpriteTag,,1,,
1891,DefineShape3Tag,,,,
1892,DefineSpriteTag,,1,,
1893,DefineShape3Tag,,,,
1894,DefineSpriteTag,,1,,
1895,DefineSpriteTag,map,1,,
1896,DefineSpriteTag,ingame text area,1,,
1897,DefineShape3Tag,,,,
1898,DefineSpriteTag,dottedLine,1,,
1899,DefineShape4Tag,,,,
1900,DefineSpriteTag,rangeCircle,1,,
1901,DefineSpriteTag,boat_ripple_4,16,,
1902,DefineShapeTag,,,,
1903,DefineBitsLossless2Tag,,,436,141
1904,DefineShape2Tag,,,,
1905,DefineShapeTag,,,,
1906,DefineBitsLossless2Tag,,,436,141
1907,DefineShapeTag,,,,
1908,DefineSpriteTag,,1,,
1909,DefineButton2Tag,,,,
1910,DefineSpriteTag,,89,,
1911,DefineShapeTag,,,,
1912,DefineBitsLossless2Tag,,,192,143
1913,DefineShapeTag,,,,
1914,DefineButton2Tag,,,,
1915,DefineBitsLossless2Tag,,,192,143
1916,DefineShapeTag,,,,
1917,DefineMorphShapeTag,,,,
1918,DefineMorphShapeTag,,,,
1919,DefineShapeTag,,,,
1920,DefineShapeTag,,,,
1921,DefineMorphShapeTag,,,,
1922,DefineSpriteTag,,89,,
1923,DefineBitsLossless2Tag,,,141,11
1924,DefineShapeTag,,,,
1925,DefineButton2Tag,,,,
1926,DefineBitsLossless2Tag,,,452,154
1927,DefineShapeTag,,,,
1928,DefineSpriteTag,,1,,
1929,DefineBitsLossless2Tag,,,462,352
1930,DefineShapeTag,,,,
1931,DefineBitsLossless2Tag,,,10,6
1932,DefineShapeTag,,,,
1933,DefineButton2Tag,,,,
1934,DefineBitsLossless2Tag,,,102,66
1935,DefineShape2Tag,,,,
1936,DefineShape4Tag,,,,
1937,DefineMorphShape2Tag,,,,
1938,DefineBitsLossless2Tag,,,24,23
1939,DefineShapeTag,,,,
1940,DefineBitsLossless2Tag,,,24,23
1941,DefineShape2Tag,,,,
1942,DefineBitsLossless2Tag,,,22,22
1943,DefineShapeTag,,,,
1944,DefineBitsLossless2Tag,,,12,21
1945,DefineShapeTag,,,,
1946,DefineSpriteTag,,1,,
1947,DefineShape4Tag,,,,
1948,DefineShapeTag,,,,
1949,DefineMorphShapeTag,,,,
1950,DefineMorphShape2Tag,,,,
1951,DefineShape4Tag,,,,
1952,DefineSpriteTag,,160,,
1953,DefineBitsLossless2Tag,,,460,350
1954,DefineShapeTag,,,,
1955,DefineBitsLossless2Tag,,,86,80
1956,DefineBitsLossless2Tag,,,86,80
1957,DefineShape2Tag,,,,
1958,DefineBitsLossless2Tag,,,460,350
1959,DefineShapeTag,,,,
1960,DefineShape2Tag,,,,
1961,DefineSpriteTag,,1,,
1962,DefineBitsLosslessTag,,,550,400
1963,DefineShapeTag,,,,
1964,DefineBitsLossless2Tag,,,75,42
1965,DefineBitsLossless2Tag,,,83,40
1966,DefineBitsLossless2Tag,,,100,48
1967,DefineBitsLossless2Tag,,,74,39
1968,DefineShape2Tag,,,,
1969,DefineSpriteTag,,1,,
1970,DefineBitsLossless2Tag,,,801,291
1971,DefineShape2Tag,,,,
1972,DefineSpriteTag,,1,,
1973,DefineBitsLossless2Tag,,,108,55
1974,DefineShape2Tag,,,,
1975,DefineSpriteTag,,1,,
1976,DefineBitsLossless2Tag,,,550,154
1977,DefineShape2Tag,,,,
1978,DefineSpriteTag,,1,,
1979,DefineShapeTag,,,,
1980,DefineSpriteTag,,1,,
1981,DefineBitsLosslessTag,,,550,400
1982,DefineShapeTag,,,,
1983,DefineBitsLossless2Tag,,,75,42
1984,DefineBitsLossless2Tag,,,83,40
1985,DefineBitsLossless2Tag,,,100,48
1986,DefineBitsLossless2Tag,,,74,39
1987,DefineShape2Tag,,,,
1988,DefineSpriteTag,,1,,
1989,DefineBitsLossless2Tag,,,801,291
1990,DefineShape2Tag,,,,
1991,DefineSpriteTag,,1,,
1992,DefineBitsLossless2Tag,,,108,55
1993,DefineShape2Tag,,,,
1994,DefineSpriteTag,,1,,
1995,DefineBitsLossless2Tag,,,550,154
1996,DefineShape2Tag,,,,
1997,DefineSpriteTag,,1,,
1998,DefineSpriteTag,,30,,
1999,DefineBitsLossless2Tag,,,22,21
2000,DefineBitsLossless2Tag,,,132,34
2001,DefineShape2Tag,,,,
2002,DefineMorphShapeTag,,,,
2003,DefineShapeTag,,,,
2004,DefineSpriteTag,,97,,
2005,DefineBitsLossless2Tag,,,132,34
2006,DefineShapeTag,,,,
2007,DefineBitsLossless2Tag,,,22,21
2008,DefineShapeTag,,,,
2009,DefineSpriteTag,,33,,
2010,DefineMorphShapeTag,,,,
2011,DefineSpriteTag,,97,,
2012,DefineSpriteTag,__Packages.com.nitrome.pirate.MenuBackgroundAnim,0,,
2013,DefineSpriteTag,__Packages.com.nitrome.game.Preloader,0,,
2014,DefineSpriteTag,__Packages.NitromeGame,0,,
2015,DefineSpriteTag,__Packages.com.nitrome.util.MD5,0,,
2016,DefineSpriteTag,__Packages.com.nitrome.game.TransitionTween,0,,
2017,DefineSpriteTag,__Packages.com.nitrome.buttons.SimpleButton,0,,
2018,DefineSpriteTag,__Packages.com.nitrome.buttons.QuitGameButton,0,,
2019,DefineSpriteTag,__Packages.com.nitrome.throwgame.Controller,0,,
2020,DefineSpriteTag,__Packages.com.nitrome.game.IngameTextArea,0,,
2021,DefineSpriteTag,__Packages.com.nitrome.throwgame.TileSystem,0,,
2022,DefineSpriteTag,__Packages.com.nitrome.util.Clip,0,,
2023,DefineSpriteTag,__Packages.com.nitrome.throwgame.Solid,0,,
2024,DefineSpriteTag,__Packages.com.nitrome.throwgame.Debris,0,,
2025,DefineSpriteTag,__Packages.com.senocular.drawing.DashedLine,0,,
2026,DefineSpriteTag,__Packages.com.nitrome.throwgame.Weapon,0,,
2027,DefineSpriteTag,__Packages.com.nitrome.util.Trig,0,,
2028,DefineSpriteTag,__Packages.com.nitrome.throwgame.BoxWeapon,0,,
2029,DefineSpriteTag,__Packages.com.nitrome.throwgame.GunpowderBarrel,0,,
2030,DefineSpriteTag,__Packages.com.nitrome.throwgame.Explosion,0,,
2031,DefineSpriteTag,__Packages.com.nitrome.throwgame.Team,0,,
2032,DefineSpriteTag,__Packages.com.nitrome.util.Global,0,,
2033,DefineSpriteTag,__Packages.com.nitrome.throwgame.WoodenCrate,0,,
2034,DefineSpriteTag,__Packages.com.nitrome.throwgame.TreasureChest,0,,
2035,DefineSpriteTag,__Packages.com.nitrome.game.SimpleButton,0,,
2036,DefineSpriteTag,__Packages.com.nitrome.game.WeaponSelectButton,0,,
2037,DefineSpriteTag,__Packages.com.nitrome.game.WeaponSelectPanel,0,,
2038,DefineSpriteTag,__Packages.com.nitrome.throwgame.Tile,0,,
2039,DefineSpriteTag,__Packages.com.nitrome.throwgame.Character,0,,
2040,DefineSpriteTag,__Packages.com.nitrome.throwgame.VoodooDoll,0,,
2041,DefineSpriteTag,__Packages.com.nitrome.throwgame.Seagull,0,,
2042,DefineSpriteTag,__Packages.com.nitrome.throwgame.Anchor,0,,
2043,DefineSpriteTag,__Packages.com.nitrome.throwgame.Banana,0,,
2044,DefineSpriteTag,__Packages.com.nitrome.throwgame.Boulder,0,,
2045,DefineSpriteTag,__Packages.com.nitrome.throwgame.Cannon,0,,
2046,DefineSpriteTag,__Packages.com.nitrome.throwgame.Cannonball,0,,
2047,DefineSpriteTag,__Packages.com.nitrome.throwgame.CherryBomb,0,,
2048,DefineSpriteTag,__Packages.com.nitrome.throwgame.Dynamite,0,,
2049,DefineSpriteTag,__Packages.com.nitrome.throwgame.Mine,0,,
2050,DefineSpriteTag,__Packages.com.nitrome.throwgame.ParachuteBomb,0,,
2051,DefineSpriteTag,__Packages.com.nitrome.throwgame.PiecesOfEight,0,,
2052,DefineSpriteTag,__Packages.com.nitrome.throwgame.RumBottle,0,,
2053,DefineSpriteTag,__Packages.com.nitrome.throwgame.SweepingFlame,0,,
2054,DefineSpriteTag,__Packages.com.nitrome.throwgame.TidalWave,0,,
2055,DefineSpriteTag,__Packages.mx.utils.Delegate,0,,
2056,DefineSpriteTag,__Packages.com.nitrome.throwgame.Water,0,,
2057,DefineSpriteTag,__Packages.com.nitrome.throwgame.SpeechBubble,0,,
2058,DefineSpriteTag,__Packages.com.nitrome.util.CustomCursor,0,,
2059,DefineSpriteTag,__Packages.com.nitrome.throwgame.Map,0,,
2060,DefineSpriteTag,__Packages.com.nitrome.game.IngamePopup,0,,
2061,DefineSpriteTag,__Packages.com.nitrome.buttons.CongratulationsButton,0,,
2062,DefineSpriteTag,__Packages.com.nitrome.buttons.SubmitScoreButton,0,,
2063,DefineSpriteTag,__Packages.com.nitrome.buttons.RestartLevelButton,0,,
2064,DefineSpriteTag,__Packages.com.nitrome.buttons.ContinueGameButton,0,,
2065,DefineSpriteTag,__Packages.com.nitrome.game.FxToggle,0,,
2066,DefineSpriteTag,__Packages.com.nitrome.game.MusicToggle,0,,
2067,DefineSpriteTag,__Packages.com.nitrome.game.CornerQuitButton,0,,
2068,DefineSpriteTag,__Packages.com.nitrome.game.SfxManager,0,,
2069,DefineSpriteTag,__Packages.com.nitrome.game.MusicController,0,,
2070,DefineSpriteTag,__Packages.com.nitrome.buttons.LevelSelect2p,0,,
2071,DefineSpriteTag,__Packages.com.nitrome.buttons.BackButton,0,,
2072,DefineSpriteTag,__Packages.com.nitrome.buttons.LevelSelectButton,0,,
2073,DefineSpriteTag,__Packages.com.nitrome.buttons.OnePlayerButton,0,,
2074,DefineSpriteTag,__Packages.com.nitrome.buttons.TwoPlayerButton,0,,
2075,DefineSpriteTag,__Packages.com.nitrome.buttons.PlayButton,0,,
2076,DefineSpriteTag,__Packages.com.nitrome.buttons.ScoresButton,0,,
2077,DefineSpriteTag,__Packages.com.nitrome.buttons.HelpButton,0,,
2078,DefineSpriteTag,__Packages.com.nitrome.buttons.CreditsButton,0,,
2079,DefineSpriteTag,__Packages.com.nitrome.highscore.SubmitButton,0,,
2080,DefineSpriteTag,__Packages.com.nitrome.highscore.ClearButton,0,,
2081,DefineSpriteTag,__Packages.com.nitrome.highscore.LetterButton,0,,
2082,DefineSpriteTag,__Packages.com.nitrome.highscore.ScoreSubmitPanel,0,,
2083,DefineSpriteTag,__Packages.com.nitrome.highscore.ArrowButton,0,,
2084,DefineSpriteTag,__Packages.com.nitrome.highscore.HiscoreLine,0,,
2085,DefineSpriteTag,__Packages.com.nitrome.highscore.HiscoreBoard,0,,
2086,DefineSpriteTag,__Packages.com.nitrome.util.Lock,0,,
2087,DefineSpriteTag,__Packages.com.nitrome.game.CancelWeaponButton,0,,
2088,DefineSpriteTag,__Packages.com.nitrome.game.CancelPlayerButton,0,,
2089,DefineSpriteTag,__Packages.com.nitrome.buttons.NextLevelButton,0,,
