"type","frame","width","height","opaque_pixels","colors","bounds","sha256"
"RobotCaptain","1","32","36","442","14","5,6,27,31","a0964a2a583adc5666126012174e78f28536604ab1bb58b2318fc2d9b967419a"
"RobotCaptain","2","32","36","442","14","5,6,27,31","a0964a2a583adc5666126012174e78f28536604ab1bb58b2318fc2d9b967419a"
"RobotCaptain","3","32","36","442","14","5,6,27,31","a0964a2a583adc5666126012174e78f28536604ab1bb58b2318fc2d9b967419a"
"RobotCaptain","4","32","36","421","15","4,7,27,31","d392e7a0913dc13d15e3f49e69854e79e5eb95664651fdbef07ca2f1fd6d09a5"
"RobotCaptain","5","32","36","421","15","4,7,27,31","d392e7a0913dc13d15e3f49e69854e79e5eb95664651fdbef07ca2f1fd6d09a5"
"RobotCaptain","6","32","36","421","15","4,7,27,31","d392e7a0913dc13d15e3f49e69854e79e5eb95664651fdbef07ca2f1fd6d09a5"
"RobotCaptain","7","32","36","442","14","5,6,27,31","a0964a2a583adc5666126012174e78f28536604ab1bb58b2318fc2d9b967419a"
"RobotCaptain","8","32","36","442","14","5,6,27,31","a0964a2a583adc5666126012174e78f28536604ab1bb58b2318fc2d9b967419a"
"RobotCaptain","9","32","36","442","14","5,6,27,31","a0964a2a583adc5666126012174e78f28536604ab1bb58b2318fc2d9b967419a"
"RobotCaptain","10","32","36","460","15","4,4,26,31","03f53dfa692fd7677b6cc925bc0e8c56ee976eb26840f186cb1b8241c5dbfe3c"
"RobotCaptain","11","32","36","460","15","4,4,26,31","03f53dfa692fd7677b6cc925bc0e8c56ee976eb26840f186cb1b8241c5dbfe3c"
"RobotCaptain","12","32","36","460","15","4,4,26,31","03f53dfa692fd7677b6cc925bc0e8c56ee976eb26840f186cb1b8241c5dbfe3c"
"RobotCaptain","13","32","36","0","0","empty separator","e0dec503d78552b15cb73941ed2169564b56f81d01b234c5bf035b44e785473e"
"RobotCaptain","14","32","36","0","0","empty separator","e0dec503d78552b15cb73941ed2169564b56f81d01b234c5bf035b44e785473e"
"RobotCaptain","15","32","36","446","15","3,7,26,31","64671232d4849bbb2b94fa65de597adcc0b1fdf84c5078b2b216e6d5c21f46fb"
"RobotCaptain","16","32","36","446","15","3,7,26,31","64671232d4849bbb2b94fa65de597adcc0b1fdf84c5078b2b216e6d5c21f46fb"
"RobotCaptain","17","32","36","446","15","3,7,26,31","64671232d4849bbb2b94fa65de597adcc0b1fdf84c5078b2b216e6d5c21f46fb"
"RobotCaptain","18","32","36","446","15","3,7,26,31","64671232d4849bbb2b94fa65de597adcc0b1fdf84c5078b2b216e6d5c21f46fb"
"RobotCaptain","19","32","36","446","15","3,7,26,31","64671232d4849bbb2b94fa65de597adcc0b1fdf84c5078b2b216e6d5c21f46fb"
"RobotCaptain","20","32","36","446","15","3,7,26,31","64671232d4849bbb2b94fa65de597adcc0b1fdf84c5078b2b216e6d5c21f46fb"
"RobotCaptain","21","32","36","437","13","4,7,26,31","85f439feaa5b8d2f0865478f92a6e41beb86cd5ea9f441e38c9ba5de4333ba59"
"RobotCaptain","22","32","36","437","13","4,7,26,31","85f439feaa5b8d2f0865478f92a6e41beb86cd5ea9f441e38c9ba5de4333ba59"
"RobotCaptain","23","32","36","437","13","4,7,26,31","85f439feaa5b8d2f0865478f92a6e41beb86cd5ea9f441e38c9ba5de4333ba59"
"RobotCaptain","24","32","36","437","13","4,7,26,31","85f439feaa5b8d2f0865478f92a6e41beb86cd5ea9f441e38c9ba5de4333ba59"
"RobotCaptain","25","32","36","437","13","4,7,26,31","85f439feaa5b8d2f0865478f92a6e41beb86cd5ea9f441e38c9ba5de4333ba59"
"RobotCaptain","26","32","36","445","15","4,6,27,31","035a4a044a3d47a26f4acea691503f2cb62866f3a7e7281c96de02efeade3803"
"RobotCaptain","27","32","36","445","15","4,6,27,31","035a4a044a3d47a26f4acea691503f2cb62866f3a7e7281c96de02efeade3803"
"RobotCaptain","28","32","36","445","15","4,6,27,31","035a4a044a3d47a26f4acea691503f2cb62866f3a7e7281c96de02efeade3803"
"RobotCaptain","29","32","36","445","15","4,6,27,31","035a4a044a3d47a26f4acea691503f2cb62866f3a7e7281c96de02efeade3803"
"RobotCaptain","30","32","36","445","15","4,6,27,31","035a4a044a3d47a26f4acea691503f2cb62866f3a7e7281c96de02efeade3803"
"RobotCaptain","31","32","36","442","14","5,6,27,31","a0964a2a583adc5666126012174e78f28536604ab1bb58b2318fc2d9b967419a"
"RobotCaptain","32","32","36","442","14","5,6,27,31","a0964a2a583adc5666126012174e78f28536604ab1bb58b2318fc2d9b967419a"
"RobotCaptain","33","32","36","442","14","5,6,27,31","a0964a2a583adc5666126012174e78f28536604ab1bb58b2318fc2d9b967419a"
"RobotCaptain","34","32","36","442","14","5,6,27,31","a0964a2a583adc5666126012174e78f28536604ab1bb58b2318fc2d9b967419a"
"RobotCaptain","35","32","36","442","14","5,6,27,31","a0964a2a583adc5666126012174e78f28536604ab1bb58b2318fc2d9b967419a"
"Robot","1","32","36","403","10","5,8,26,31","84c59b87e93cc721ed3df612f85f93d208064f267f0a9c696686231568b0a66b"
"Robot","2","32","36","403","10","5,8,26,31","84c59b87e93cc721ed3df612f85f93d208064f267f0a9c696686231568b0a66b"
"Robot","3","32","36","403","10","5,8,26,31","84c59b87e93cc721ed3df612f85f93d208064f267f0a9c696686231568b0a66b"
"Robot","4","32","36","372","10","5,10,27,31","39cf1f60b065d072bd2e1d7f02cb1fa91d5c4acd48c06bcf7580a3c599a3b251"
"Robot","5","32","36","372","10","5,10,27,31","39cf1f60b065d072bd2e1d7f02cb1fa91d5c4acd48c06bcf7580a3c599a3b251"
"Robot","6","32","36","372","10","5,10,27,31","39cf1f60b065d072bd2e1d7f02cb1fa91d5c4acd48c06bcf7580a3c599a3b251"
"Robot","7","32","36","403","10","5,8,26,31","84c59b87e93cc721ed3df612f85f93d208064f267f0a9c696686231568b0a66b"
"Robot","8","32","36","403","10","5,8,26,31","84c59b87e93cc721ed3df612f85f93d208064f267f0a9c696686231568b0a66b"
"Robot","9","32","36","403","10","5,8,26,31","84c59b87e93cc721ed3df612f85f93d208064f267f0a9c696686231568b0a66b"
"Robot","10","32","36","419","10","5,7,27,31","14a8601f56671617e481f5eaba9b563200d6c59c1e32b4115893b4918b03b895"
"Robot","11","32","36","419","10","5,7,27,31","14a8601f56671617e481f5eaba9b563200d6c59c1e32b4115893b4918b03b895"
"Robot","12","32","36","419","10","5,7,27,31","14a8601f56671617e481f5eaba9b563200d6c59c1e32b4115893b4918b03b895"
"Robot","13","32","36","0","0","empty separator","e0dec503d78552b15cb73941ed2169564b56f81d01b234c5bf035b44e785473e"
"Robot","14","32","36","0","0","empty separator","e0dec503d78552b15cb73941ed2169564b56f81d01b234c5bf035b44e785473e"
"Robot","15","32","36","416","10","4,8,27,31","6cbb575589b7435172d811c0f0181d8eda8b001f5d2dbaf5f3a787d8511718a6"
"Robot","16","32","36","416","10","4,8,27,31","6cbb575589b7435172d811c0f0181d8eda8b001f5d2dbaf5f3a787d8511718a6"
"Robot","17","32","36","416","10","4,8,27,31","6cbb575589b7435172d811c0f0181d8eda8b001f5d2dbaf5f3a787d8511718a6"
"Robot","18","32","36","416","10","4,8,27,31","6cbb575589b7435172d811c0f0181d8eda8b001f5d2dbaf5f3a787d8511718a6"
"Robot","19","32","36","416","10","4,8,27,31","6cbb575589b7435172d811c0f0181d8eda8b001f5d2dbaf5f3a787d8511718a6"
"Robot","20","32","36","416","10","4,8,27,31","6cbb575589b7435172d811c0f0181d8eda8b001f5d2dbaf5f3a787d8511718a6"
"Robot","21","32","36","396","10","5,9,27,31","846a5e238a4705b2dfd6b58520d7cc0d88efe897033aaf2b79f3c0d1a1f4332a"
"Robot","22","32","36","396","10","5,9,27,31","846a5e238a4705b2dfd6b58520d7cc0d88efe897033aaf2b79f3c0d1a1f4332a"
"Robot","23","32","36","396","10","5,9,27,31","846a5e238a4705b2dfd6b58520d7cc0d88efe897033aaf2b79f3c0d1a1f4332a"
"Robot","24","32","36","396","10","5,9,27,31","846a5e238a4705b2dfd6b58520d7cc0d88efe897033aaf2b79f3c0d1a1f4332a"
"Robot","25","32","36","396","10","5,9,27,31","846a5e238a4705b2dfd6b58520d7cc0d88efe897033aaf2b79f3c0d1a1f4332a"
"Robot","26","32","36","386","10","4,9,26,31","9c1842093390ab7d19ec02ff2e3822050f6f14167368e1993af793a31d4d45da"
"Robot","27","32","36","386","10","4,9,26,31","9c1842093390ab7d19ec02ff2e3822050f6f14167368e1993af793a31d4d45da"
"Robot","28","32","36","386","10","4,9,26,31","9c1842093390ab7d19ec02ff2e3822050f6f14167368e1993af793a31d4d45da"
"Robot","29","32","36","386","10","4,9,26,31","9c1842093390ab7d19ec02ff2e3822050f6f14167368e1993af793a31d4d45da"
"Robot","30","32","36","386","10","4,9,26,31","9c1842093390ab7d19ec02ff2e3822050f6f14167368e1993af793a31d4d45da"
"Robot","31","32","36","403","10","5,8,26,31","84c59b87e93cc721ed3df612f85f93d208064f267f0a9c696686231568b0a66b"
"Robot","32","32","36","403","10","5,8,26,31","84c59b87e93cc721ed3df612f85f93d208064f267f0a9c696686231568b0a66b"
"Robot","33","32","36","403","10","5,8,26,31","84c59b87e93cc721ed3df612f85f93d208064f267f0a9c696686231568b0a66b"
"Robot","34","32","36","403","10","5,8,26,31","84c59b87e93cc721ed3df612f85f93d208064f267f0a9c696686231568b0a66b"
"Robot","35","32","36","403","10","5,8,26,31","84c59b87e93cc721ed3df612f85f93d208064f267f0a9c696686231568b0a66b"
