"original_number","old_path","new_path","sha256","guid"
"1","Assets/Mutiny/Data/Levels/level_01.xml","Assets/Mutiny/Data/Levels/level_1_01.xml","9fd1803793dac7ba5b27b3f7773df541b99cc99cd79a2c823dce92d89a6e91e9","b06fc2e3fce664047a06d69d93b365d9"
"2","Assets/Mutiny/Data/Levels/level_02.xml","Assets/Mutiny/Data/Levels/level_1_02.xml","3fbe5750a7ce4e0b8c9ead48d75a99ee9b51739ce7b2bc681b9a4487cfb43baa","d76650a2d03538441bc53686fba40598"
"3","Assets/Mutiny/Data/Levels/level_03.xml","Assets/Mutiny/Data/Levels/level_1_03.xml","de6984242c882c8e080ca8c52fbb36faf9946b2ec7158168f117fa7ef4beef42","fd2a403b87d095744bf1333a8eba4006"
"4","Assets/Mutiny/Data/Levels/level_04.xml","Assets/Mutiny/Data/Levels/level_1_04.xml","e7582d1e1f97a40b04f31b12558a204a81d48d27e02dd4afcb0b528d2ed9aed9","73c2b551899195d409c42e418108ef47"
"5","Assets/Mutiny/Data/Levels/level_05.xml","Assets/Mutiny/Data/Levels/level_1_05.xml","feb4079588e6a1cfa354ea8c59b95da182010b13102775b604b267d6876d42d2","4490be93b64598446bf7b888ed39f67d"
"6","Assets/Mutiny/Data/Levels/level_06.xml","Assets/Mutiny/Data/Levels/level_1_06.xml","d1060783bd0577f4de2b6b6bdc925efe0f538dfb44908552a7faeb51374c5b05","7624ab905f4568d4a8c363a381b040e6"
"7","Assets/Mutiny/Data/Levels/level_07.xml","Assets/Mutiny/Data/Levels/level_1_07.xml","60d782443fd684a96f3b82908cf36b9d95547eb4f2eda77907542d5e72921ef8","e334f9f03a909694787385c77545eb2b"
"8","Assets/Mutiny/Data/Levels/level_08.xml","Assets/Mutiny/Data/Levels/level_1_08.xml","80db40ed7bc78e64c1f44f18300fb12de1a24125920ffca0ab9c82b5a49d65a6","2a281fb53fa3ea3458643c8f93aed9f2"
"9","Assets/Mutiny/Data/Levels/level_09.xml","Assets/Mutiny/Data/Levels/level_1_09.xml","a8448baadebec30839b9f5e53c7ee34b9b424386b2a2ad30bc2f9c546dfdca12","0947ee9f0496c1247990ce3ab0a732cc"
"10","Assets/Mutiny/Data/Levels/level_10.xml","Assets/Mutiny/Data/Levels/level_1_10.xml","5f7c45e0526f69b9b1c8f8fba0b45a30acf47b69495f2e1075de5b9eaa99d575","ccb5553dbac1198449b298a9cb38487c"
"11","Assets/Mutiny/Data/Levels/level_11.xml","Assets/Mutiny/Data/Levels/level_1_11.xml","77aff963a1a5eade94372357fca52b402d1cbeb8b6ad5dfedd2ef78cb0beaddd","626cd138198782f40aa3ec6d493ae637"
"12","Assets/Mutiny/Data/Levels/level_12.xml","Assets/Mutiny/Data/Levels/level_1_12.xml","b7dd2d87226fc957deea2b41515de50aa2e66678237b0e6b75591c72f1825cc7","5813e046a8401b849873e1bee1160f15"
"13","Assets/Mutiny/Data/Levels/level_13.xml","Assets/Mutiny/Data/Levels/level_1_13.xml","fb144f6e9232ac3c1b6e5be87a51fcc56998980bb6aacada4c1ce0ce02765dbe","8f4f7f78d19bec740b29ea0730e5e4ff"
"14","Assets/Mutiny/Data/Levels/level_14.xml","Assets/Mutiny/Data/Levels/level_1_14.xml","2e4b46dcca833a549bf8b8586c589d64ae806d808760fc24a585aeb0fe8a15cd","153a4ba74ea2c6841b9ab2727a8c5e4c"
"15","Assets/Mutiny/Data/Levels/level_15.xml","Assets/Mutiny/Data/Levels/level_1_15.xml","6a4197737e9a95c9db78fa3ed7cee65e4f2a2efc5facd3e2a0b8a89cbcac38e8","6e0f821cadf927941b1512bdcbf0e825"
"16","Assets/Mutiny/Data/Levels/level_16.xml","Assets/Mutiny/Data/Levels/level_2_01.xml","c6bff23487cfb3f35b12bcd0e07e1afef4cd1241fcf480099d42f56edc88fdd6","c3627e62af62d2546864710c131dcabc"
"17","Assets/Mutiny/Data/Levels/level_17.xml","Assets/Mutiny/Data/Levels/level_2_02.xml","e4318a5f6491ea4ef0d211427bff99e350a43d0bc14516fe302df6d1c1159282","7b1977a0fddaea8408c009ea2dd0c520"
"18","Assets/Mutiny/Data/Levels/level_18.xml","Assets/Mutiny/Data/Levels/level_2_03.xml","72f61c506eb11064695208f664679e263ed3b3f6d7db7d41d57bdd57de8e3fb6","17ba375212d619b42a7874b79e712366"
"19","Assets/Mutiny/Data/Levels/level_19.xml","Assets/Mutiny/Data/Levels/level_2_04.xml","980a9b9518d4670e369b6b20f888d7d141befe04efbe11e774ed81c524538a2f","77b6d1736db17dc4687dafb3dee40cee"
"20","Assets/Mutiny/Data/Levels/level_20.xml","Assets/Mutiny/Data/Levels/level_2_05.xml","cdcc913214cac913a25c062812c1a3baca083ccf7bc354831165d1583c369cd3","e778f8531b53c7840b4813dd4117b459"
"21","Assets/Mutiny/Data/Levels/level_21.xml","Assets/Mutiny/Data/Levels/level_2_06.xml","d8bf4ffa76c953a3b70072589d041a6a031df61665232a926101089f3bea567a","3dd1d66c80bfa0a48bf2e1cb8e539247"
"22","Assets/Mutiny/Data/Levels/level_22.xml","Assets/Mutiny/Data/Levels/level_2_07.xml","1463d322472b8b614dc7045bfcefeaf7d8cb7c114ceb23a3df55ab7d322e17ad","dd9a1802bae4f604b9b4e263843d17c2"
"23","Assets/Mutiny/Data/Levels/level_23.xml","Assets/Mutiny/Data/Levels/level_2_08.xml","919e21946c6be57630aaea3582b2e65a0e18af19981b77a1d347f2822541b36d","caaf40afbd01d9d4f8430c4cca26325c"
"24","Assets/Mutiny/Data/Levels/level_24.xml","Assets/Mutiny/Data/Levels/level_2_09.xml","fabda990e67071c3d63e6c2326199805e5fb61320d53781314c5a9c19257cb74","7774c6a547676d7479bc54dd27e114fe"
"25","Assets/Mutiny/Data/Levels/level_25.xml","Assets/Mutiny/Data/Levels/level_2_10.xml","33a3f500d3e3ae7501c2d9e6103b600d5caa56c72846c68535eb601a598eccb2","cc6be0ab8f6a788439107a8730bde11a"
"26","Assets/Mutiny/Data/Levels/level_26.xml","Assets/Mutiny/Data/Levels/level_2_11.xml","ca3c4c4b278a89a4d659316ff1e78f50ebc28d70889b7da1e7ebc880c04b1a96","cf1625b7b19cb8148947295b55005324"
"27","Assets/Mutiny/Data/Levels/level_27.xml","Assets/Mutiny/Data/Levels/level_2_12.xml","ef1afe94b2350404a8d95f60721815d9f58271c7e4c5909ce411e0dd712fcf99","4ee48c7d56d45174cb78e2308141d80e"
"28","Assets/Mutiny/Data/Levels/level_28.xml","Assets/Mutiny/Data/Levels/level_2_13.xml","61bbe55054be12038e12981df20f3d122fa3cea1586ef2f67a9c2009caa57f4e","ad3127bb5a998df4ea8253a4c0bf51c1"
"29","Assets/Mutiny/Data/Levels/level_29.xml","Assets/Mutiny/Data/Levels/level_2_14.xml","cf121c648d3aba3f863defaa2fa7c69e4444620aa4d94a99ba921f46858aa3a3","cb78f370e670de44d9dde1a155da0941"
"30","Assets/Mutiny/Data/Levels/level_30.xml","Assets/Mutiny/Data/Levels/level_2_15.xml","070153e13c8f6e92f8f339ec9615bd7b10791410213c9ba9f3af1d6eac736ddf","452074ab2c33e2f4398c43d786adad8c"
"31","Assets/Mutiny/Data/Levels/level_31.xml","Assets/Mutiny/Data/Levels/level_2_16.xml","9d87b7e473fd901fc0a271b7d07bb49dc52d47f339e6f291fc069b9e4bcab8d5","b90c706cee5150b489ee9b57dcb9d6cc"
"32","Assets/Mutiny/Data/Levels/level_32.xml","Assets/Mutiny/Data/Levels/level_2_17.xml","e9f8dcb1a930fefa9e30492d2ab5d3b440f367aaaa2d1448c05e50ccf33cc973","671fd6817b16df5428022e382e56920c"
"33","Assets/Mutiny/Data/Levels/level_33.xml","Assets/Mutiny/Data/Levels/level_2_18.xml","894912030fde01a29d001ade7a66c875e760b81d12d542de16ad6e6e222a984d","cb43725b991b53e4cbc70ee24de856e7"
"1","Assets/Mutiny/Resources/Data/Levels/level_01.xml","Assets/Mutiny/Resources/Data/Levels/level_1_01.xml","9fd1803793dac7ba5b27b3f7773df541b99cc99cd79a2c823dce92d89a6e91e9","8a79b3979c550db4aa00b799c73f632c"
"2","Assets/Mutiny/Resources/Data/Levels/level_02.xml","Assets/Mutiny/Resources/Data/Levels/level_1_02.xml","3fbe5750a7ce4e0b8c9ead48d75a99ee9b51739ce7b2bc681b9a4487cfb43baa","0af67b253996c9842b61945796a8b3e3"
"3","Assets/Mutiny/Resources/Data/Levels/level_03.xml","Assets/Mutiny/Resources/Data/Levels/level_1_03.xml","de6984242c882c8e080ca8c52fbb36faf9946b2ec7158168f117fa7ef4beef42","3cfd1d30c7af936428c893dbf74d8e03"
"4","Assets/Mutiny/Resources/Data/Levels/level_04.xml","Assets/Mutiny/Resources/Data/Levels/level_1_04.xml","e7582d1e1f97a40b04f31b12558a204a81d48d27e02dd4afcb0b528d2ed9aed9","2526f596c63007648b66e6d9cf78547d"
"5","Assets/Mutiny/Resources/Data/Levels/level_05.xml","Assets/Mutiny/Resources/Data/Levels/level_1_05.xml","feb4079588e6a1cfa354ea8c59b95da182010b13102775b604b267d6876d42d2","7a467d7248fe222408e681ebe2941262"
"6","Assets/Mutiny/Resources/Data/Levels/level_06.xml","Assets/Mutiny/Resources/Data/Levels/level_1_06.xml","d1060783bd0577f4de2b6b6bdc925efe0f538dfb44908552a7faeb51374c5b05","5deec22ec01d8f94eaff61a7d0ce19d0"
"7","Assets/Mutiny/Resources/Data/Levels/level_07.xml","Assets/Mutiny/Resources/Data/Levels/level_1_07.xml","60d782443fd684a96f3b82908cf36b9d95547eb4f2eda77907542d5e72921ef8","551f21c1fdc2eaf4a911a6a0602ecd60"
"8","Assets/Mutiny/Resources/Data/Levels/level_08.xml","Assets/Mutiny/Resources/Data/Levels/level_1_08.xml","80db40ed7bc78e64c1f44f18300fb12de1a24125920ffca0ab9c82b5a49d65a6","ff957d6b66dfbe74893df181643c2576"
"9","Assets/Mutiny/Resources/Data/Levels/level_09.xml","Assets/Mutiny/Resources/Data/Levels/level_1_09.xml","a8448baadebec30839b9f5e53c7ee34b9b424386b2a2ad30bc2f9c546dfdca12","05db199c04175a44da3f256742321fa0"
"10","Assets/Mutiny/Resources/Data/Levels/level_10.xml","Assets/Mutiny/Resources/Data/Levels/level_1_10.xml","5f7c45e0526f69b9b1c8f8fba0b45a30acf47b69495f2e1075de5b9eaa99d575","42d91f35363d5c24d939bbc98dd528c5"
"11","Assets/Mutiny/Resources/Data/Levels/level_11.xml","Assets/Mutiny/Resources/Data/Levels/level_1_11.xml","77aff963a1a5eade94372357fca52b402d1cbeb8b6ad5dfedd2ef78cb0beaddd","d8782a07b3b5a9f4ba13a2cfe9a6fe12"
"12","Assets/Mutiny/Resources/Data/Levels/level_12.xml","Assets/Mutiny/Resources/Data/Levels/level_1_12.xml","b7dd2d87226fc957deea2b41515de50aa2e66678237b0e6b75591c72f1825cc7","c627abd9fd9b36a4e96c72e701fe4942"
"13","Assets/Mutiny/Resources/Data/Levels/level_13.xml","Assets/Mutiny/Resources/Data/Levels/level_1_13.xml","fb144f6e9232ac3c1b6e5be87a51fcc56998980bb6aacada4c1ce0ce02765dbe","b0c898ae83616f5498b9133a0a7b045c"
"14","Assets/Mutiny/Resources/Data/Levels/level_14.xml","Assets/Mutiny/Resources/Data/Levels/level_1_14.xml","2e4b46dcca833a549bf8b8586c589d64ae806d808760fc24a585aeb0fe8a15cd","e15b821f2e36faa4aad330675bc15786"
"15","Assets/Mutiny/Resources/Data/Levels/level_15.xml","Assets/Mutiny/Resources/Data/Levels/level_1_15.xml","6a4197737e9a95c9db78fa3ed7cee65e4f2a2efc5facd3e2a0b8a89cbcac38e8","734ab8d983feaa94f9c5dd4194dd260f"
"16","Assets/Mutiny/Resources/Data/Levels/level_16.xml","Assets/Mutiny/Resources/Data/Levels/level_2_01.xml","c6bff23487cfb3f35b12bcd0e07e1afef4cd1241fcf480099d42f56edc88fdd6","3aef81e2af202454894237fc16bb7855"
"17","Assets/Mutiny/Resources/Data/Levels/level_17.xml","Assets/Mutiny/Resources/Data/Levels/level_2_02.xml","e4318a5f6491ea4ef0d211427bff99e350a43d0bc14516fe302df6d1c1159282","266168710b1680640816430aa953c32c"
"18","Assets/Mutiny/Resources/Data/Levels/level_18.xml","Assets/Mutiny/Resources/Data/Levels/level_2_03.xml","72f61c506eb11064695208f664679e263ed3b3f6d7db7d41d57bdd57de8e3fb6","ebe3f1b8164e6b74fabe2e1c91ea35e5"
"19","Assets/Mutiny/Resources/Data/Levels/level_19.xml","Assets/Mutiny/Resources/Data/Levels/level_2_04.xml","980a9b9518d4670e369b6b20f888d7d141befe04efbe11e774ed81c524538a2f","b61dcf7ab9089fb47be35f1cfbceb33c"
"20","Assets/Mutiny/Resources/Data/Levels/level_20.xml","Assets/Mutiny/Resources/Data/Levels/level_2_05.xml","cdcc913214cac913a25c062812c1a3baca083ccf7bc354831165d1583c369cd3","fe3e0406a276a434caf0c0ba11c4ece5"
"21","Assets/Mutiny/Resources/Data/Levels/level_21.xml","Assets/Mutiny/Resources/Data/Levels/level_2_06.xml","d8bf4ffa76c953a3b70072589d041a6a031df61665232a926101089f3bea567a","1c2bdd8a78670fa44aac90ee6f521bc5"
"22","Assets/Mutiny/Resources/Data/Levels/level_22.xml","Assets/Mutiny/Resources/Data/Levels/level_2_07.xml","1463d322472b8b614dc7045bfcefeaf7d8cb7c114ceb23a3df55ab7d322e17ad","4292c7c79df52524daa899390fd02557"
"23","Assets/Mutiny/Resources/Data/Levels/level_23.xml","Assets/Mutiny/Resources/Data/Levels/level_2_08.xml","919e21946c6be57630aaea3582b2e65a0e18af19981b77a1d347f2822541b36d","2e79984fd85e8b248895c11dae8717ca"
"24","Assets/Mutiny/Resources/Data/Levels/level_24.xml","Assets/Mutiny/Resources/Data/Levels/level_2_09.xml","fabda990e67071c3d63e6c2326199805e5fb61320d53781314c5a9c19257cb74","f66aa4691b9f4be45b8d12a5ddab5013"
"25","Assets/Mutiny/Resources/Data/Levels/level_25.xml","Assets/Mutiny/Resources/Data/Levels/level_2_10.xml","33a3f500d3e3ae7501c2d9e6103b600d5caa56c72846c68535eb601a598eccb2","ebc541724be303541854afb04ee5d666"
"26","Assets/Mutiny/Resources/Data/Levels/level_26.xml","Assets/Mutiny/Resources/Data/Levels/level_2_11.xml","ca3c4c4b278a89a4d659316ff1e78f50ebc28d70889b7da1e7ebc880c04b1a96","576ca496f1e3993479ac4b2fa1d540ae"
"27","Assets/Mutiny/Resources/Data/Levels/level_27.xml","Assets/Mutiny/Resources/Data/Levels/level_2_12.xml","ef1afe94b2350404a8d95f60721815d9f58271c7e4c5909ce411e0dd712fcf99","fdaf00cfc288caf4a8a27df2447bac10"
"28","Assets/Mutiny/Resources/Data/Levels/level_28.xml","Assets/Mutiny/Resources/Data/Levels/level_2_13.xml","61bbe55054be12038e12981df20f3d122fa3cea1586ef2f67a9c2009caa57f4e","7a2ecf73f9374154581738b97aa81faf"
"29","Assets/Mutiny/Resources/Data/Levels/level_29.xml","Assets/Mutiny/Resources/Data/Levels/level_2_14.xml","cf121c648d3aba3f863defaa2fa7c69e4444620aa4d94a99ba921f46858aa3a3","f3f4eba5b8fa1c74daf70abea6f12f32"
"30","Assets/Mutiny/Resources/Data/Levels/level_30.xml","Assets/Mutiny/Resources/Data/Levels/level_2_15.xml","070153e13c8f6e92f8f339ec9615bd7b10791410213c9ba9f3af1d6eac736ddf","ba614872b22c5aa419b91ca10b42923d"
"31","Assets/Mutiny/Resources/Data/Levels/level_31.xml","Assets/Mutiny/Resources/Data/Levels/level_2_16.xml","9d87b7e473fd901fc0a271b7d07bb49dc52d47f339e6f291fc069b9e4bcab8d5","529c88d25dcb6af41b6797ec2bb76489"
"32","Assets/Mutiny/Resources/Data/Levels/level_32.xml","Assets/Mutiny/Resources/Data/Levels/level_2_17.xml","e9f8dcb1a930fefa9e30492d2ab5d3b440f367aaaa2d1448c05e50ccf33cc973","dd5ab957c3518d946aafd5e068753ce5"
"33","Assets/Mutiny/Resources/Data/Levels/level_33.xml","Assets/Mutiny/Resources/Data/Levels/level_2_18.xml","894912030fde01a29d001ade7a66c875e760b81d12d542de16ad6e6e222a984d","da39fdb95c9a9974bbcbdb035a607c7a"
