9;"BoundingBox"
12;"text_0"
15;"text_1"
18;"text_2"
21;"text_3"
24;"text_4"
27;"text_5"
30;"text_6"
33;"text_7"
36;"text_8"
39;"text_9"
42;"text_a"
45;"text_b"
48;"text_c"
51;"text_d"
54;"text_e"
57;"text_exclamation"
60;"text_f"
63;"text_g"
66;"text_h"
69;"text_i"
72;"text_j"
75;"text_k"
78;"text_l"
81;"text_m"
84;"text_n"
85;"text_o"
88;"text_p"
92;"text_q"
95;"text_question"
98;"text_r"
101;"text_s"
104;"text_space"
107;"text_stop"
110;"text_t"
113;"text_u"
116;"text_v"
119;"text_w"
122;"text_x"
125;"text_y"
128;"text_z"
129;"Defaults"
130;"UIObjectExtensions"
131;"UIObject"
136;"FocusRect"
137;"FocusManager"
138;"UIComponentExtensions"
139;"UIComponent"
142;"text_comma"
145;"text_apostrophe"
148;"text_hyphen"
149;"DangleFont"
167;"preloader"
191;"menu_background_anim"
195;"pir_0"
198;"pir_1"
201;"pir_2"
204;"pir_3"
207;"pir_4"
210;"pir_5"
213;"pir_6"
216;"pir_7"
219;"pir_8"
222;"pir_9"
225;"pir_a"
228;"pir_b"
231;"pir_c"
234;"pir_d"
237;"pir_e"
240;"pir_exclamation"
243;"pir_f"
246;"pir_g"
249;"pir_h"
252;"pir_i"
255;"pir_j"
258;"pir_k"
261;"pir_l"
264;"pir_m"
267;"pir_n"
270;"pir_o"
273;"pir_p"
276;"pir_q"
279;"pir_question"
282;"pir_r"
285;"pir_s"
288;"pir_space"
291;"pir_stop"
294;"pir_t"
297;"pir_u"
300;"pir_v"
303;"pir_w"
306;"pir_x"
309;"pir_y"
312;"pir_z"
315;"pir_hyphen"
318;"pir_comma"
319;"PirateFont"
2012;"__Packages.com.nitrome.pirate.MenuBackgroundAnim"
2013;"__Packages.com.nitrome.game.Preloader"
2014;"__Packages.NitromeGame"
2015;"__Packages.com.nitrome.util.MD5"
2016;"__Packages.com.nitrome.game.TransitionTween"
2017;"__Packages.com.nitrome.buttons.SimpleButton"
2018;"__Packages.com.nitrome.buttons.QuitGameButton"
2019;"__Packages.com.nitrome.throwgame.Controller"
2020;"__Packages.com.nitrome.game.IngameTextArea"
5;"__Packages.mx.core.UIObject"
150;"__Packages.mx.skins.SkinElement"
151;"__Packages.mx.styles.CSSTextStyles"
153;"__Packages.mx.styles.CSSStyleDeclaration"
152;"__Packages.mx.styles.StyleManager"
6;"__Packages.mx.core.UIComponent"
7;"__Packages.DangleFont"
2021;"__Packages.com.nitrome.throwgame.TileSystem"
2022;"__Packages.com.nitrome.util.Clip"
2023;"__Packages.com.nitrome.throwgame.Solid"
2024;"__Packages.com.nitrome.throwgame.Debris"
2025;"__Packages.com.senocular.drawing.DashedLine"
2026;"__Packages.com.nitrome.throwgame.Weapon"
2027;"__Packages.com.nitrome.util.Trig"
2028;"__Packages.com.nitrome.throwgame.BoxWeapon"
2029;"__Packages.com.nitrome.throwgame.GunpowderBarrel"
2030;"__Packages.com.nitrome.throwgame.Explosion"
2031;"__Packages.com.nitrome.throwgame.Team"
2032;"__Packages.com.nitrome.util.Global"
2033;"__Packages.com.nitrome.throwgame.WoodenCrate"
2034;"__Packages.com.nitrome.throwgame.TreasureChest"
2035;"__Packages.com.nitrome.game.SimpleButton"
2036;"__Packages.com.nitrome.game.WeaponSelectButton"
2037;"__Packages.com.nitrome.game.WeaponSelectPanel"
2038;"__Packages.com.nitrome.throwgame.Tile"
2039;"__Packages.com.nitrome.throwgame.Character"
2040;"__Packages.com.nitrome.throwgame.VoodooDoll"
2041;"__Packages.com.nitrome.throwgame.Seagull"
2042;"__Packages.com.nitrome.throwgame.Anchor"
2043;"__Packages.com.nitrome.throwgame.Banana"
2044;"__Packages.com.nitrome.throwgame.Boulder"
2045;"__Packages.com.nitrome.throwgame.Cannon"
2046;"__Packages.com.nitrome.throwgame.Cannonball"
2047;"__Packages.com.nitrome.throwgame.CherryBomb"
2048;"__Packages.com.nitrome.throwgame.Dynamite"
2049;"__Packages.com.nitrome.throwgame.Mine"
2050;"__Packages.com.nitrome.throwgame.ParachuteBomb"
2051;"__Packages.com.nitrome.throwgame.PiecesOfEight"
2052;"__Packages.com.nitrome.throwgame.RumBottle"
2053;"__Packages.com.nitrome.throwgame.SweepingFlame"
2054;"__Packages.com.nitrome.throwgame.TidalWave"
2055;"__Packages.mx.utils.Delegate"
2056;"__Packages.com.nitrome.throwgame.Water"
2057;"__Packages.com.nitrome.throwgame.SpeechBubble"
2058;"__Packages.com.nitrome.util.CustomCursor"
2059;"__Packages.com.nitrome.throwgame.Map"
2060;"__Packages.com.nitrome.game.IngamePopup"
2061;"__Packages.com.nitrome.buttons.CongratulationsButton"
2062;"__Packages.com.nitrome.buttons.SubmitScoreButton"
2063;"__Packages.com.nitrome.buttons.RestartLevelButton"
2064;"__Packages.com.nitrome.buttons.ContinueGameButton"
2065;"__Packages.com.nitrome.game.FxToggle"
2066;"__Packages.com.nitrome.game.MusicToggle"
2067;"__Packages.com.nitrome.game.CornerQuitButton"
2068;"__Packages.com.nitrome.game.SfxManager"
2069;"__Packages.com.nitrome.game.MusicController"
2070;"__Packages.com.nitrome.buttons.LevelSelect2p"
2071;"__Packages.com.nitrome.buttons.BackButton"
2072;"__Packages.com.nitrome.buttons.LevelSelectButton"
2073;"__Packages.com.nitrome.buttons.OnePlayerButton"
2074;"__Packages.com.nitrome.buttons.TwoPlayerButton"
2075;"__Packages.com.nitrome.buttons.PlayButton"
2076;"__Packages.com.nitrome.buttons.ScoresButton"
2077;"__Packages.com.nitrome.buttons.HelpButton"
2078;"__Packages.com.nitrome.buttons.CreditsButton"
2079;"__Packages.com.nitrome.highscore.SubmitButton"
2080;"__Packages.com.nitrome.highscore.ClearButton"
2081;"__Packages.com.nitrome.highscore.LetterButton"
2082;"__Packages.com.nitrome.highscore.ScoreSubmitPanel"
2083;"__Packages.com.nitrome.highscore.ArrowButton"
2084;"__Packages.com.nitrome.highscore.HiscoreLine"
2085;"__Packages.com.nitrome.highscore.HiscoreBoard"
2086;"__Packages.com.nitrome.util.Lock"
2087;"__Packages.com.nitrome.game.CancelWeaponButton"
2088;"__Packages.com.nitrome.game.CancelPlayerButton"
2089;"__Packages.com.nitrome.buttons.NextLevelButton"
154;"__Packages.mx.events.EventDispatcher"
155;"__Packages.mx.events.UIEventDispatcher"
156;"__Packages.mx.skins.ColoredSkinElement"
157;"__Packages.mx.core.ext.UIObjectExtensions"
158;"__Packages.mx.skins.halo.Defaults"
159;"__Packages.mx.managers.DepthManager"
160;"__Packages.mx.controls.SimpleButton"
161;"__Packages.mx.managers.SystemManager"
162;"__Packages.mx.managers.FocusManager"
163;"__Packages.mx.skins.halo.FocusRect"
164;"__Packages.mx.managers.OverlappedWindows"
165;"__Packages.mx.styles.CSSSetStyle"
166;"__Packages.mx.core.ext.UIComponentExtensions"
192;"__Packages.PirateFont"
321;"transition_tween"
330;"next_level"
333;"back to title"
335;"congrats_button"
337;"submit_score"
339;"restart_level"
341;"continue_game"
342;"popup"
349;"sfx toggle button"
354;"music toggle button"
358;"quit level button"
434;"sfx_manager"
436;"menu_music"
438;"game_music"
440;"music controller"
443;"grass_row_left"
446;"grass_row_middle"
449;"grass_row_right"
452;"sand_overlap_right_edge"
455;"sand_overlap_left_edge"
458;"grass_overlap_right_edge"
461;"grass_overlap_left_edge"
465;"speechBubble"
468;"cannon_port_1"
471;"cannon_port_2"
474;"cannon_port_3"
477;"ship_top_middle"
480;"ship_right_side_shaded_2"
483;"mast_end_right"
486;"mast_end_left"
489;"mast_tile"
492;"mast_middle_1"
495;"mast_middle_2"
498;"crows_nest_1"
501;"crows_nest_2"
504;"mast_top"
507;"mast_middle"
510;"mast_bottom"
513;"ship_end_1"
516;"ship_end_2"
519;"ship_end_3"
522;"ship_anchor_1"
525;"ship_anchor_2"
528;"ship_anchor_3"
531;"Ship_anchor_4"
534;"ship_right_facing_1"
537;"ship_right_facing_2"
540;"ship_right_facing_3"
543;"ship_right_facing_3_1"
546;"ship_right_facing_4"
549;"ship_right_facing_4_1"
552;"ship_tile_1"
555;"ship_tile_2"
558;"ship_left_facing_1"
561;"ship_left_facing_2"
564;"ship_left_facing_3"
567;"ship_left_side_shaded_4"
570;"clam"
573;"big_shell"
576;"ship_left_facing_5"
629;"level_select_2p"
631;"back_button"
669;"level_select_button"
672;"1p_button"
674;"2p_button"
676;"play_button"
678;"scores_button"
680;"help_button"
682;"credits_button"
707;"boat_ripple_2"
724;"boat_ripple_3"
741;"boat_ripple_1"
799;"back to title (congrats)"
802;"congrats_background_anim"
804;"submit_button2"
806;"clear_button"
809;"letter_button_a"
818;"score_submit_panel"
821;"next_arrow_button"
823;"arrow_button"
824;"score_line"
828;"hiscore_board"
835;"lock"
844;"cherryBomb"
850;"cannon"
853;"cannonball"
866;"cannonSmokeTrail"
872;"boulder"
881;"dynamite"
884;"piecesOfEight"
905;"sweepingFlame"
918;"rumBottle"
921;"banana"
939;"parachuteBomb"
965;"woodenCrate"
968;"gunpowderBarrel"
971;"seagullFire"
982;"seagull"
1003;"anchor"
1024;"mine"
1027;"voodooDoll"
1058;"tidalWave"
1061;"bone"
1064;"skull"
1065;"deadCharacter"
1077;"bluePirate"
1086;"tribe"
1097;"cabinBoy"
1106;"oldPirate"
1117;"rainbowBeard"
1126;"femalePirate"
1137;"blindPirate"
1148;"soldier"
1157;"bossGuy"
1166;"bossGuyZombie"
1175;"soldierCaptain"
1186;"blindPirateCaptain"
1197;"femalePirateCaptain"
1206;"rainbowBeardCaptain"
1217;"oldPirateCaptain"
1228;"cabinBoyCaptain"
1237;"tribeChief"
1248;"skeletonPirate"
1259;"skeletonPirateCaptain"
1270;"monkey"
1281;"crab"
1290;"shark"
1299;"squid"
1310;"parrot"
1321;"bluePirateCaptain"
1324;"redPirate"
1331;"redPirateCaptain"
1334;"middle_left"
1337;"middle_right"
1340;"top_right"
1343;"top_middle"
1346;"top_left"
1349;"bottom_right"
1352;"bottom_middle"
1355;"bottom_left"
1358;"tile1"
1361;"earth_bottom_middle_3"
1364;"earth_bottom_middle_2"
1367;"earth_bottom_single"
1370;"cave_outside_corner_bottom_left"
1373;"cave_middle_3"
1376;"cave_middle_2"
1379;"cave_middle_1"
1382;"cave_outside_corner_bottom_right"
1385;"cave_outside_corner_top_right"
1388;"shell_sand_top_single"
1391;"sand_top_single"
1394;"grass_top_single"
1397;"sand_overlap_both"
1400;"grass_overlap_both"
1403;"grass_overlap_left"
1406;"grass_overlap_right"
1409;"sand_overlap_left"
1412;"sand_overlap_right"
1415;"earth_single_collum"
1418;"shell_sand_top_left"
1421;"shell_sand_middle_2"
1424;"shell_sand_middle_1"
1427;"shell_sand_top_right"
1430;"blank_sand_middle_2"
1433;"blank_sand_middle_1"
1436;"blank_sand_top_left"
1439;"blank_sand_top_right"
1442;"rock_3"
1444;"cave_rock_3"
1447;"rock_2"
1449;"cave_rock_2"
1452;"rock_1"
1454;"cave_rock_1"
1457;"grass"
1459;"cave_grass"
1486;"cave_torch"
1489;"big_tree"
1492;"small_tree"
1495;"cave_inside_corner_bottom_right"
1498;"cave_outside_corner_top_left"
1501;"cave_inside_corner_bottom_left"
1504;"cave_inside_corner_top_left"
1507;"cave_inside_corner_top_right"
1510;"cave_edge_bottom"
1513;"cave_edge_top"
1516;"cave_edge_left"
1519;"cave_edge_right"
1522;"grass_top_middle_2"
1525;"grass_top_middle_1"
1528;"grass_top_left"
1531;"grass_top_right"
1534;"earth_edge_middle_2"
1537;"earth_edge_middle_1"
1540;"earth_edge_left"
1543;"earth_edge_right"
1546;"eartyh_bottom_middle"
1549;"earth_bottom_right"
1552;"earth_bottom_left"
1555;"single_grass_2"
1558;"single_grass_1"
1575;"tile_ripple_right"
1592;"tile_ripple_left"
1609;"tile_ripple_middle"
1651;"water"
1725;"treasureChest"
1780;"splash"
1785;"explosion"
1813;"cursor"
1817;"cancel weapon button red"
1820;"cancel weapon button blue"
1831;"weapons icon"
1839;"weapons button copy"
1844;"finish turn button"
1847;"cancel player button red"
1850;"cancel player button blue"
1855;"weapon select"
1858;"pin"
1864;"health"
1884;"characterOverlay"
1895;"map"
1896;"ingame text area"
1898;"dottedLine"
1900;"rangeCircle"
1901;"boat_ripple_4"
