"File","SHA256","Source"
"cannon.png","FC90B389F9889F3663D86A0C45FFE4B2DF4E2F869FDEB094C4A64719C7EE200C","tiles-generated.png"
"edge_bottom.png","479153F2D6DC8386C63F8B7A0BE535709B70747ACAEB86440CAF83B3D30E1951","tiles-generated.png"
"edge_left.png","586934C938EF3F83089A6349FA6230F2D3A24B610955F009261B14149E76A551","tiles-generated.png"
"edge_right.png","1C42435EE08D4B3242A46A45D94092D5ED0F152BE048E54F3A9DA4BD0990CAB1","tiles-generated.png"
"edge_top.png","D564408FB59946C463506764F19A85B9054720442E37572DDABD3566E2F6EDB5","tiles-generated.png"
"galaxy.png","4CB702080E512C13FCAAD2540F5D4BE9323032A6481E2E6CEDADA13AC09A127C","galaxy-generated.png"
"hull_a.png","724B01DB77EE3D4B7FD6984E22993B5E464E127C01878B76C98B74A51308A655","tiles-generated.png"
"hull_b.png","2218E462FDEE7D94E87084D282935C427FA5666A8502B269F25B3605068538C7","tiles-generated.png"
"interior.png","4DC5973B0405F78C538476813162CE1BF1A9C934AA936F628325BA29BB2BAE86","tiles-generated.png"
"sky.png","42FCFC2F58D707DE836EB9E637A3E5082AA226819CBF9E857C44F52CABA827B0","sky-generated.png"
